customer_id,merchant_id,merchant_category,transaction_amount,transaction_date,transaction_time,state,payment_method,transaction_status,is_fraud,fraud_type
1376,200,Retail,459.54,2025-11-15,03:48:00,CA,Mobile Wallet,Approved,False,None
1023,232,Travel,331.27,2026-03-21,17:55:00,TX,Mobile Wallet,Approved,False,None
1052,249,Travel,1014.44,2026-06-10,06:12:00,CA,Debit Card,Approved,False,None
1407,207,Retail,170.24,2026-05-06,11:50:00,TX,Credit Card,Approved,False,None
1404,215,Retail,466.28,2025-11-27,02:19:00,NY,Debit Card,Approved,False,None
1364,220,Grocery,1485.4,2026-02-08,12:46:00,IL,Debit Card,Approved,False,None
1425,200,Gas,1835.87,2025-10-17,04:01:00,CA,Credit Card,Approved,False,None
1131,224,Gas,1852.35,2026-05-15,18:03:00,FL,Mobile Wallet,Approved,False,None
1466,241,Gas,933.72,2025-08-13,01:52:00,FL,Debit Card,Approved,False,None
1045,250,Grocery,373.94,2025-11-12,10:44:00,IL,Debit Card,Approved,False,None
1245,246,Gas,256.94,2025-10-26,15:04:00,TX,Credit Card,Approved,False,None
1013,231,Electronics,865.58,2026-05-24,20:52:00,NY,Mobile Wallet,Approved,False,None
1259,215,Restaurant,1942.15,2025-12-30,09:55:00,FL,Debit Card,Approved,False,None
1200,202,Travel,1018.49,2026-05-03,09:16:00,IL,Credit Card,Approved,False,None
1099,223,Travel,1431.41,2025-07-13,08:02:00,CA,Mobile Wallet,Approved,False,None
1216,218,Retail,541.75,2025-09-18,02:37:00,TX,Mobile Wallet,Approved,False,None
1177,247,Electronics,1893.41,2025-07-22,11:56:00,CA,Debit Card,Approved,False,None
1059,237,Restaurant,853.4,2025-11-25,10:33:00,IL,Credit Card,Approved,False,None
1033,222,Gas,1047.68,2026-05-10,22:20:00,CA,Mobile Wallet,Approved,False,None
1242,201,Gas,1338.19,2025-11-25,16:32:00,TX,Credit Card,Approved,False,None
1051,230,Travel,156.65,2026-05-20,02:53:00,TX,Mobile Wallet,Approved,False,None
1290,217,Restaurant,1073.54,2026-05-08,05:14:00,TX,Debit Card,Approved,False,None
1061,244,Grocery,482.37,2025-08-02,01:56:00,TX,Credit Card,Approved,False,None
1260,233,Travel,1823.32,2026-06-06,09:13:00,NY,Credit Card,Approved,False,None
1121,249,Gas,638.51,2026-03-21,14:39:00,TX,Debit Card,Approved,False,None
1418,244,Gas,41.88,2025-10-25,07:54:00,CA,Credit Card,Approved,False,None
1295,221,Grocery,246.51,2025-12-16,15:36:00,FL,Credit Card,Approved,False,None
1027,248,Gas,376.24,2026-01-17,05:11:00,NY,Debit Card,Approved,False,None
1413,204,Travel,974.29,2026-06-23,18:47:00,TX,Debit Card,Approved,False,None
1244,209,Gas,1157.96,2026-05-26,08:27:00,IL,Credit Card,Approved,False,None
1275,224,Retail,223.29,2026-03-13,07:41:00,TX,Debit Card,Approved,False,None
1008,240,Travel,1153.15,2025-07-19,08:49:00,NY,Credit Card,Approved,True,Account Takeover
1254,211,Restaurant,1862.24,2025-09-18,08:55:00,TX,Credit Card,Approved,False,None
1458,248,Restaurant,577.46,2025-12-23,16:41:00,FL,Debit Card,Approved,False,None
1117,223,Travel,429.19,2026-02-25,22:58:00,NY,Credit Card,Approved,False,None
1408,208,Electronics,964.7,2026-06-15,22:10:00,FL,Mobile Wallet,Approved,False,None
1431,211,Travel,140.34,2026-05-20,09:08:00,TX,Mobile Wallet,Approved,False,None
1208,219,Gas,1712.21,2026-05-09,12:16:00,FL,Credit Card,Approved,False,None
1131,226,Gas,998.1,2026-02-06,17:55:00,IL,Debit Card,Approved,False,None
1126,211,Retail,549.54,2026-02-13,11:35:00,CA,Mobile Wallet,Approved,False,None
1473,227,Electronics,124.34,2026-03-26,12:13:00,IL,Debit Card,Approved,False,None
1399,237,Retail,970.29,2025-12-03,23:09:00,NY,Debit Card,Approved,False,None
1189,216,Gas,395.63,2026-01-16,06:01:00,TX,Mobile Wallet,Approved,False,None
1190,230,Electronics,821.41,2026-06-23,09:40:00,TX,Debit Card,Approved,True,Friendly Fraud
1124,240,Grocery,733.35,2026-05-18,11:33:00,IL,Mobile Wallet,Approved,False,None
1171,216,Grocery,1956.12,2026-06-09,10:53:00,NY,Mobile Wallet,Approved,False,None
1001,215,Grocery,1303.93,2026-04-01,16:58:00,FL,Credit Card,Approved,False,None
1251,234,Electronics,279.08,2025-07-09,04:48:00,CA,Mobile Wallet,Approved,False,None
1210,246,Retail,932.24,2025-10-11,06:05:00,IL,Mobile Wallet,Approved,False,None
1149,208,Grocery,522.27,2025-11-24,18:08:00,FL,Credit Card,Approved,False,None
1276,209,Electronics,1845.29,2026-06-18,14:07:00,TX,Debit Card,Approved,False,None
1146,208,Electronics,388.42,2026-01-19,16:06:00,TX,Mobile Wallet,Approved,False,None
1021,246,Gas,331.05,2026-04-28,17:47:00,FL,Mobile Wallet,Approved,False,None
1042,217,Electronics,1232.59,2026-04-17,23:16:00,TX,Mobile Wallet,Approved,False,None
1403,212,Electronics,1509.5,2025-11-27,16:00:00,NY,Mobile Wallet,Approved,False,None
1210,214,Restaurant,716.87,2025-12-07,23:48:00,IL,Mobile Wallet,Approved,False,None
1479,220,Grocery,196.0,2026-04-12,04:09:00,NY,Mobile Wallet,Approved,False,None
1361,246,Restaurant,1958.07,2025-11-19,16:41:00,IL,Debit Card,Approved,False,None
1184,200,Restaurant,822.46,2025-09-06,16:46:00,TX,Debit Card,Approved,False,None
1212,219,Restaurant,669.56,2025-07-08,13:48:00,IL,Debit Card,Approved,False,None
1413,229,Travel,776.67,2025-08-02,13:28:00,FL,Mobile Wallet,Approved,False,None
1321,220,Restaurant,1132.51,2025-09-16,09:42:00,NY,Debit Card,Approved,False,None
1009,224,Travel,358.54,2026-06-03,12:07:00,NY,Credit Card,Approved,False,None
1359,222,Retail,1729.25,2025-07-22,10:55:00,IL,Credit Card,Approved,False,None
1212,233,Travel,1227.01,2025-08-26,12:22:00,TX,Debit Card,Approved,False,None
1121,246,Travel,1929.9,2025-12-05,02:04:00,TX,Credit Card,Approved,False,None
1117,241,Electronics,1487.35,2026-01-18,06:02:00,TX,Debit Card,Approved,True,Stolen Card
1454,222,Grocery,1581.56,2025-09-22,02:45:00,CA,Credit Card,Approved,False,None
1342,219,Restaurant,510.61,2026-05-09,12:10:00,FL,Debit Card,Approved,False,None
1048,246,Grocery,1857.62,2025-11-30,16:21:00,FL,Debit Card,Approved,False,None
1084,236,Electronics,1460.88,2026-03-23,23:40:00,IL,Debit Card,Approved,False,None
1277,232,Restaurant,995.86,2026-05-17,01:47:00,FL,Debit Card,Approved,False,None
1079,210,Grocery,1492.58,2026-03-15,16:28:00,FL,Mobile Wallet,Approved,False,None
1046,246,Gas,523.88,2025-12-15,15:09:00,CA,Credit Card,Approved,False,None
1280,234,Restaurant,248.56,2026-02-23,04:51:00,FL,Mobile Wallet,Approved,False,None
1367,238,Restaurant,1397.69,2025-10-23,08:25:00,CA,Credit Card,Approved,False,None
1211,210,Gas,567.16,2025-07-28,07:57:00,NY,Mobile Wallet,Approved,False,None
1471,206,Gas,856.62,2025-08-23,23:34:00,FL,Mobile Wallet,Approved,False,None
1481,201,Restaurant,1076.69,2026-01-21,20:59:00,TX,Debit Card,Approved,False,None
1386,249,Restaurant,1909.69,2025-08-20,21:42:00,TX,Credit Card,Approved,False,None
1447,238,Travel,1976.09,2025-09-28,05:22:00,TX,Debit Card,Approved,False,None
1213,250,Electronics,24.39,2026-03-14,12:47:00,IL,Mobile Wallet,Approved,False,None
1253,246,Retail,778.02,2025-11-16,04:43:00,CA,Debit Card,Approved,False,None
1202,238,Restaurant,1942.6,2025-09-15,17:09:00,IL,Debit Card,Approved,False,None
1379,221,Restaurant,146.55,2026-03-06,23:17:00,NY,Debit Card,Approved,False,None
1063,205,Electronics,1233.23,2025-12-02,14:54:00,NY,Credit Card,Approved,False,None
1350,231,Travel,689.54,2026-03-28,01:33:00,TX,Debit Card,Approved,False,None
1087,201,Electronics,44.75,2025-08-06,01:57:00,NY,Debit Card,Approved,False,None
1317,211,Retail,1750.95,2026-01-21,20:21:00,NY,Credit Card,Approved,False,None
1390,248,Retail,221.24,2026-05-15,07:39:00,IL,Mobile Wallet,Approved,False,None
1059,218,Grocery,488.85,2025-08-03,16:37:00,CA,Credit Card,Approved,False,None
1044,211,Grocery,142.68,2026-01-11,03:17:00,NY,Mobile Wallet,Approved,False,None
1440,209,Retail,1813.56,2025-07-06,00:15:00,IL,Mobile Wallet,Approved,False,None
1176,206,Retail,1627.94,2026-04-04,17:53:00,FL,Credit Card,Approved,False,None
1091,206,Grocery,1422.76,2025-12-26,01:50:00,FL,Debit Card,Approved,False,None
1248,214,Retail,1298.11,2025-07-06,10:54:00,IL,Mobile Wallet,Approved,True,Friendly Fraud
1294,210,Gas,1854.42,2025-06-28,06:53:00,FL,Mobile Wallet,Approved,False,None
1122,230,Restaurant,369.77,2025-07-27,12:21:00,CA,Mobile Wallet,Approved,False,None
1287,213,Restaurant,1549.8,2025-10-10,19:57:00,IL,Credit Card,Approved,False,None
1207,219,Retail,537.51,2026-06-08,10:19:00,TX,Debit Card,Approved,False,None
1108,218,Grocery,1501.22,2026-05-27,23:30:00,CA,Credit Card,Approved,False,None
1462,237,Retail,638.1,2025-09-24,01:52:00,TX,Debit Card,Approved,False,None
1395,250,Grocery,1674.28,2025-07-18,19:29:00,CA,Mobile Wallet,Approved,False,None
1310,202,Gas,1286.7,2025-10-01,17:02:00,IL,Credit Card,Approved,False,None
1315,211,Electronics,861.26,2025-10-29,09:02:00,NY,Credit Card,Approved,False,None
1400,221,Electronics,441.03,2026-04-23,14:02:00,NY,Debit Card,Approved,False,None
1278,237,Retail,1032.81,2025-10-14,17:07:00,FL,Mobile Wallet,Approved,False,None
1130,209,Grocery,122.47,2026-01-04,17:47:00,CA,Credit Card,Approved,False,None
1158,231,Travel,1424.01,2025-08-31,15:33:00,NY,Mobile Wallet,Approved,False,None
1287,238,Electronics,267.41,2025-07-09,03:21:00,CA,Mobile Wallet,Approved,False,None
1265,236,Grocery,663.51,2026-04-28,23:29:00,NY,Credit Card,Approved,False,None
1263,203,Grocery,1304.6,2026-01-18,12:56:00,TX,Credit Card,Approved,False,None
1069,243,Grocery,33.86,2025-08-31,23:33:00,FL,Debit Card,Approved,False,None
1393,217,Travel,1684.54,2026-05-27,18:29:00,TX,Debit Card,Approved,False,None
1198,245,Travel,1070.32,2026-05-24,18:10:00,TX,Mobile Wallet,Approved,False,None
1001,249,Electronics,308.88,2025-11-19,21:52:00,IL,Debit Card,Approved,False,None
1173,225,Gas,1053.72,2026-03-17,02:25:00,CA,Debit Card,Approved,False,None
1459,249,Travel,1764.02,2025-08-06,16:13:00,TX,Mobile Wallet,Approved,False,None
1200,222,Travel,953.99,2025-09-15,01:48:00,TX,Mobile Wallet,Approved,False,None
1030,221,Restaurant,1927.11,2026-01-31,22:13:00,NY,Mobile Wallet,Approved,False,None
1079,214,Grocery,684.36,2026-03-24,11:15:00,IL,Mobile Wallet,Approved,False,None
1461,213,Restaurant,772.48,2026-04-14,01:27:00,CA,Debit Card,Approved,False,None
1215,224,Retail,837.1,2026-06-14,15:34:00,NY,Credit Card,Approved,False,None
1188,218,Gas,1306.4,2026-02-06,13:32:00,NY,Credit Card,Approved,False,None
1214,240,Travel,366.1,2026-02-02,02:55:00,TX,Debit Card,Approved,False,None
1105,227,Retail,806.42,2026-06-21,12:53:00,CA,Mobile Wallet,Approved,False,None
1274,200,Restaurant,1902.4,2026-01-01,09:53:00,NY,Debit Card,Approved,False,None
1313,200,Electronics,909.75,2026-02-21,23:21:00,TX,Debit Card,Approved,False,None
1283,210,Gas,385.84,2026-03-04,08:52:00,TX,Credit Card,Approved,False,None
1321,206,Electronics,205.45,2025-11-29,21:05:00,CA,Debit Card,Approved,False,None
1061,218,Restaurant,1734.43,2025-09-28,23:15:00,NY,Credit Card,Approved,False,None
1394,240,Restaurant,1590.23,2026-06-13,04:31:00,CA,Mobile Wallet,Approved,False,None
1309,231,Restaurant,705.5,2026-06-02,18:57:00,FL,Debit Card,Approved,False,None
1384,247,Restaurant,1700.5,2026-02-07,08:57:00,IL,Mobile Wallet,Approved,False,None
1102,220,Grocery,745.09,2025-08-07,01:18:00,CA,Credit Card,Approved,False,None
1387,240,Travel,927.23,2025-07-30,13:04:00,CA,Credit Card,Approved,False,None
1089,247,Travel,1713.14,2025-10-22,16:46:00,NY,Credit Card,Approved,False,None
1483,210,Restaurant,1127.51,2026-01-14,13:00:00,CA,Credit Card,Approved,False,None
1046,232,Electronics,1494.01,2025-10-12,09:29:00,NY,Mobile Wallet,Approved,False,None
1415,210,Gas,531.77,2026-03-17,00:33:00,TX,Credit Card,Approved,False,None
1434,249,Gas,1067.69,2025-12-27,12:49:00,CA,Credit Card,Approved,False,None
1244,240,Grocery,578.09,2026-06-11,13:17:00,TX,Mobile Wallet,Approved,False,None
1275,228,Gas,1755.24,2026-04-21,23:12:00,FL,Credit Card,Approved,False,None
1037,220,Retail,768.29,2025-12-09,15:13:00,NY,Debit Card,Approved,False,None
1351,214,Grocery,1972.51,2026-03-30,13:12:00,CA,Mobile Wallet,Approved,True,Friendly Fraud
1333,202,Restaurant,1689.18,2026-05-22,14:10:00,CA,Debit Card,Approved,False,None
1014,250,Restaurant,557.57,2026-03-21,06:31:00,CA,Mobile Wallet,Approved,False,None
1051,228,Gas,1697.38,2025-12-16,04:12:00,IL,Debit Card,Approved,False,None
1214,245,Retail,1663.06,2026-04-12,03:53:00,CA,Mobile Wallet,Approved,False,None
1298,200,Gas,1136.33,2026-03-17,22:52:00,NY,Debit Card,Approved,False,None
1463,237,Restaurant,89.52,2026-01-11,21:22:00,TX,Credit Card,Approved,False,None
1363,209,Restaurant,1738.05,2026-04-10,20:20:00,FL,Mobile Wallet,Approved,False,None
1095,220,Travel,1568.18,2025-07-29,09:29:00,CA,Debit Card,Approved,False,None
1363,230,Restaurant,1900.3,2026-04-17,12:34:00,NY,Mobile Wallet,Approved,False,None
1132,202,Travel,1220.5,2026-02-04,08:18:00,IL,Debit Card,Approved,False,None
1303,218,Grocery,660.52,2025-12-19,02:26:00,IL,Credit Card,Approved,False,None
1254,240,Retail,1292.31,2025-12-11,10:18:00,IL,Debit Card,Approved,False,None
1310,226,Retail,106.45,2025-08-27,09:39:00,NY,Credit Card,Approved,False,None
1383,249,Gas,606.75,2026-05-05,09:47:00,TX,Debit Card,Approved,False,None
1341,233,Restaurant,817.5,2026-01-12,15:45:00,CA,Mobile Wallet,Approved,False,None
1368,249,Gas,1287.26,2025-12-13,15:51:00,IL,Debit Card,Approved,False,None
1047,201,Restaurant,903.25,2026-05-17,22:02:00,CA,Debit Card,Approved,False,None
1251,209,Gas,625.71,2026-01-30,09:20:00,IL,Mobile Wallet,Approved,False,None
1380,242,Electronics,578.56,2025-11-10,12:09:00,TX,Credit Card,Approved,False,None
1466,238,Electronics,1495.47,2025-11-25,11:18:00,FL,Mobile Wallet,Approved,False,None
1254,250,Grocery,949.56,2025-10-25,18:41:00,CA,Mobile Wallet,Approved,False,None
1012,213,Restaurant,740.63,2025-07-17,09:39:00,CA,Credit Card,Approved,False,None
1378,201,Travel,1814.97,2025-07-09,23:15:00,CA,Mobile Wallet,Approved,False,None
1236,211,Restaurant,694.36,2026-05-28,03:46:00,TX,Credit Card,Approved,False,None
1463,233,Grocery,383.58,2025-11-13,21:15:00,CA,Mobile Wallet,Approved,False,None
1250,233,Travel,876.41,2026-04-18,20:26:00,TX,Credit Card,Approved,False,None
1267,218,Electronics,1496.56,2025-07-01,19:46:00,IL,Mobile Wallet,Approved,False,None
1152,244,Restaurant,1387.69,2026-06-12,20:12:00,NY,Debit Card,Approved,False,None
1158,219,Grocery,1409.45,2025-06-24,02:04:00,NY,Mobile Wallet,Approved,False,None
1485,219,Travel,802.22,2025-11-01,23:55:00,NY,Debit Card,Approved,False,None
1264,236,Electronics,1394.1,2026-01-02,18:14:00,TX,Debit Card,Approved,False,None
1329,241,Restaurant,910.83,2025-07-14,00:33:00,FL,Credit Card,Approved,False,None
1334,215,Gas,389.33,2026-03-04,21:30:00,CA,Credit Card,Approved,False,None
1429,233,Retail,333.1,2025-12-25,13:37:00,CA,Debit Card,Approved,False,None
1383,246,Gas,38.13,2026-01-18,06:01:00,NY,Mobile Wallet,Approved,False,None
1145,208,Travel,1272.07,2025-08-25,14:52:00,IL,Debit Card,Approved,False,None
1023,236,Restaurant,1518.07,2025-08-29,23:36:00,CA,Credit Card,Approved,False,None
1433,209,Grocery,628.26,2025-10-13,17:38:00,CA,Credit Card,Approved,False,None
1445,250,Grocery,1734.71,2025-10-24,04:35:00,NY,Mobile Wallet,Approved,False,None
1477,202,Gas,1900.45,2025-11-02,15:27:00,FL,Debit Card,Approved,False,None
1362,232,Grocery,1283.63,2026-03-17,23:40:00,CA,Mobile Wallet,Approved,False,None
1196,243,Retail,195.84,2025-08-14,01:55:00,CA,Debit Card,Approved,False,None
1450,229,Travel,996.96,2026-03-30,21:44:00,NY,Mobile Wallet,Approved,False,None
1202,231,Restaurant,1195.92,2025-11-03,20:34:00,FL,Credit Card,Approved,False,None
1025,208,Gas,617.02,2025-08-06,06:23:00,TX,Mobile Wallet,Approved,False,None
1300,247,Electronics,1024.52,2026-04-22,22:14:00,FL,Debit Card,Approved,False,None
1139,205,Electronics,472.07,2025-10-03,22:50:00,IL,Debit Card,Approved,False,None
1498,233,Travel,484.44,2026-05-07,12:21:00,IL,Debit Card,Approved,False,None
1113,241,Travel,793.91,2026-01-06,00:27:00,FL,Mobile Wallet,Approved,False,None
1017,247,Retail,1816.55,2025-09-10,04:50:00,CA,Mobile Wallet,Approved,False,None
1471,206,Retail,1802.34,2026-01-02,19:10:00,CA,Debit Card,Approved,False,None
1248,250,Travel,965.4,2026-04-23,12:40:00,CA,Mobile Wallet,Approved,False,None
1169,235,Travel,1407.04,2026-06-18,00:29:00,NY,Credit Card,Approved,False,None
1334,227,Retail,1656.4,2025-09-01,14:53:00,CA,Credit Card,Approved,False,None
1059,235,Gas,1464.16,2025-10-26,17:56:00,CA,Debit Card,Approved,False,None
1446,232,Electronics,1761.08,2026-03-21,19:39:00,TX,Mobile Wallet,Approved,False,None
1474,229,Electronics,987.42,2025-12-29,16:37:00,FL,Credit Card,Approved,False,None
1499,201,Electronics,1896.4,2026-05-10,10:58:00,NY,Credit Card,Approved,False,None
1304,210,Restaurant,39.46,2025-10-26,04:57:00,TX,Mobile Wallet,Approved,False,None
1115,226,Travel,504.4,2026-04-03,19:19:00,IL,Debit Card,Approved,False,None
1377,222,Retail,1115.76,2025-09-16,08:28:00,CA,Debit Card,Approved,False,None
1398,202,Gas,484.98,2026-03-04,20:51:00,CA,Debit Card,Approved,False,None
1451,216,Gas,108.99,2026-06-14,16:08:00,FL,Debit Card,Approved,True,Friendly Fraud
1022,238,Restaurant,840.92,2026-03-30,00:56:00,CA,Mobile Wallet,Approved,False,None
1149,245,Retail,570.12,2025-10-03,01:03:00,FL,Mobile Wallet,Approved,False,None
1452,246,Electronics,1555.0,2026-03-06,09:07:00,TX,Mobile Wallet,Approved,False,None
1404,217,Travel,303.97,2026-02-15,09:38:00,TX,Debit Card,Approved,False,None
1301,227,Gas,242.36,2025-10-22,07:23:00,TX,Debit Card,Approved,False,None
1349,226,Retail,889.61,2026-02-02,04:18:00,TX,Mobile Wallet,Approved,False,None
1459,215,Grocery,1446.33,2025-08-27,03:11:00,IL,Debit Card,Approved,False,None
1311,239,Retail,1123.54,2025-12-07,02:01:00,NY,Mobile Wallet,Approved,False,None
1408,224,Grocery,1406.28,2025-07-05,05:09:00,CA,Mobile Wallet,Approved,True,Stolen Card
1020,227,Restaurant,401.08,2025-10-10,11:21:00,NY,Debit Card,Approved,False,None
1253,227,Gas,1105.95,2025-09-23,13:37:00,NY,Mobile Wallet,Approved,False,None
1345,226,Electronics,402.34,2025-10-11,10:17:00,NY,Debit Card,Approved,False,None
1031,206,Grocery,986.94,2025-10-29,21:12:00,NY,Credit Card,Approved,False,None
1122,242,Gas,1365.34,2025-07-07,16:04:00,TX,Mobile Wallet,Approved,False,None
1029,238,Restaurant,218.91,2025-11-16,07:11:00,NY,Debit Card,Approved,False,None
1398,208,Electronics,105.39,2025-10-30,19:39:00,NY,Credit Card,Approved,False,None
1333,201,Electronics,146.73,2026-03-03,08:51:00,CA,Credit Card,Approved,False,None
1211,244,Gas,335.89,2025-06-26,07:47:00,CA,Mobile Wallet,Approved,False,None
1077,244,Electronics,1772.42,2025-10-17,08:06:00,CA,Debit Card,Approved,False,None
1146,239,Gas,1644.29,2025-07-04,23:32:00,NY,Debit Card,Approved,False,None
1488,219,Grocery,416.36,2025-08-01,05:02:00,CA,Debit Card,Approved,False,None
1133,235,Travel,96.69,2026-03-21,15:43:00,FL,Debit Card,Approved,False,None
1238,240,Electronics,318.32,2025-09-09,00:54:00,NY,Mobile Wallet,Approved,False,None
1419,221,Restaurant,1902.4,2026-05-03,19:03:00,TX,Mobile Wallet,Approved,False,None
1223,209,Travel,1982.21,2026-01-30,11:04:00,FL,Mobile Wallet,Approved,False,None
1337,205,Restaurant,1221.41,2026-04-09,04:23:00,FL,Credit Card,Approved,False,None
1308,249,Travel,828.53,2025-07-10,23:34:00,CA,Mobile Wallet,Approved,False,None
1457,225,Travel,1648.95,2026-04-11,15:03:00,CA,Debit Card,Approved,False,None
1362,223,Grocery,842.94,2025-12-16,17:23:00,CA,Mobile Wallet,Approved,False,None
1095,229,Gas,1134.15,2025-11-01,17:00:00,TX,Mobile Wallet,Approved,True,Account Takeover
1062,241,Travel,1556.66,2025-11-17,18:50:00,TX,Credit Card,Approved,False,None
1248,236,Electronics,1597.71,2026-03-05,13:15:00,IL,Credit Card,Approved,False,None
1063,201,Restaurant,666.94,2025-09-22,01:18:00,TX,Mobile Wallet,Approved,False,None
1333,208,Retail,83.07,2025-08-25,23:09:00,IL,Debit Card,Approved,True,Friendly Fraud
1097,239,Grocery,207.89,2026-03-01,11:58:00,NY,Debit Card,Approved,False,None
1227,249,Retail,1380.47,2026-03-16,14:21:00,CA,Mobile Wallet,Approved,False,None
1003,248,Retail,1108.96,2025-10-11,01:47:00,NY,Credit Card,Approved,False,None
1215,215,Gas,1924.76,2025-12-03,14:22:00,CA,Credit Card,Approved,False,None
1479,238,Electronics,1310.94,2025-11-21,22:48:00,NY,Debit Card,Approved,False,None
1102,226,Grocery,31.18,2025-09-15,15:46:00,CA,Debit Card,Approved,False,None
1277,247,Retail,590.34,2025-10-20,18:51:00,CA,Debit Card,Approved,False,None
1008,245,Grocery,1988.58,2026-03-08,07:30:00,IL,Debit Card,Approved,False,None
1500,238,Grocery,737.18,2025-10-11,12:42:00,CA,Mobile Wallet,Approved,False,None
1437,202,Restaurant,1420.6,2026-03-20,10:49:00,NY,Credit Card,Approved,False,None
1071,214,Travel,135.0,2026-04-08,00:49:00,TX,Mobile Wallet,Approved,False,None
1179,202,Travel,8.72,2026-03-23,15:23:00,IL,Credit Card,Approved,False,None
1093,239,Restaurant,1902.61,2026-06-02,19:46:00,CA,Mobile Wallet,Approved,False,None
1440,241,Gas,1744.36,2025-08-07,13:43:00,IL,Credit Card,Approved,False,None
1329,211,Electronics,536.8,2025-11-01,05:57:00,NY,Credit Card,Approved,False,None
1002,211,Gas,1332.97,2025-07-10,22:24:00,NY,Debit Card,Approved,False,None
1396,216,Restaurant,1331.6,2026-02-22,13:18:00,CA,Debit Card,Approved,False,None
1220,207,Retail,1438.09,2026-03-19,07:23:00,TX,Mobile Wallet,Approved,False,None
1320,232,Gas,807.61,2026-06-13,17:16:00,FL,Debit Card,Approved,False,None
1159,222,Restaurant,483.27,2025-12-03,22:04:00,TX,Debit Card,Approved,False,None
1452,222,Grocery,270.24,2025-11-08,00:11:00,CA,Credit Card,Approved,False,None
1142,229,Grocery,674.16,2026-05-22,09:13:00,TX,Credit Card,Approved,False,None
1122,249,Electronics,623.91,2026-06-01,09:10:00,IL,Credit Card,Approved,False,None
1333,206,Grocery,1703.14,2026-02-18,22:03:00,TX,Credit Card,Approved,True,Stolen Card
1364,202,Retail,665.64,2026-01-28,10:08:00,TX,Credit Card,Approved,False,None
1272,216,Electronics,1613.3,2025-09-28,01:02:00,TX,Credit Card,Approved,False,None
1324,233,Gas,1224.25,2026-03-05,05:02:00,TX,Credit Card,Approved,False,None
1126,235,Grocery,1468.82,2026-03-07,11:33:00,IL,Credit Card,Approved,False,None
1085,226,Gas,904.74,2025-09-04,14:44:00,IL,Debit Card,Approved,False,None
1376,243,Retail,80.84,2026-05-01,03:46:00,FL,Credit Card,Approved,False,None
1492,214,Electronics,1394.05,2026-06-19,10:32:00,TX,Debit Card,Approved,False,None
1343,202,Restaurant,1997.34,2026-01-05,07:35:00,FL,Debit Card,Approved,False,None
1083,219,Grocery,1622.96,2026-03-06,20:42:00,CA,Credit Card,Approved,False,None
1118,205,Retail,1014.01,2026-03-18,22:46:00,TX,Mobile Wallet,Approved,False,None
1341,216,Electronics,1298.13,2025-08-21,05:33:00,CA,Mobile Wallet,Approved,False,None
1118,212,Grocery,1919.33,2026-03-30,08:12:00,FL,Debit Card,Approved,False,None
1403,219,Gas,1851.16,2025-11-22,17:06:00,CA,Credit Card,Approved,False,None
1152,240,Restaurant,1085.17,2025-08-17,13:03:00,TX,Debit Card,Approved,False,None
1411,227,Gas,641.89,2025-10-20,11:05:00,CA,Debit Card,Approved,False,None
1296,248,Restaurant,1799.44,2025-12-30,06:09:00,CA,Debit Card,Approved,False,None
1118,245,Grocery,1304.14,2026-03-20,07:50:00,NY,Mobile Wallet,Approved,False,None
1097,219,Travel,99.36,2025-09-07,12:17:00,FL,Mobile Wallet,Approved,False,None
1476,209,Travel,254.39,2026-01-03,05:30:00,TX,Credit Card,Approved,False,None
1377,232,Travel,1867.67,2026-02-04,09:52:00,IL,Debit Card,Approved,True,Account Takeover
1273,239,Grocery,1973.84,2025-12-06,04:08:00,TX,Mobile Wallet,Approved,False,None
1108,239,Gas,1999.88,2025-12-14,08:08:00,IL,Debit Card,Approved,False,None
1365,231,Grocery,969.56,2026-02-09,00:16:00,TX,Credit Card,Approved,False,None
1310,202,Gas,1125.59,2026-01-11,09:05:00,NY,Debit Card,Approved,False,None
1300,207,Grocery,901.12,2025-12-21,08:53:00,FL,Debit Card,Approved,False,None
1036,222,Travel,1156.19,2026-03-26,10:20:00,CA,Mobile Wallet,Approved,False,None
1166,201,Retail,1834.01,2025-08-28,15:17:00,IL,Debit Card,Approved,False,None
1135,237,Travel,355.04,2025-11-19,07:21:00,NY,Credit Card,Approved,False,None
1292,235,Retail,153.41,2026-02-24,18:51:00,IL,Credit Card,Approved,False,None
1348,222,Electronics,407.13,2026-02-16,04:25:00,TX,Credit Card,Approved,False,None
1085,212,Grocery,751.98,2026-04-26,12:00:00,TX,Credit Card,Approved,False,None
1014,236,Retail,1423.19,2025-12-25,08:19:00,TX,Debit Card,Approved,False,None
1486,234,Electronics,1631.02,2026-03-13,14:13:00,TX,Mobile Wallet,Approved,False,None
1476,246,Retail,43.22,2025-07-30,18:01:00,TX,Credit Card,Approved,False,None
1463,247,Grocery,1166.41,2026-01-09,02:05:00,IL,Debit Card,Approved,False,None
1200,214,Travel,1693.11,2025-08-21,08:39:00,IL,Credit Card,Approved,False,None
1421,202,Travel,1006.94,2025-07-18,04:54:00,IL,Mobile Wallet,Approved,False,None
1313,220,Restaurant,530.05,2026-03-21,18:36:00,FL,Mobile Wallet,Approved,False,None
1008,205,Travel,1836.6,2025-08-07,19:37:00,NY,Mobile Wallet,Approved,False,None
1220,208,Travel,1301.09,2025-10-14,14:17:00,CA,Debit Card,Approved,False,None
1033,214,Gas,1481.1,2025-07-11,11:13:00,NY,Credit Card,Approved,False,None
1029,223,Electronics,1511.56,2025-08-01,00:34:00,FL,Mobile Wallet,Approved,False,None
1242,237,Restaurant,1687.11,2026-06-20,04:59:00,CA,Debit Card,Approved,False,None
1010,234,Gas,1433.16,2026-05-08,22:53:00,NY,Mobile Wallet,Approved,False,None
1044,239,Electronics,1983.79,2026-03-20,22:19:00,FL,Debit Card,Approved,False,None
1267,203,Retail,1787.18,2026-01-26,10:07:00,CA,Debit Card,Approved,False,None
1092,225,Travel,90.91,2026-06-17,06:30:00,TX,Debit Card,Approved,False,None
1350,237,Gas,1762.74,2025-10-13,16:12:00,TX,Debit Card,Approved,False,None
1050,201,Restaurant,1626.83,2025-09-18,08:28:00,FL,Mobile Wallet,Approved,False,None
1304,229,Gas,1503.08,2026-02-19,02:41:00,CA,Debit Card,Approved,False,None
1482,233,Travel,962.78,2025-12-29,04:37:00,NY,Credit Card,Approved,False,None
1459,238,Retail,459.43,2025-08-05,04:18:00,NY,Debit Card,Approved,False,None
1367,232,Restaurant,1549.27,2025-12-30,17:17:00,IL,Debit Card,Approved,False,None
1457,246,Restaurant,944.18,2025-07-23,15:35:00,TX,Debit Card,Approved,False,None
1245,214,Electronics,1008.57,2026-02-17,08:48:00,TX,Mobile Wallet,Approved,False,None
1373,247,Restaurant,585.48,2026-03-12,05:58:00,IL,Credit Card,Approved,False,None
1005,242,Retail,211.89,2026-01-18,11:44:00,TX,Credit Card,Approved,False,None
1136,213,Travel,394.7,2026-06-17,19:06:00,IL,Mobile Wallet,Approved,False,None
1396,245,Restaurant,1944.08,2026-06-03,08:32:00,CA,Credit Card,Approved,False,None
1304,220,Retail,1877.46,2025-10-17,17:40:00,CA,Debit Card,Approved,False,None
1115,219,Travel,1154.92,2025-10-29,01:05:00,NY,Mobile Wallet,Approved,False,None
1247,240,Gas,667.58,2025-08-29,20:48:00,IL,Debit Card,Approved,False,None
1140,232,Retail,293.23,2025-11-16,15:03:00,CA,Debit Card,Approved,False,None
1266,246,Electronics,1488.4,2025-10-03,22:25:00,FL,Mobile Wallet,Approved,False,None
1117,223,Grocery,735.17,2026-02-20,21:33:00,CA,Mobile Wallet,Approved,False,None
1136,218,Retail,1893.64,2025-06-30,16:30:00,FL,Mobile Wallet,Approved,False,None
1202,242,Electronics,459.22,2026-02-05,00:15:00,TX,Credit Card,Approved,False,None
1472,223,Travel,1373.64,2026-04-12,10:01:00,FL,Mobile Wallet,Approved,False,None
1191,229,Travel,317.18,2025-08-16,10:05:00,TX,Debit Card,Approved,False,None
1184,229,Travel,723.57,2025-08-22,22:23:00,FL,Debit Card,Approved,False,None
1124,236,Grocery,1762.04,2026-04-24,06:07:00,TX,Credit Card,Approved,False,None
1066,214,Electronics,449.38,2026-06-02,16:00:00,FL,Credit Card,Approved,False,None
1057,219,Grocery,135.95,2025-06-27,23:50:00,CA,Mobile Wallet,Approved,False,None
1196,243,Grocery,311.07,2025-10-16,14:40:00,TX,Debit Card,Approved,False,None
1105,222,Restaurant,1231.41,2025-12-04,06:03:00,FL,Mobile Wallet,Approved,False,None
1370,227,Retail,1726.35,2025-11-06,11:37:00,CA,Credit Card,Approved,False,None
1463,245,Gas,1727.16,2025-09-17,16:05:00,TX,Debit Card,Approved,False,None
1227,230,Travel,941.77,2026-03-23,19:25:00,FL,Debit Card,Approved,False,None
1023,212,Restaurant,1722.48,2025-07-20,12:54:00,FL,Mobile Wallet,Approved,False,None
1021,241,Electronics,1148.9,2026-02-27,04:52:00,TX,Debit Card,Approved,False,None
1318,240,Travel,1652.39,2025-11-26,03:33:00,NY,Debit Card,Approved,False,None
1458,228,Travel,1605.81,2026-04-20,01:00:00,CA,Debit Card,Approved,False,None
1447,233,Grocery,297.94,2026-01-29,21:56:00,IL,Credit Card,Approved,False,None
1160,220,Electronics,83.39,2025-08-13,16:26:00,FL,Mobile Wallet,Approved,False,None
1034,232,Restaurant,598.09,2026-02-17,23:07:00,CA,Mobile Wallet,Approved,False,None
1199,243,Electronics,959.48,2025-12-16,02:25:00,TX,Credit Card,Approved,False,None
1048,206,Grocery,295.85,2026-03-14,13:03:00,IL,Debit Card,Approved,False,None
1111,244,Travel,624.64,2026-02-24,06:18:00,NY,Credit Card,Approved,False,None
1065,247,Travel,816.1,2026-03-10,23:05:00,TX,Credit Card,Approved,False,None
1125,238,Restaurant,872.56,2026-01-23,09:09:00,FL,Debit Card,Approved,False,None
1060,208,Electronics,236.94,2026-04-03,22:04:00,TX,Credit Card,Approved,False,None
1097,202,Retail,1286.16,2026-06-23,18:30:00,IL,Credit Card,Approved,False,None
1299,201,Retail,931.16,2025-06-28,18:59:00,IL,Credit Card,Approved,False,None
1262,218,Gas,1232.44,2026-04-11,14:40:00,TX,Credit Card,Approved,False,None
1058,211,Grocery,1998.7,2025-08-02,15:37:00,IL,Debit Card,Approved,False,None
1355,235,Retail,567.94,2026-02-17,12:59:00,FL,Mobile Wallet,Approved,False,None
1461,214,Retail,1912.37,2026-05-08,15:50:00,TX,Debit Card,Approved,False,None
1359,225,Travel,666.6,2026-01-02,20:09:00,IL,Mobile Wallet,Approved,False,None
1153,222,Electronics,1212.81,2025-07-09,19:15:00,IL,Debit Card,Approved,False,None
1168,246,Grocery,1142.84,2026-02-21,06:50:00,IL,Credit Card,Approved,False,None
1312,227,Retail,787.03,2025-10-20,19:22:00,NY,Credit Card,Approved,False,None
1031,213,Grocery,1978.99,2026-03-23,18:55:00,CA,Mobile Wallet,Approved,False,None
1210,212,Restaurant,1125.95,2025-09-22,07:25:00,NY,Mobile Wallet,Approved,False,None
1358,231,Restaurant,248.99,2026-04-29,20:47:00,CA,Mobile Wallet,Approved,False,None
1287,215,Gas,1059.56,2025-07-20,02:02:00,TX,Mobile Wallet,Approved,False,None
1195,221,Restaurant,301.42,2025-08-02,03:26:00,TX,Mobile Wallet,Approved,False,None
1247,250,Grocery,1779.26,2025-07-22,02:38:00,NY,Credit Card,Approved,False,None
1185,231,Gas,1008.79,2025-10-21,17:35:00,CA,Credit Card,Approved,False,None
1097,211,Gas,1141.62,2025-11-16,13:11:00,CA,Debit Card,Approved,False,None
1310,217,Restaurant,1174.91,2026-03-12,08:48:00,IL,Mobile Wallet,Approved,False,None
1339,234,Retail,1053.9,2025-06-26,07:38:00,FL,Mobile Wallet,Approved,False,None
1140,222,Restaurant,1013.35,2026-06-04,02:28:00,IL,Credit Card,Approved,False,None
1023,243,Retail,1201.31,2026-04-20,00:55:00,CA,Debit Card,Approved,False,None
1097,211,Travel,1362.95,2025-06-26,07:48:00,FL,Debit Card,Approved,False,None
1337,227,Electronics,169.08,2025-08-19,08:37:00,FL,Credit Card,Approved,False,None
1433,224,Electronics,1435.82,2025-07-03,14:51:00,NY,Mobile Wallet,Approved,False,None
1317,206,Restaurant,235.01,2026-06-08,11:03:00,CA,Debit Card,Approved,False,None
1098,245,Restaurant,1455.31,2026-06-08,20:45:00,FL,Credit Card,Approved,False,None
1444,211,Retail,710.43,2026-03-19,16:29:00,IL,Credit Card,Approved,False,None
1261,206,Restaurant,1797.06,2026-03-15,06:34:00,FL,Credit Card,Approved,False,None
1081,245,Grocery,558.58,2026-01-14,07:14:00,NY,Mobile Wallet,Approved,True,Stolen Card
1199,231,Travel,101.34,2026-06-18,22:17:00,TX,Debit Card,Approved,False,None
1251,221,Gas,958.37,2026-02-18,15:11:00,CA,Credit Card,Approved,False,None
1452,233,Travel,1462.42,2026-01-15,20:37:00,NY,Mobile Wallet,Approved,False,None
1062,205,Travel,196.34,2025-12-06,02:44:00,NY,Credit Card,Approved,False,None
1042,210,Travel,1612.16,2026-03-12,17:43:00,TX,Credit Card,Approved,False,None
1272,235,Grocery,699.32,2026-02-18,16:20:00,IL,Debit Card,Approved,False,None
1189,244,Electronics,1684.83,2026-06-19,20:10:00,IL,Mobile Wallet,Approved,False,None
1340,241,Grocery,1332.68,2026-04-07,16:52:00,IL,Mobile Wallet,Approved,False,None
1155,234,Travel,545.81,2026-02-13,13:46:00,NY,Credit Card,Approved,False,None
1328,218,Retail,826.52,2025-07-15,22:17:00,IL,Mobile Wallet,Approved,False,None
1328,232,Electronics,1644.09,2026-01-04,00:31:00,CA,Debit Card,Approved,False,None
1403,219,Restaurant,15.87,2025-10-12,21:34:00,NY,Mobile Wallet,Approved,False,None
1158,207,Travel,1416.5,2026-05-04,07:38:00,NY,Credit Card,Approved,False,None
1335,244,Gas,1677.08,2026-06-07,02:58:00,FL,Debit Card,Approved,False,None
1328,204,Travel,103.87,2026-05-30,06:40:00,TX,Credit Card,Approved,False,None
1241,207,Electronics,1337.12,2026-02-28,04:25:00,FL,Mobile Wallet,Approved,False,None
1358,203,Travel,471.34,2025-11-26,10:05:00,IL,Credit Card,Approved,False,None
1142,239,Travel,1783.78,2026-01-13,22:46:00,TX,Debit Card,Approved,False,None
1367,243,Grocery,277.51,2026-02-15,21:59:00,NY,Credit Card,Approved,False,None
1199,206,Electronics,210.73,2026-01-13,13:21:00,TX,Debit Card,Approved,False,None
1341,222,Retail,1194.6,2025-09-08,10:46:00,IL,Debit Card,Approved,False,None
1207,227,Restaurant,368.97,2025-12-07,05:07:00,NY,Mobile Wallet,Approved,False,None
1237,216,Restaurant,300.71,2026-01-12,07:03:00,CA,Mobile Wallet,Approved,False,None
1319,223,Electronics,1684.19,2025-12-26,21:41:00,TX,Credit Card,Approved,False,None
1055,244,Grocery,746.85,2026-05-19,23:55:00,CA,Credit Card,Approved,False,None
1252,250,Grocery,955.33,2025-10-12,01:16:00,NY,Credit Card,Approved,False,None
1136,228,Grocery,1078.42,2025-11-16,16:49:00,CA,Credit Card,Approved,False,None
1340,206,Grocery,359.68,2025-08-13,06:39:00,FL,Debit Card,Approved,False,None
1069,237,Retail,892.2,2025-07-04,11:02:00,TX,Credit Card,Approved,False,None
1223,217,Restaurant,1320.15,2025-11-13,16:56:00,TX,Mobile Wallet,Approved,False,None
1427,249,Travel,1832.86,2026-04-30,20:18:00,NY,Mobile Wallet,Approved,False,None
1443,239,Gas,725.57,2025-11-11,13:23:00,FL,Credit Card,Approved,False,None
1376,206,Travel,1332.63,2026-01-05,16:01:00,IL,Debit Card,Approved,False,None
1249,208,Grocery,1556.06,2025-11-28,02:58:00,FL,Mobile Wallet,Approved,False,None
1341,244,Gas,1345.46,2025-10-12,15:29:00,FL,Credit Card,Approved,False,None
1282,229,Retail,346.54,2025-07-01,15:14:00,IL,Credit Card,Approved,False,None
1015,227,Retail,1372.63,2025-11-10,18:24:00,FL,Mobile Wallet,Approved,False,None
1384,224,Travel,1222.2,2026-02-16,18:41:00,FL,Credit Card,Approved,False,None
1124,226,Travel,1443.52,2025-08-02,09:41:00,IL,Debit Card,Approved,False,None
1474,239,Grocery,440.33,2025-06-25,10:12:00,FL,Mobile Wallet,Approved,False,None
1067,221,Grocery,245.98,2026-04-16,11:56:00,CA,Mobile Wallet,Approved,True,Friendly Fraud
1171,223,Travel,1058.56,2025-06-28,13:36:00,TX,Mobile Wallet,Approved,False,None
1395,229,Grocery,1473.42,2025-07-11,15:08:00,CA,Credit Card,Approved,False,None
1311,204,Retail,150.09,2025-10-17,14:08:00,IL,Debit Card,Approved,False,None
1020,219,Electronics,1507.88,2026-03-09,15:01:00,NY,Mobile Wallet,Approved,False,None
1277,234,Electronics,1424.86,2025-12-26,15:44:00,TX,Mobile Wallet,Approved,False,None
1055,244,Gas,1321.14,2025-09-30,16:33:00,IL,Debit Card,Approved,False,None
1304,220,Retail,914.41,2026-01-19,04:58:00,CA,Debit Card,Approved,False,None
1253,202,Restaurant,1809.65,2025-09-11,23:08:00,CA,Mobile Wallet,Approved,False,None
1453,206,Retail,1311.18,2026-03-28,03:22:00,IL,Mobile Wallet,Approved,False,None
1074,224,Retail,534.52,2026-04-09,05:46:00,CA,Mobile Wallet,Approved,False,None
1417,226,Restaurant,1316.0,2026-06-11,00:49:00,TX,Debit Card,Approved,False,None
1356,206,Grocery,1314.79,2025-07-16,06:01:00,FL,Credit Card,Approved,False,None
1086,220,Restaurant,746.48,2025-08-16,13:51:00,FL,Debit Card,Approved,False,None
1375,233,Grocery,131.05,2025-07-26,19:31:00,TX,Credit Card,Approved,False,None
1391,209,Grocery,1867.86,2025-12-10,04:52:00,IL,Mobile Wallet,Approved,False,None
1028,240,Retail,1298.01,2026-05-26,11:57:00,NY,Mobile Wallet,Approved,False,None
1441,241,Gas,1949.19,2026-06-08,14:41:00,IL,Credit Card,Approved,False,None
1447,229,Gas,1464.04,2025-09-02,00:18:00,IL,Debit Card,Approved,False,None
1482,221,Retail,754.2,2026-01-07,17:31:00,FL,Credit Card,Approved,False,None
1459,233,Electronics,441.35,2026-02-19,02:03:00,TX,Debit Card,Approved,False,None
1338,234,Retail,1673.88,2025-10-27,15:05:00,NY,Debit Card,Approved,True,Stolen Card
1010,227,Gas,570.52,2026-06-17,03:51:00,FL,Credit Card,Approved,False,None
1337,246,Retail,1977.21,2026-05-16,19:40:00,TX,Credit Card,Approved,False,None
1051,223,Retail,857.06,2026-05-23,03:15:00,NY,Mobile Wallet,Approved,False,None
1324,200,Travel,365.24,2025-12-10,02:05:00,FL,Mobile Wallet,Approved,False,None
1143,248,Restaurant,423.78,2025-10-15,00:19:00,NY,Mobile Wallet,Approved,False,None
1369,230,Restaurant,1188.16,2026-05-13,13:43:00,IL,Credit Card,Approved,False,None
1473,221,Retail,70.19,2025-11-04,21:00:00,NY,Mobile Wallet,Approved,False,None
1053,226,Travel,48.43,2025-07-20,12:25:00,FL,Credit Card,Approved,False,None
1320,245,Retail,1527.72,2025-08-17,03:35:00,TX,Debit Card,Approved,False,None
1392,205,Travel,1766.53,2025-06-30,15:03:00,FL,Mobile Wallet,Approved,False,None
1258,201,Electronics,187.33,2026-02-01,01:09:00,IL,Credit Card,Approved,False,None
1223,207,Restaurant,1875.51,2025-10-19,19:15:00,FL,Debit Card,Approved,False,None
1406,203,Gas,1354.82,2025-06-28,16:44:00,IL,Mobile Wallet,Approved,False,None
1402,248,Electronics,236.03,2026-02-10,14:22:00,CA,Mobile Wallet,Approved,False,None
1026,236,Retail,521.64,2025-07-20,21:12:00,TX,Debit Card,Approved,False,None
1484,218,Grocery,1088.88,2025-09-12,14:14:00,FL,Debit Card,Approved,False,None
1016,221,Retail,1039.23,2026-03-09,02:57:00,IL,Mobile Wallet,Approved,False,None
1279,241,Grocery,88.1,2025-10-03,01:21:00,FL,Debit Card,Approved,False,None
1324,217,Grocery,859.8,2025-07-08,13:31:00,NY,Credit Card,Approved,False,None
1234,218,Electronics,392.96,2026-01-02,04:25:00,IL,Credit Card,Approved,False,None
1093,209,Gas,270.71,2025-09-26,14:26:00,NY,Credit Card,Approved,False,None
1117,225,Electronics,1626.45,2025-08-09,08:13:00,CA,Mobile Wallet,Approved,False,None
1033,246,Gas,426.38,2026-04-01,14:03:00,FL,Mobile Wallet,Approved,False,None
1344,213,Grocery,75.12,2026-03-11,19:50:00,FL,Credit Card,Approved,False,None
1148,236,Travel,1405.2,2026-06-18,01:45:00,TX,Credit Card,Approved,False,None
1016,209,Electronics,1732.65,2026-02-06,02:18:00,NY,Credit Card,Approved,False,None
1385,228,Restaurant,1109.71,2025-11-22,00:00:00,IL,Credit Card,Approved,False,None
1048,231,Electronics,659.41,2025-10-09,04:44:00,IL,Mobile Wallet,Approved,False,None
1162,205,Retail,1863.91,2026-02-22,22:47:00,FL,Mobile Wallet,Approved,False,None
1306,223,Travel,899.6,2025-10-17,16:08:00,FL,Debit Card,Approved,False,None
1262,237,Electronics,262.59,2025-09-04,02:49:00,TX,Credit Card,Approved,False,None
1186,214,Grocery,1277.89,2026-03-26,19:33:00,FL,Mobile Wallet,Approved,False,None
1156,217,Retail,1420.59,2026-01-14,10:30:00,IL,Mobile Wallet,Approved,False,None
1106,229,Retail,862.28,2026-01-23,22:48:00,CA,Mobile Wallet,Approved,False,None
1251,216,Gas,341.98,2026-01-11,22:25:00,TX,Debit Card,Approved,False,None
1246,224,Grocery,1207.3,2026-03-11,00:23:00,FL,Mobile Wallet,Approved,False,None
1325,219,Retail,243.93,2026-05-23,04:30:00,FL,Debit Card,Approved,False,None
1061,234,Retail,763.82,2025-09-17,12:55:00,CA,Credit Card,Approved,False,None
1307,213,Restaurant,1626.51,2025-07-05,14:33:00,IL,Mobile Wallet,Approved,False,None
1422,214,Gas,1848.57,2025-07-24,19:26:00,IL,Mobile Wallet,Approved,False,None
1066,237,Electronics,1943.76,2026-01-11,06:02:00,TX,Debit Card,Approved,False,None
1043,213,Restaurant,1516.69,2025-08-26,17:14:00,IL,Debit Card,Approved,False,None
1052,205,Retail,466.13,2025-10-30,16:19:00,FL,Debit Card,Approved,False,None
1217,226,Grocery,1508.98,2025-10-31,16:04:00,NY,Mobile Wallet,Approved,False,None
1281,228,Retail,111.38,2025-09-29,19:28:00,CA,Mobile Wallet,Approved,False,None
1392,203,Retail,908.76,2025-07-27,11:39:00,FL,Debit Card,Approved,False,None
1120,226,Restaurant,805.93,2026-01-18,19:45:00,CA,Debit Card,Approved,False,None
1248,233,Travel,131.41,2025-12-31,10:26:00,IL,Debit Card,Approved,False,None
1300,209,Electronics,817.07,2025-09-24,12:51:00,NY,Debit Card,Approved,False,None
1194,205,Travel,1572.07,2025-10-14,23:57:00,CA,Debit Card,Approved,False,None
1077,218,Grocery,41.33,2026-01-28,12:19:00,IL,Debit Card,Approved,False,None
1326,224,Retail,1579.64,2026-01-02,07:29:00,NY,Credit Card,Approved,False,None
1134,219,Grocery,1252.49,2026-01-03,13:04:00,FL,Debit Card,Approved,False,None
1157,205,Electronics,1127.83,2026-03-12,20:15:00,CA,Mobile Wallet,Approved,False,None
1121,212,Restaurant,477.16,2025-11-14,04:30:00,IL,Credit Card,Approved,False,None
1313,204,Electronics,361.18,2026-04-18,16:51:00,TX,Debit Card,Approved,False,None
1476,221,Retail,1131.6,2025-09-03,09:23:00,FL,Debit Card,Approved,False,None
1240,247,Travel,927.69,2025-06-30,05:18:00,IL,Debit Card,Approved,False,None
1223,243,Electronics,682.04,2026-06-16,15:30:00,NY,Mobile Wallet,Approved,False,None
1399,246,Grocery,618.81,2025-07-10,23:28:00,NY,Credit Card,Approved,False,None
1071,231,Grocery,1732.76,2026-02-05,23:02:00,TX,Debit Card,Approved,False,None
1259,244,Restaurant,314.02,2025-12-16,12:57:00,TX,Debit Card,Approved,False,None
1122,229,Travel,835.45,2025-10-10,12:47:00,FL,Credit Card,Approved,False,None
1192,201,Electronics,1038.12,2026-03-06,14:46:00,FL,Mobile Wallet,Approved,False,None
1167,250,Gas,737.16,2025-07-15,17:28:00,NY,Credit Card,Approved,False,None
1343,220,Restaurant,1387.16,2025-09-12,16:23:00,NY,Mobile Wallet,Approved,False,None
1077,234,Retail,795.06,2026-05-18,21:18:00,IL,Mobile Wallet,Approved,False,None
1003,236,Retail,1057.72,2025-10-08,23:28:00,IL,Mobile Wallet,Approved,False,None
1489,234,Grocery,371.18,2026-04-30,21:40:00,FL,Debit Card,Approved,False,None
1005,218,Grocery,1001.51,2026-02-04,15:53:00,TX,Debit Card,Approved,False,None
1304,245,Grocery,1601.99,2026-03-20,15:49:00,CA,Credit Card,Approved,False,None
1147,233,Gas,524.9,2026-02-10,19:36:00,IL,Mobile Wallet,Approved,False,None
1296,249,Electronics,284.61,2025-07-03,06:52:00,CA,Credit Card,Approved,False,None
1171,216,Grocery,916.45,2026-03-06,13:59:00,NY,Debit Card,Approved,False,None
1215,216,Restaurant,1743.69,2025-11-17,19:22:00,IL,Mobile Wallet,Approved,False,None
1019,230,Retail,1987.69,2026-01-20,20:54:00,TX,Mobile Wallet,Approved,False,None
1346,215,Retail,1832.5,2026-06-07,09:57:00,IL,Debit Card,Approved,False,None
1294,212,Grocery,77.99,2026-03-24,18:07:00,CA,Credit Card,Approved,False,None
1419,213,Restaurant,19.38,2026-02-25,00:27:00,IL,Debit Card,Approved,False,None
1002,229,Gas,1486.07,2025-11-04,03:09:00,FL,Mobile Wallet,Approved,False,None
1294,217,Electronics,1812.77,2025-10-28,19:56:00,FL,Mobile Wallet,Approved,False,None
1386,216,Travel,1528.13,2025-10-16,07:05:00,IL,Credit Card,Approved,False,None
1014,212,Restaurant,240.3,2025-11-02,22:08:00,NY,Mobile Wallet,Approved,False,None
1366,206,Electronics,125.9,2025-09-07,08:46:00,TX,Mobile Wallet,Approved,False,None
1068,240,Grocery,31.98,2026-04-24,01:07:00,TX,Credit Card,Approved,False,None
1129,240,Grocery,1049.19,2025-08-25,13:45:00,CA,Debit Card,Approved,False,None
1292,224,Retail,1166.49,2025-12-07,10:09:00,IL,Debit Card,Approved,False,None
1285,227,Grocery,1915.19,2025-11-01,18:46:00,CA,Mobile Wallet,Approved,False,None
1153,226,Gas,1635.04,2025-06-26,17:14:00,FL,Debit Card,Approved,False,None
1393,236,Retail,1812.08,2026-04-12,04:05:00,TX,Credit Card,Approved,False,None
1399,212,Retail,681.58,2025-10-15,19:47:00,CA,Debit Card,Approved,False,None
1297,206,Travel,567.85,2025-06-30,06:13:00,NY,Credit Card,Approved,False,None
1055,218,Retail,303.51,2025-07-21,07:05:00,TX,Credit Card,Approved,False,None
1482,213,Gas,216.71,2026-01-24,20:01:00,FL,Debit Card,Approved,True,Account Takeover
1450,206,Travel,366.03,2026-05-12,22:58:00,NY,Mobile Wallet,Approved,False,None
1317,242,Retail,1406.64,2026-03-15,00:18:00,FL,Debit Card,Approved,False,None
1393,224,Retail,863.55,2025-06-25,17:51:00,CA,Debit Card,Approved,False,None
1099,213,Travel,1700.32,2025-11-12,06:48:00,TX,Debit Card,Approved,False,None
1226,219,Retail,680.97,2025-09-06,23:18:00,TX,Debit Card,Approved,False,None
1493,203,Restaurant,1256.57,2026-01-27,02:16:00,IL,Debit Card,Approved,False,None
1236,202,Electronics,1072.16,2025-09-08,13:37:00,IL,Mobile Wallet,Approved,False,None
1370,238,Travel,1315.91,2026-05-31,06:29:00,CA,Credit Card,Approved,False,None
1266,201,Retail,7.14,2026-01-30,06:55:00,TX,Debit Card,Approved,False,None
1012,247,Travel,653.56,2025-10-13,18:20:00,CA,Credit Card,Approved,False,None
1180,245,Restaurant,544.94,2025-09-10,22:17:00,FL,Credit Card,Approved,False,None
1316,238,Grocery,436.85,2025-12-29,17:54:00,TX,Mobile Wallet,Approved,False,None
1377,228,Grocery,1155.3,2026-01-04,17:31:00,NY,Credit Card,Approved,False,None
1212,214,Electronics,1294.01,2025-07-22,17:52:00,CA,Mobile Wallet,Approved,False,None
1406,246,Retail,1181.45,2025-11-24,23:17:00,NY,Mobile Wallet,Approved,False,None
1351,218,Gas,423.29,2025-11-16,09:14:00,NY,Debit Card,Approved,False,None
1493,215,Gas,1893.77,2025-11-03,20:50:00,FL,Credit Card,Approved,False,None
1473,212,Electronics,1169.22,2026-01-18,16:32:00,CA,Mobile Wallet,Approved,False,None
1279,202,Grocery,1665.59,2025-07-29,12:09:00,NY,Credit Card,Approved,False,None
1176,230,Restaurant,1551.99,2026-04-08,06:23:00,CA,Credit Card,Approved,False,None
1254,235,Retail,1591.91,2025-07-15,14:37:00,FL,Debit Card,Approved,False,None
1177,226,Travel,793.81,2026-06-05,07:52:00,FL,Credit Card,Approved,True,Friendly Fraud
1467,226,Grocery,1011.94,2025-08-23,07:41:00,NY,Debit Card,Approved,False,None
1021,225,Retail,631.76,2025-07-01,17:11:00,CA,Mobile Wallet,Approved,False,None
1065,228,Grocery,582.28,2025-08-04,15:25:00,FL,Mobile Wallet,Approved,False,None
1329,247,Travel,1999.8,2025-10-28,00:08:00,IL,Mobile Wallet,Approved,False,None
1493,241,Grocery,834.71,2026-03-16,01:37:00,NY,Credit Card,Approved,False,None
1317,236,Retail,1164.73,2025-12-18,13:56:00,FL,Mobile Wallet,Approved,False,None
1339,200,Gas,743.71,2026-01-05,09:03:00,TX,Credit Card,Approved,False,None
1315,232,Retail,457.89,2025-10-07,00:53:00,NY,Debit Card,Approved,False,None
1492,218,Electronics,991.8,2025-06-24,00:55:00,NY,Mobile Wallet,Approved,False,None
1091,207,Travel,1917.36,2025-12-11,16:15:00,CA,Debit Card,Approved,False,None
1353,223,Electronics,1875.61,2025-06-27,20:55:00,NY,Credit Card,Approved,False,None
1381,243,Gas,810.57,2026-05-30,22:12:00,CA,Mobile Wallet,Approved,False,None
1238,243,Grocery,1797.33,2026-02-08,15:40:00,TX,Debit Card,Approved,True,Account Takeover
1131,239,Gas,28.21,2025-10-04,07:28:00,CA,Debit Card,Approved,False,None
1070,216,Grocery,58.15,2026-06-08,01:54:00,FL,Mobile Wallet,Approved,False,None
1373,222,Retail,1279.8,2026-05-31,09:00:00,TX,Debit Card,Approved,False,None
1008,233,Retail,1816.73,2025-12-13,22:55:00,IL,Mobile Wallet,Approved,False,None
1283,218,Retail,1925.78,2026-05-29,23:03:00,FL,Debit Card,Approved,False,None
1312,238,Gas,468.68,2026-03-15,11:13:00,IL,Mobile Wallet,Approved,False,None
1128,222,Gas,680.94,2026-05-13,14:20:00,TX,Mobile Wallet,Approved,False,None
1315,218,Travel,633.44,2026-04-18,11:14:00,NY,Mobile Wallet,Approved,False,None
1450,245,Grocery,1868.88,2025-11-08,03:13:00,NY,Credit Card,Approved,False,None
1033,216,Restaurant,1852.63,2025-09-19,09:59:00,TX,Mobile Wallet,Approved,False,None
1176,243,Gas,1498.08,2026-04-06,17:47:00,IL,Mobile Wallet,Approved,False,None
1010,217,Travel,1726.65,2025-12-07,23:40:00,TX,Debit Card,Approved,False,None
1151,220,Retail,1853.34,2025-09-04,23:09:00,TX,Mobile Wallet,Approved,False,None
1078,250,Travel,802.05,2026-01-05,17:07:00,NY,Credit Card,Approved,False,None
1383,223,Travel,445.09,2025-06-26,08:51:00,FL,Debit Card,Approved,False,None
1423,244,Grocery,1557.16,2025-10-15,21:09:00,NY,Debit Card,Approved,False,None
1358,243,Electronics,1960.73,2026-06-07,23:09:00,FL,Credit Card,Approved,False,None
1207,230,Travel,750.75,2025-08-24,23:09:00,FL,Debit Card,Approved,False,None
1500,225,Grocery,602.67,2025-07-21,01:51:00,FL,Debit Card,Approved,False,None
1239,208,Electronics,407.93,2025-08-05,03:42:00,IL,Debit Card,Approved,False,None
1166,222,Restaurant,1429.61,2026-05-27,10:34:00,TX,Mobile Wallet,Approved,False,None
1021,200,Travel,508.3,2025-11-12,01:20:00,CA,Mobile Wallet,Approved,False,None
1029,234,Electronics,859.52,2026-06-15,05:38:00,TX,Credit Card,Approved,False,None
1301,213,Electronics,292.36,2025-08-18,15:37:00,TX,Mobile Wallet,Approved,False,None
1298,237,Gas,196.56,2025-11-28,20:47:00,FL,Debit Card,Approved,True,Stolen Card
1360,244,Restaurant,329.24,2026-02-03,23:51:00,CA,Mobile Wallet,Approved,False,None
1199,223,Restaurant,1624.67,2026-06-15,14:28:00,NY,Credit Card,Approved,False,None
1152,217,Gas,1678.74,2025-12-22,12:16:00,TX,Credit Card,Approved,False,None
1147,202,Grocery,95.55,2026-05-17,00:34:00,NY,Credit Card,Approved,False,None
1099,219,Retail,620.98,2025-09-19,07:41:00,FL,Debit Card,Approved,False,None
1174,210,Retail,416.5,2026-05-11,17:09:00,IL,Credit Card,Approved,False,None
1499,250,Restaurant,1749.9,2026-02-08,17:42:00,FL,Credit Card,Approved,False,None
1107,208,Travel,716.95,2026-06-02,02:25:00,FL,Mobile Wallet,Approved,True,Friendly Fraud
1185,216,Gas,1692.25,2025-12-13,03:36:00,NY,Mobile Wallet,Approved,False,None
1411,237,Electronics,794.44,2026-02-19,11:50:00,IL,Mobile Wallet,Approved,False,None
1088,219,Grocery,455.97,2025-07-21,17:08:00,CA,Credit Card,Approved,False,None
1243,242,Electronics,1858.98,2025-12-04,00:16:00,CA,Credit Card,Approved,False,None
1098,201,Retail,867.13,2026-06-04,13:40:00,IL,Debit Card,Approved,False,None
1185,250,Retail,1743.15,2025-09-09,18:15:00,TX,Debit Card,Approved,False,None
1133,215,Travel,986.51,2026-04-15,09:00:00,NY,Credit Card,Approved,False,None
1258,230,Gas,1829.75,2026-02-21,09:53:00,TX,Credit Card,Approved,False,None
1125,201,Gas,400.02,2026-03-20,04:32:00,IL,Credit Card,Approved,False,None
1228,246,Restaurant,128.23,2026-02-27,18:00:00,CA,Mobile Wallet,Approved,False,None
1466,201,Grocery,1279.95,2026-05-16,05:10:00,IL,Debit Card,Approved,False,None
1164,231,Retail,741.42,2025-12-25,03:24:00,CA,Debit Card,Approved,False,None
1415,249,Gas,1585.55,2025-09-16,11:31:00,NY,Debit Card,Approved,False,None
1268,238,Electronics,1785.34,2025-07-17,02:50:00,NY,Debit Card,Approved,True,Friendly Fraud
1337,230,Gas,314.24,2026-03-26,13:18:00,FL,Debit Card,Approved,False,None
1012,233,Electronics,710.06,2026-04-17,13:20:00,CA,Credit Card,Approved,False,None
1374,241,Travel,836.61,2026-01-05,10:51:00,FL,Debit Card,Approved,False,None
1309,233,Gas,1440.29,2026-06-07,16:46:00,NY,Mobile Wallet,Approved,False,None
1284,206,Travel,833.48,2026-03-26,02:24:00,CA,Credit Card,Approved,False,None
1091,203,Grocery,1079.94,2026-05-07,08:59:00,FL,Credit Card,Approved,False,None
1268,215,Gas,1633.4,2025-08-21,18:30:00,CA,Debit Card,Approved,False,None
1451,202,Gas,916.25,2026-02-15,15:52:00,NY,Credit Card,Approved,False,None
1237,201,Grocery,31.38,2025-11-12,07:46:00,NY,Debit Card,Approved,False,None
1276,204,Electronics,736.29,2026-03-06,04:24:00,CA,Debit Card,Approved,False,None
1392,212,Restaurant,120.97,2026-06-17,04:48:00,NY,Debit Card,Approved,False,None
1251,204,Retail,1489.72,2026-04-27,16:40:00,FL,Mobile Wallet,Approved,False,None
1031,227,Gas,172.82,2026-03-14,01:04:00,FL,Credit Card,Approved,False,None
1159,248,Retail,1668.43,2025-08-29,14:28:00,NY,Debit Card,Approved,False,None
1236,212,Grocery,1404.3,2026-03-22,18:11:00,NY,Mobile Wallet,Approved,True,Stolen Card
1310,209,Restaurant,1474.61,2026-05-22,04:54:00,TX,Credit Card,Approved,False,None
1163,217,Retail,137.8,2026-03-22,03:33:00,NY,Credit Card,Approved,False,None
1359,203,Electronics,1374.6,2025-08-16,20:32:00,FL,Debit Card,Approved,False,None
1194,216,Retail,1542.81,2025-10-12,13:05:00,TX,Mobile Wallet,Approved,False,None
1498,220,Travel,655.22,2026-06-14,12:36:00,NY,Credit Card,Approved,True,Friendly Fraud
1402,212,Grocery,1135.72,2026-05-30,23:19:00,FL,Mobile Wallet,Approved,False,None
1467,221,Restaurant,157.92,2026-02-13,05:13:00,CA,Mobile Wallet,Approved,False,None
1475,238,Electronics,364.99,2026-03-05,04:12:00,FL,Credit Card,Approved,False,None
1009,226,Retail,455.87,2026-05-29,10:08:00,NY,Credit Card,Approved,False,None
1041,237,Retail,782.69,2026-06-20,14:58:00,CA,Debit Card,Approved,False,None
1362,222,Travel,35.62,2025-10-29,08:42:00,NY,Mobile Wallet,Approved,False,None
1317,229,Electronics,5.84,2026-02-20,21:17:00,CA,Credit Card,Approved,False,None
1381,213,Electronics,535.82,2025-10-14,20:40:00,FL,Credit Card,Approved,False,None
1336,217,Retail,852.32,2025-10-08,23:26:00,FL,Mobile Wallet,Approved,False,None
1169,208,Retail,1403.62,2025-08-04,00:39:00,CA,Credit Card,Approved,False,None
1345,232,Restaurant,918.01,2025-12-20,03:09:00,FL,Credit Card,Approved,False,None
1143,234,Grocery,1456.19,2026-04-22,19:09:00,TX,Mobile Wallet,Approved,True,Friendly Fraud
1431,214,Travel,1368.61,2026-01-16,06:51:00,NY,Debit Card,Approved,False,None
1209,226,Electronics,1706.81,2026-01-15,11:22:00,CA,Credit Card,Approved,False,None
1117,207,Retail,406.16,2025-07-20,04:09:00,NY,Debit Card,Approved,False,None
1017,209,Gas,526.25,2025-08-08,18:29:00,CA,Mobile Wallet,Approved,False,None
1213,249,Travel,550.86,2026-02-09,14:58:00,TX,Credit Card,Approved,False,None
1413,228,Retail,349.99,2026-03-31,14:03:00,CA,Mobile Wallet,Approved,False,None
1151,243,Grocery,130.65,2025-12-29,02:26:00,IL,Debit Card,Approved,False,None
1346,223,Restaurant,472.03,2025-07-03,12:20:00,TX,Mobile Wallet,Approved,False,None
1483,214,Retail,187.37,2025-07-20,21:21:00,NY,Mobile Wallet,Approved,False,None
1039,232,Gas,1914.34,2025-11-25,23:47:00,TX,Credit Card,Approved,True,Friendly Fraud
1400,240,Travel,1072.59,2025-11-26,08:56:00,CA,Mobile Wallet,Approved,False,None
1066,248,Retail,118.11,2025-12-21,12:39:00,NY,Debit Card,Approved,False,None
1359,209,Restaurant,1002.48,2025-07-28,20:53:00,FL,Mobile Wallet,Approved,False,None
1195,233,Gas,1029.38,2026-01-17,02:11:00,IL,Mobile Wallet,Approved,False,None
1112,201,Travel,754.3,2026-01-04,20:21:00,CA,Mobile Wallet,Approved,False,None
1088,243,Restaurant,111.05,2026-05-26,09:57:00,TX,Debit Card,Approved,False,None
1104,248,Grocery,1163.02,2025-10-24,23:48:00,IL,Debit Card,Approved,False,None
1449,218,Grocery,1120.44,2026-03-27,12:38:00,FL,Debit Card,Approved,False,None
1483,207,Restaurant,104.58,2026-04-23,13:05:00,FL,Mobile Wallet,Approved,False,None
1128,221,Retail,1910.73,2026-02-08,16:59:00,IL,Mobile Wallet,Approved,True,Stolen Card
1076,250,Travel,1552.59,2025-11-12,08:23:00,CA,Mobile Wallet,Approved,False,None
1119,222,Restaurant,1187.6,2025-11-29,05:59:00,NY,Mobile Wallet,Approved,False,None
1123,231,Grocery,1719.95,2025-07-16,16:09:00,CA,Mobile Wallet,Approved,False,None
1042,205,Restaurant,1265.87,2026-06-18,22:41:00,TX,Debit Card,Approved,False,None
1410,229,Grocery,516.68,2026-02-16,14:33:00,TX,Mobile Wallet,Approved,False,None
1046,204,Restaurant,1237.29,2025-11-12,09:40:00,FL,Debit Card,Approved,False,None
1463,216,Gas,572.18,2026-02-16,10:02:00,NY,Credit Card,Approved,False,None
1182,246,Gas,563.26,2026-05-28,04:46:00,IL,Debit Card,Approved,False,None
1055,234,Travel,1509.47,2025-06-29,22:06:00,TX,Mobile Wallet,Approved,False,None
1279,243,Restaurant,1504.78,2025-08-22,05:36:00,TX,Mobile Wallet,Approved,False,None
1381,248,Travel,1680.34,2026-04-13,02:25:00,NY,Credit Card,Approved,False,None
1173,228,Retail,169.57,2025-06-24,15:27:00,NY,Credit Card,Approved,False,None
1044,215,Retail,105.56,2025-08-12,20:21:00,IL,Mobile Wallet,Approved,False,None
1198,243,Travel,670.43,2026-04-25,09:28:00,CA,Debit Card,Approved,False,None
1357,222,Grocery,1793.04,2025-10-18,22:49:00,TX,Credit Card,Approved,False,None
1412,206,Travel,601.53,2025-08-05,03:25:00,FL,Credit Card,Approved,False,None
1096,209,Travel,1965.6,2025-07-03,04:34:00,FL,Mobile Wallet,Approved,False,None
1126,201,Electronics,1091.31,2025-07-12,07:40:00,IL,Credit Card,Approved,False,None
1284,224,Gas,1482.66,2025-06-25,16:26:00,TX,Credit Card,Approved,False,None
1269,212,Grocery,941.02,2025-12-28,19:45:00,CA,Credit Card,Approved,False,None
1451,220,Electronics,1586.56,2025-11-05,11:10:00,IL,Credit Card,Approved,False,None
1161,227,Restaurant,1129.14,2026-05-08,13:29:00,TX,Credit Card,Approved,False,None
1093,215,Restaurant,481.31,2026-05-12,07:29:00,FL,Mobile Wallet,Approved,False,None
1115,206,Retail,1625.32,2026-04-15,06:17:00,TX,Credit Card,Approved,False,None
1355,201,Retail,52.83,2025-07-28,17:45:00,TX,Debit Card,Approved,False,None
1369,219,Gas,999.27,2025-12-01,05:39:00,IL,Debit Card,Approved,False,None
1396,240,Travel,1583.02,2025-07-31,12:58:00,IL,Debit Card,Approved,False,None
1297,227,Restaurant,318.51,2025-07-20,12:45:00,IL,Debit Card,Approved,False,None
1226,219,Gas,1215.46,2025-09-29,14:17:00,FL,Mobile Wallet,Approved,False,None
1412,203,Restaurant,1515.05,2025-12-17,22:54:00,NY,Debit Card,Approved,False,None
1150,212,Gas,1747.6,2025-09-11,14:38:00,CA,Mobile Wallet,Approved,False,None
1255,225,Grocery,1108.78,2025-12-18,01:54:00,FL,Mobile Wallet,Approved,False,None
1286,248,Electronics,541.0,2026-06-16,21:47:00,CA,Credit Card,Approved,False,None
1125,249,Travel,1520.16,2025-12-04,21:33:00,IL,Mobile Wallet,Approved,False,None
1086,209,Electronics,1332.77,2026-04-02,15:24:00,IL,Debit Card,Approved,False,None
1061,242,Gas,13.72,2026-03-26,10:50:00,CA,Credit Card,Approved,False,None
1019,230,Grocery,1431.76,2025-09-30,14:45:00,NY,Debit Card,Approved,False,None
1298,206,Restaurant,784.94,2026-04-25,19:56:00,NY,Debit Card,Approved,False,None
1257,219,Gas,961.19,2025-10-10,16:29:00,IL,Credit Card,Approved,False,None
1280,219,Travel,829.65,2025-07-08,15:43:00,NY,Credit Card,Approved,False,None
1269,233,Electronics,836.79,2026-04-16,21:57:00,FL,Debit Card,Approved,False,None
1174,203,Restaurant,1040.78,2026-01-28,20:11:00,TX,Credit Card,Approved,False,None
1130,250,Restaurant,1128.46,2025-08-01,09:14:00,TX,Debit Card,Approved,False,None
1262,227,Electronics,494.28,2025-11-20,10:48:00,TX,Mobile Wallet,Approved,False,None
1104,210,Restaurant,138.54,2025-08-29,01:42:00,TX,Mobile Wallet,Approved,False,None
1305,218,Electronics,1355.53,2025-11-05,17:55:00,IL,Debit Card,Approved,False,None
1401,234,Restaurant,1303.39,2025-07-26,00:42:00,IL,Debit Card,Approved,True,Stolen Card
1057,220,Travel,1217.3,2025-11-05,02:09:00,IL,Credit Card,Approved,False,None
1396,238,Restaurant,884.28,2025-10-20,03:15:00,TX,Credit Card,Approved,False,None
1278,218,Travel,1879.4,2026-01-09,10:57:00,NY,Credit Card,Approved,False,None
1351,228,Restaurant,985.5,2026-03-16,07:34:00,TX,Mobile Wallet,Approved,True,Account Takeover
1369,246,Electronics,714.38,2025-07-19,12:33:00,NY,Debit Card,Approved,False,None
1457,205,Travel,680.22,2025-11-12,16:12:00,CA,Mobile Wallet,Approved,False,None
1381,220,Grocery,175.62,2025-11-19,13:54:00,FL,Debit Card,Approved,False,None
1028,227,Restaurant,575.81,2026-03-17,07:56:00,IL,Debit Card,Approved,False,None
1323,229,Retail,631.34,2026-05-22,14:25:00,FL,Credit Card,Approved,False,None
1192,249,Retail,1700.3,2025-12-22,23:23:00,CA,Debit Card,Approved,False,None
1485,223,Grocery,1845.81,2025-08-12,14:09:00,IL,Credit Card,Approved,False,None
1249,230,Travel,146.11,2026-03-27,06:34:00,TX,Credit Card,Approved,False,None
1428,222,Grocery,1662.21,2026-05-24,15:04:00,FL,Mobile Wallet,Approved,False,None
1495,210,Travel,1652.43,2025-10-20,00:59:00,FL,Mobile Wallet,Approved,False,None
1097,217,Electronics,1102.27,2026-01-07,17:11:00,FL,Debit Card,Approved,False,None
1114,214,Restaurant,1544.32,2026-01-14,20:39:00,FL,Mobile Wallet,Approved,False,None
1243,231,Travel,357.81,2025-10-17,23:56:00,TX,Credit Card,Approved,True,Stolen Card
1174,244,Electronics,1007.39,2025-12-27,05:29:00,IL,Mobile Wallet,Approved,False,None
1095,248,Electronics,73.25,2026-02-08,11:21:00,NY,Debit Card,Approved,False,None
1153,220,Retail,997.76,2025-12-24,07:18:00,TX,Debit Card,Approved,False,None
1470,215,Gas,654.97,2025-10-22,14:48:00,TX,Mobile Wallet,Approved,False,None
1388,234,Retail,196.35,2026-01-01,10:19:00,IL,Mobile Wallet,Approved,False,None
1382,221,Gas,615.69,2025-12-26,22:46:00,TX,Mobile Wallet,Approved,False,None
1361,221,Restaurant,486.52,2026-05-29,13:15:00,CA,Debit Card,Approved,True,Stolen Card
1314,225,Grocery,1890.43,2025-10-28,11:23:00,CA,Credit Card,Approved,False,None
1157,215,Retail,756.93,2026-02-24,18:32:00,FL,Credit Card,Approved,False,None
1281,247,Travel,1703.8,2025-09-15,20:22:00,IL,Credit Card,Approved,False,None
1148,224,Retail,651.66,2026-06-19,06:11:00,IL,Mobile Wallet,Approved,False,None
1328,212,Restaurant,1160.33,2025-11-18,07:49:00,NY,Debit Card,Approved,False,None
1408,215,Restaurant,1001.57,2025-08-01,17:01:00,NY,Debit Card,Approved,False,None
1403,221,Retail,1147.13,2025-10-10,14:12:00,IL,Mobile Wallet,Approved,False,None
1462,237,Travel,864.78,2025-12-13,12:39:00,FL,Debit Card,Approved,False,None
1455,205,Electronics,1484.47,2025-10-22,13:37:00,CA,Debit Card,Approved,False,None
1409,248,Travel,862.31,2026-04-26,16:34:00,CA,Debit Card,Approved,False,None
1069,220,Travel,1331.36,2026-01-13,23:34:00,NY,Mobile Wallet,Approved,False,None
1187,230,Electronics,1037.21,2026-04-19,19:58:00,IL,Credit Card,Approved,False,None
1150,241,Restaurant,1000.12,2026-03-13,18:47:00,NY,Mobile Wallet,Approved,False,None
1133,248,Gas,1957.25,2025-12-11,20:53:00,IL,Debit Card,Approved,True,Account Takeover
1151,224,Travel,1512.53,2025-08-11,03:08:00,FL,Mobile Wallet,Approved,False,None
1047,205,Travel,113.51,2026-06-08,22:18:00,IL,Debit Card,Approved,False,None
1258,226,Electronics,1926.78,2025-09-03,09:24:00,TX,Credit Card,Approved,False,None
1016,231,Grocery,1026.35,2025-09-05,23:44:00,TX,Mobile Wallet,Approved,False,None
1036,217,Electronics,728.94,2025-11-02,20:09:00,CA,Debit Card,Approved,False,None
1354,242,Restaurant,1988.5,2025-07-26,18:20:00,CA,Mobile Wallet,Approved,False,None
1208,206,Gas,1555.94,2026-04-26,14:59:00,TX,Credit Card,Approved,False,None
1101,225,Grocery,1583.0,2026-04-12,20:21:00,TX,Mobile Wallet,Approved,False,None
1047,216,Electronics,556.64,2026-01-30,19:13:00,TX,Mobile Wallet,Approved,False,None
1281,203,Gas,1097.63,2025-07-07,03:43:00,NY,Credit Card,Approved,False,None
1183,234,Gas,133.23,2025-07-24,00:51:00,NY,Debit Card,Approved,False,None
1219,211,Retail,1546.66,2026-04-06,15:40:00,IL,Debit Card,Approved,False,None
1034,244,Grocery,495.42,2025-11-21,00:37:00,IL,Debit Card,Approved,False,None
1219,250,Restaurant,668.37,2026-01-27,13:59:00,IL,Mobile Wallet,Approved,False,None
1024,238,Retail,252.85,2026-03-30,04:48:00,NY,Mobile Wallet,Approved,False,None
1283,220,Electronics,119.2,2025-08-11,23:21:00,CA,Credit Card,Approved,False,None
1337,227,Grocery,832.29,2025-07-16,13:02:00,CA,Mobile Wallet,Approved,False,None
1451,247,Electronics,6.4,2025-11-02,04:18:00,FL,Credit Card,Approved,False,None
1138,234,Gas,1035.26,2026-06-10,15:14:00,TX,Credit Card,Approved,False,None
1218,201,Gas,68.43,2025-09-03,07:13:00,FL,Mobile Wallet,Approved,False,None
1271,230,Grocery,756.98,2026-05-17,23:18:00,IL,Credit Card,Approved,False,None
1371,241,Electronics,398.32,2025-12-20,20:07:00,CA,Credit Card,Approved,False,None
1026,200,Grocery,741.43,2026-04-18,17:00:00,TX,Credit Card,Approved,False,None
1057,215,Retail,24.35,2026-02-07,12:23:00,TX,Mobile Wallet,Approved,False,None
1426,232,Grocery,1416.15,2025-08-12,11:14:00,NY,Debit Card,Approved,False,None
1294,220,Retail,498.2,2026-05-19,20:46:00,IL,Debit Card,Approved,False,None
1149,229,Electronics,1694.87,2025-07-13,03:26:00,NY,Credit Card,Approved,False,None
1081,216,Grocery,1043.98,2025-09-07,13:21:00,CA,Mobile Wallet,Approved,False,None
1430,220,Gas,268.01,2025-10-07,02:52:00,CA,Credit Card,Approved,False,None
1300,210,Restaurant,882.05,2025-10-04,19:29:00,CA,Credit Card,Approved,False,None
1275,203,Travel,439.9,2025-08-16,05:42:00,TX,Mobile Wallet,Approved,False,None
1467,219,Electronics,1874.6,2026-02-20,18:40:00,TX,Mobile Wallet,Approved,False,None
1317,243,Retail,1781.01,2025-12-09,12:28:00,FL,Mobile Wallet,Approved,True,Account Takeover
1027,247,Retail,1246.72,2026-03-19,21:52:00,CA,Credit Card,Approved,False,None
1408,223,Travel,1478.82,2026-05-25,10:45:00,NY,Debit Card,Approved,False,None
1347,206,Electronics,1438.22,2025-10-29,03:33:00,IL,Mobile Wallet,Approved,False,None
1317,208,Grocery,202.71,2025-10-15,21:31:00,TX,Debit Card,Approved,False,None
1293,217,Grocery,1920.23,2026-02-26,15:38:00,TX,Debit Card,Approved,False,None
1372,218,Grocery,1604.95,2026-05-22,22:02:00,FL,Credit Card,Approved,False,None
1454,205,Restaurant,1750.6,2026-05-17,05:05:00,NY,Credit Card,Approved,False,None
1479,219,Grocery,445.68,2026-02-01,02:39:00,IL,Debit Card,Approved,False,None
1331,221,Travel,711.71,2026-03-07,10:20:00,NY,Debit Card,Approved,False,None
1424,224,Grocery,1751.77,2025-12-23,19:37:00,FL,Debit Card,Approved,False,None
1059,242,Travel,1495.14,2025-08-09,08:59:00,IL,Credit Card,Approved,False,None
1154,248,Restaurant,1606.94,2025-12-08,15:14:00,TX,Credit Card,Approved,False,None
1429,250,Electronics,1421.46,2026-03-07,01:00:00,CA,Credit Card,Approved,False,None
1290,237,Restaurant,507.24,2025-09-13,07:53:00,FL,Mobile Wallet,Approved,False,None
1243,241,Gas,989.77,2025-09-27,07:47:00,NY,Mobile Wallet,Approved,False,None
1093,214,Travel,369.16,2025-10-27,18:09:00,CA,Credit Card,Approved,False,None
1471,239,Electronics,168.47,2026-06-02,21:18:00,IL,Credit Card,Approved,False,None
1081,216,Grocery,1126.4,2025-09-18,03:44:00,FL,Mobile Wallet,Approved,False,None
1325,228,Travel,1406.26,2026-03-19,08:36:00,NY,Debit Card,Approved,False,None
1026,247,Retail,742.2,2026-04-23,21:41:00,CA,Mobile Wallet,Approved,False,None
1208,208,Travel,1153.08,2026-05-12,21:07:00,FL,Credit Card,Approved,False,None
1242,205,Restaurant,1867.73,2025-11-06,19:29:00,TX,Mobile Wallet,Approved,False,None
1297,241,Electronics,1744.81,2026-04-07,16:29:00,TX,Mobile Wallet,Approved,False,None
1427,206,Electronics,1049.37,2026-06-19,18:42:00,CA,Debit Card,Approved,False,None
1230,242,Retail,326.26,2026-02-13,11:37:00,TX,Mobile Wallet,Approved,False,None
1164,242,Electronics,66.51,2026-02-08,04:34:00,IL,Debit Card,Approved,False,None
1290,223,Retail,1525.08,2025-09-13,13:19:00,TX,Debit Card,Approved,False,None
1152,244,Gas,416.91,2026-03-08,15:44:00,IL,Debit Card,Approved,False,None
1276,213,Electronics,160.32,2026-03-22,03:24:00,IL,Credit Card,Approved,False,None
1302,222,Gas,1343.57,2025-08-09,17:57:00,IL,Credit Card,Approved,False,None
1027,202,Retail,1530.39,2026-02-07,15:39:00,TX,Mobile Wallet,Approved,False,None
1128,212,Retail,1218.6,2025-12-04,18:17:00,TX,Mobile Wallet,Approved,False,None
1375,211,Retail,538.41,2025-11-14,23:03:00,CA,Debit Card,Approved,False,None
1168,245,Grocery,1412.91,2025-10-12,04:00:00,FL,Debit Card,Approved,False,None
1126,233,Gas,178.59,2025-07-06,10:12:00,TX,Debit Card,Approved,False,None
1270,245,Grocery,1416.89,2026-03-10,15:31:00,NY,Mobile Wallet,Approved,False,None
1320,206,Restaurant,1888.51,2026-06-17,09:25:00,CA,Credit Card,Approved,True,Account Takeover
1451,249,Electronics,774.41,2025-12-24,10:07:00,NY,Debit Card,Approved,False,None
1331,230,Gas,472.06,2025-09-09,05:34:00,IL,Credit Card,Approved,False,None
1022,242,Gas,864.05,2026-02-24,06:25:00,TX,Credit Card,Approved,False,None
1446,228,Grocery,1050.74,2026-03-26,01:55:00,IL,Credit Card,Approved,False,None
1344,218,Electronics,101.86,2025-07-29,13:21:00,NY,Debit Card,Approved,False,None
1378,209,Grocery,1860.8,2026-04-05,02:28:00,TX,Debit Card,Approved,False,None
1172,234,Gas,472.48,2025-11-10,14:43:00,FL,Debit Card,Approved,False,None
1142,210,Retail,654.26,2025-11-26,07:37:00,FL,Mobile Wallet,Approved,False,None
1375,250,Gas,1110.49,2026-02-14,03:25:00,IL,Debit Card,Approved,False,None
1126,205,Restaurant,1144.81,2026-06-15,22:53:00,FL,Credit Card,Approved,True,Stolen Card
1154,235,Restaurant,41.32,2026-03-27,01:44:00,IL,Mobile Wallet,Approved,False,None
1374,245,Electronics,199.84,2026-01-17,20:42:00,CA,Credit Card,Approved,False,None
1405,238,Electronics,1884.3,2025-09-29,01:28:00,CA,Credit Card,Approved,False,None
1017,217,Electronics,1816.73,2026-02-01,09:09:00,FL,Debit Card,Approved,False,None
1102,215,Travel,206.92,2025-12-13,20:19:00,NY,Credit Card,Approved,False,None
1489,250,Retail,1128.86,2025-08-02,13:16:00,IL,Mobile Wallet,Approved,False,None
1154,233,Restaurant,936.33,2026-02-01,14:56:00,CA,Mobile Wallet,Approved,False,None
1287,219,Gas,566.99,2026-04-08,06:20:00,TX,Debit Card,Approved,False,None
1490,222,Restaurant,97.62,2026-02-23,18:07:00,NY,Credit Card,Approved,False,None
1361,239,Grocery,1184.1,2026-04-03,20:55:00,FL,Mobile Wallet,Approved,False,None
1200,218,Grocery,282.4,2026-02-06,18:15:00,IL,Credit Card,Approved,False,None
1308,214,Grocery,1331.98,2026-06-15,06:34:00,CA,Mobile Wallet,Approved,False,None
1437,217,Retail,679.07,2026-01-11,13:28:00,IL,Debit Card,Approved,False,None
1172,203,Grocery,1573.68,2025-09-27,04:37:00,IL,Mobile Wallet,Approved,False,None
1404,214,Grocery,1534.58,2025-07-30,07:00:00,IL,Debit Card,Approved,False,None
1247,219,Gas,1090.59,2026-03-20,19:46:00,CA,Mobile Wallet,Approved,False,None
1071,217,Restaurant,844.99,2026-06-13,09:17:00,NY,Credit Card,Approved,False,None
1257,202,Grocery,1790.3,2025-10-22,20:15:00,NY,Debit Card,Approved,False,None
1113,211,Travel,490.22,2026-02-07,06:01:00,CA,Credit Card,Approved,False,None
1120,219,Grocery,709.64,2025-12-26,16:41:00,NY,Credit Card,Approved,False,None
1002,246,Travel,1067.95,2025-09-15,04:37:00,CA,Mobile Wallet,Approved,True,Stolen Card
1293,241,Grocery,1699.28,2026-05-31,01:35:00,CA,Mobile Wallet,Approved,True,Account Takeover
1270,244,Retail,171.31,2026-01-05,08:53:00,IL,Credit Card,Approved,False,None
1094,214,Retail,1559.57,2026-06-01,22:18:00,IL,Mobile Wallet,Approved,True,Friendly Fraud
1496,214,Gas,972.11,2026-02-23,00:07:00,TX,Debit Card,Approved,False,None
1007,200,Gas,233.56,2025-11-20,14:14:00,CA,Debit Card,Approved,False,None
1191,237,Gas,613.91,2025-11-20,16:28:00,NY,Credit Card,Approved,False,None
1381,239,Grocery,1762.51,2025-11-22,03:37:00,CA,Debit Card,Approved,False,None
1239,220,Restaurant,1357.9,2026-05-30,16:11:00,NY,Debit Card,Approved,False,None
1231,225,Restaurant,1354.73,2025-12-25,07:13:00,CA,Mobile Wallet,Approved,False,None
1154,250,Grocery,1384.44,2025-09-02,08:31:00,NY,Debit Card,Approved,False,None
1390,209,Grocery,1762.81,2026-05-21,07:20:00,IL,Mobile Wallet,Approved,False,None
1238,210,Restaurant,464.57,2026-02-01,12:09:00,TX,Debit Card,Approved,False,None
1028,235,Restaurant,1454.48,2025-12-23,05:01:00,TX,Debit Card,Approved,False,None
1168,221,Travel,547.65,2026-02-23,23:15:00,CA,Credit Card,Approved,False,None
1204,247,Retail,60.37,2026-03-08,19:25:00,NY,Credit Card,Approved,False,None
1005,248,Electronics,456.29,2025-10-10,00:30:00,TX,Credit Card,Approved,False,None
1059,222,Grocery,516.11,2026-03-14,19:30:00,FL,Mobile Wallet,Approved,False,None
1383,214,Retail,1076.73,2026-03-02,00:12:00,FL,Mobile Wallet,Approved,True,Stolen Card
1388,250,Travel,1308.71,2025-11-12,13:10:00,FL,Credit Card,Approved,False,None
1406,233,Grocery,738.85,2026-01-11,21:44:00,TX,Credit Card,Approved,False,None
1146,242,Electronics,561.8,2025-12-11,22:21:00,IL,Mobile Wallet,Approved,False,None
1451,229,Grocery,1901.96,2026-01-18,09:27:00,NY,Credit Card,Approved,False,None
1230,219,Restaurant,1742.93,2025-08-13,05:50:00,CA,Credit Card,Approved,True,Account Takeover
1379,227,Grocery,45.97,2026-06-19,08:11:00,TX,Debit Card,Approved,False,None
1424,245,Electronics,54.66,2026-05-25,06:06:00,FL,Mobile Wallet,Approved,False,None
1067,225,Grocery,278.65,2026-06-10,13:21:00,FL,Debit Card,Approved,False,None
1346,225,Restaurant,1174.78,2026-02-18,02:26:00,FL,Mobile Wallet,Approved,False,None
1397,202,Electronics,786.02,2025-11-13,22:02:00,NY,Credit Card,Approved,False,None
1120,219,Travel,1035.41,2025-12-18,00:06:00,TX,Mobile Wallet,Approved,False,None
1051,205,Electronics,1975.01,2026-02-10,06:51:00,TX,Mobile Wallet,Approved,False,None
1324,236,Restaurant,1038.04,2026-04-21,06:57:00,CA,Mobile Wallet,Approved,False,None
1024,213,Electronics,1742.2,2025-09-10,13:58:00,IL,Credit Card,Approved,False,None
1478,206,Electronics,262.86,2025-07-09,09:29:00,TX,Credit Card,Approved,False,None
1176,242,Grocery,218.58,2025-10-17,04:55:00,IL,Credit Card,Approved,False,None
1132,218,Restaurant,656.85,2026-02-21,07:16:00,IL,Credit Card,Approved,False,None
1040,244,Grocery,1531.41,2025-06-30,23:00:00,IL,Mobile Wallet,Approved,False,None
1139,215,Gas,421.41,2026-05-09,06:35:00,IL,Mobile Wallet,Approved,False,None
1495,229,Grocery,1224.56,2026-01-05,11:11:00,TX,Credit Card,Approved,False,None
1489,231,Gas,1082.73,2025-09-04,17:33:00,FL,Mobile Wallet,Approved,True,Friendly Fraud
1175,203,Electronics,1155.02,2025-08-01,10:40:00,TX,Debit Card,Approved,False,None
1109,225,Grocery,882.81,2026-02-19,15:05:00,FL,Debit Card,Approved,False,None
1196,249,Grocery,1219.41,2026-05-17,02:09:00,TX,Debit Card,Approved,False,None
1005,213,Gas,1792.0,2025-08-30,17:11:00,CA,Debit Card,Approved,True,Account Takeover
1219,204,Retail,588.95,2025-12-29,12:52:00,CA,Credit Card,Approved,False,None
1317,202,Retail,1703.18,2025-11-12,06:29:00,NY,Credit Card,Approved,False,None
1272,248,Restaurant,937.8,2026-03-13,09:50:00,IL,Credit Card,Approved,False,None
1099,230,Travel,483.01,2026-01-24,06:31:00,FL,Debit Card,Approved,True,Stolen Card
1442,238,Restaurant,1944.62,2025-09-24,06:59:00,CA,Credit Card,Approved,False,None
1174,230,Gas,1753.73,2026-02-23,08:39:00,TX,Debit Card,Approved,False,None
1114,200,Retail,75.21,2025-11-30,02:15:00,TX,Credit Card,Approved,False,None
1331,203,Electronics,535.42,2026-03-13,17:06:00,IL,Mobile Wallet,Approved,False,None
1139,241,Grocery,1798.52,2026-05-22,13:17:00,CA,Credit Card,Approved,False,None
1387,246,Gas,250.3,2026-06-16,04:12:00,FL,Credit Card,Approved,False,None
1465,203,Electronics,906.8,2026-05-20,16:31:00,NY,Debit Card,Approved,False,None
1448,228,Retail,423.33,2025-09-29,00:13:00,IL,Credit Card,Approved,False,None
1056,234,Restaurant,1865.17,2026-01-11,14:12:00,TX,Credit Card,Approved,False,None
1039,217,Grocery,109.63,2026-02-06,21:59:00,IL,Credit Card,Approved,False,None
1336,213,Grocery,777.07,2025-07-24,19:03:00,NY,Debit Card,Approved,False,None
1161,246,Restaurant,1758.52,2025-11-27,18:51:00,CA,Credit Card,Approved,False,None
1037,237,Restaurant,139.13,2026-04-10,06:12:00,FL,Debit Card,Approved,False,None
1436,205,Electronics,354.25,2025-11-25,22:00:00,CA,Credit Card,Approved,False,None
1471,223,Restaurant,672.54,2025-07-28,02:30:00,NY,Credit Card,Approved,False,None
1441,221,Gas,1137.85,2025-10-04,13:58:00,NY,Mobile Wallet,Approved,False,None
1386,226,Grocery,1238.08,2026-01-31,11:21:00,FL,Mobile Wallet,Approved,False,None
1425,217,Electronics,943.0,2026-06-06,05:31:00,NY,Mobile Wallet,Approved,False,None
1393,241,Grocery,560.19,2026-04-09,21:54:00,CA,Mobile Wallet,Approved,False,None
1236,203,Electronics,1652.2,2025-10-12,07:28:00,CA,Credit Card,Approved,False,None
1445,234,Restaurant,358.9,2026-02-16,21:15:00,CA,Mobile Wallet,Approved,False,None
1175,228,Travel,1045.64,2025-11-05,23:27:00,CA,Mobile Wallet,Approved,False,None
1451,218,Grocery,1657.91,2025-08-23,18:20:00,CA,Debit Card,Approved,False,None
1130,220,Grocery,1877.17,2026-02-05,10:56:00,CA,Debit Card,Approved,False,None
1095,216,Grocery,105.24,2025-12-27,12:03:00,CA,Mobile Wallet,Approved,False,None
1436,212,Electronics,790.86,2026-05-24,10:02:00,IL,Debit Card,Approved,False,None
1463,201,Travel,956.07,2025-07-17,17:47:00,NY,Debit Card,Approved,False,None
1000,230,Retail,321.42,2026-02-05,10:17:00,TX,Mobile Wallet,Approved,False,None
1401,215,Travel,734.47,2025-07-02,07:40:00,CA,Credit Card,Approved,False,None
1274,231,Electronics,663.46,2025-09-11,22:00:00,IL,Debit Card,Approved,False,None
1280,245,Grocery,620.81,2025-11-22,04:58:00,FL,Debit Card,Approved,False,None
1077,231,Retail,278.2,2026-02-20,10:28:00,NY,Mobile Wallet,Approved,False,None
1395,201,Electronics,716.64,2025-10-29,16:30:00,IL,Debit Card,Approved,False,None
1139,246,Gas,1783.26,2025-12-14,13:08:00,TX,Mobile Wallet,Approved,False,None
1344,233,Travel,1951.3,2026-01-24,03:53:00,TX,Debit Card,Approved,False,None
1399,247,Travel,1692.5,2025-10-23,08:41:00,CA,Mobile Wallet,Approved,False,None
1398,247,Travel,735.94,2025-09-21,20:43:00,FL,Debit Card,Approved,False,None
1305,205,Retail,955.95,2026-03-16,12:53:00,IL,Credit Card,Approved,False,None
1077,216,Grocery,887.65,2025-10-05,18:14:00,TX,Credit Card,Approved,True,Account Takeover
1315,203,Electronics,1349.58,2025-09-20,12:24:00,TX,Credit Card,Approved,False,None
1345,240,Retail,1743.79,2025-10-02,21:26:00,FL,Credit Card,Approved,False,None
1380,240,Retail,1217.6,2026-02-26,22:51:00,NY,Debit Card,Approved,False,None
1012,234,Grocery,1950.15,2025-09-13,13:28:00,TX,Debit Card,Approved,False,None
1130,208,Grocery,1831.5,2026-01-02,03:57:00,TX,Mobile Wallet,Approved,False,None
1239,240,Restaurant,473.42,2025-10-20,05:49:00,IL,Debit Card,Approved,False,None
1406,246,Restaurant,1281.67,2025-07-23,16:28:00,NY,Mobile Wallet,Approved,False,None
1187,225,Restaurant,1628.65,2026-01-17,20:02:00,CA,Debit Card,Approved,False,None
1388,215,Grocery,630.67,2025-07-31,23:32:00,FL,Debit Card,Approved,False,None
1476,231,Retail,1917.09,2026-04-11,23:29:00,NY,Debit Card,Approved,False,None
1476,248,Retail,1151.64,2025-10-29,08:49:00,TX,Mobile Wallet,Approved,False,None
1025,206,Restaurant,1961.67,2025-08-24,18:57:00,FL,Credit Card,Approved,False,None
1260,206,Travel,41.0,2025-11-28,13:48:00,CA,Debit Card,Approved,False,None
1050,218,Electronics,1483.48,2025-08-27,23:11:00,TX,Mobile Wallet,Approved,False,None
1253,238,Retail,1182.3,2025-11-06,03:14:00,TX,Debit Card,Approved,False,None
1261,226,Grocery,1232.27,2026-03-22,18:04:00,NY,Debit Card,Approved,False,None
1225,244,Grocery,433.82,2025-09-03,05:28:00,TX,Mobile Wallet,Approved,False,None
1054,218,Retail,217.8,2025-12-01,00:40:00,NY,Credit Card,Approved,False,None
1228,207,Travel,1862.32,2025-07-11,19:05:00,TX,Mobile Wallet,Approved,False,None
1240,217,Restaurant,940.05,2025-09-07,04:05:00,IL,Debit Card,Approved,False,None
1363,216,Restaurant,1656.41,2026-04-15,17:22:00,IL,Mobile Wallet,Approved,False,None
1329,227,Electronics,1388.28,2026-02-12,23:55:00,CA,Mobile Wallet,Approved,False,None
1307,225,Electronics,1957.28,2026-03-09,04:13:00,CA,Mobile Wallet,Approved,False,None
1015,226,Travel,1414.96,2025-07-18,02:07:00,CA,Debit Card,Approved,False,None
1474,226,Gas,150.63,2026-03-16,05:28:00,IL,Mobile Wallet,Approved,False,None
1124,221,Restaurant,63.8,2025-08-20,02:35:00,FL,Debit Card,Approved,False,None
1291,209,Gas,1577.01,2026-05-24,19:40:00,CA,Credit Card,Approved,False,None
1300,213,Travel,800.63,2026-04-16,11:50:00,FL,Credit Card,Approved,False,None
1452,205,Retail,1085.37,2025-11-14,18:20:00,CA,Credit Card,Approved,False,None
1204,241,Grocery,589.72,2026-03-05,23:48:00,CA,Debit Card,Approved,False,None
1363,204,Electronics,1216.82,2025-10-07,18:32:00,NY,Mobile Wallet,Approved,False,None
1283,203,Grocery,849.68,2026-04-11,10:59:00,NY,Credit Card,Approved,False,None
1375,240,Gas,227.78,2025-08-10,21:05:00,FL,Debit Card,Approved,False,None
1001,216,Grocery,47.49,2025-08-23,08:48:00,CA,Mobile Wallet,Approved,False,None
1232,208,Electronics,976.36,2025-08-22,09:50:00,CA,Debit Card,Approved,False,None
1004,237,Travel,1004.34,2025-08-31,16:32:00,TX,Credit Card,Approved,False,None
1333,206,Restaurant,1578.77,2026-05-24,08:53:00,CA,Credit Card,Approved,False,None
1411,220,Grocery,918.09,2025-12-31,13:49:00,IL,Debit Card,Approved,False,None
1367,231,Restaurant,283.73,2026-05-30,09:07:00,FL,Debit Card,Approved,False,None
1481,245,Travel,1827.99,2026-04-29,16:11:00,NY,Debit Card,Approved,False,None
1097,232,Retail,159.41,2025-10-20,11:09:00,TX,Credit Card,Approved,False,None
1168,237,Restaurant,953.38,2026-04-16,14:15:00,NY,Credit Card,Approved,False,None
1130,229,Electronics,502.63,2025-11-27,03:53:00,TX,Credit Card,Approved,False,None
1239,222,Gas,1241.32,2025-07-08,20:08:00,FL,Mobile Wallet,Approved,False,None
1364,237,Restaurant,946.91,2025-08-07,14:43:00,CA,Credit Card,Approved,True,Account Takeover
1056,238,Gas,1221.25,2025-11-15,01:10:00,CA,Debit Card,Approved,False,None
1041,229,Restaurant,1030.9,2025-09-07,10:16:00,FL,Mobile Wallet,Approved,False,None
1351,207,Grocery,1386.45,2025-07-29,03:49:00,CA,Credit Card,Approved,False,None
1264,226,Gas,1648.56,2026-03-05,15:38:00,TX,Mobile Wallet,Approved,False,None
1159,228,Retail,1250.0,2025-10-10,09:00:00,CA,Debit Card,Approved,False,None
1367,214,Gas,94.38,2025-12-26,02:14:00,TX,Credit Card,Approved,False,None
1421,232,Gas,501.59,2025-11-11,03:46:00,NY,Debit Card,Approved,False,None
1176,250,Electronics,42.39,2025-12-14,15:22:00,TX,Credit Card,Approved,False,None
1260,237,Travel,1622.33,2025-10-20,10:32:00,TX,Credit Card,Approved,False,None
1395,228,Restaurant,1210.93,2025-07-01,07:23:00,NY,Mobile Wallet,Approved,False,None
1246,214,Electronics,507.79,2026-04-20,21:14:00,IL,Debit Card,Approved,False,None
1146,241,Restaurant,1067.86,2025-07-19,21:11:00,IL,Mobile Wallet,Approved,False,None
1220,222,Retail,1334.8,2026-02-23,14:43:00,TX,Credit Card,Approved,True,Friendly Fraud
1057,206,Gas,180.74,2025-09-10,02:22:00,IL,Debit Card,Approved,False,None
1382,217,Grocery,1339.38,2026-04-25,00:43:00,CA,Debit Card,Approved,False,None
1426,217,Grocery,1364.56,2025-10-24,13:42:00,IL,Mobile Wallet,Approved,False,None
1347,222,Electronics,1686.45,2026-01-23,20:35:00,FL,Mobile Wallet,Approved,False,None
1292,229,Grocery,1954.4,2025-11-24,13:02:00,TX,Debit Card,Approved,False,None
1406,218,Restaurant,48.67,2025-09-23,20:40:00,NY,Debit Card,Approved,False,None
1473,207,Grocery,1425.14,2025-08-14,21:03:00,FL,Credit Card,Approved,False,None
1169,201,Retail,422.15,2026-02-23,07:56:00,CA,Credit Card,Approved,False,None
1291,242,Travel,1165.95,2026-05-09,21:46:00,FL,Debit Card,Approved,False,None
1315,235,Travel,198.84,2025-10-05,00:16:00,FL,Mobile Wallet,Approved,False,None
1184,203,Gas,1357.35,2025-11-27,08:02:00,IL,Debit Card,Approved,False,None
1311,214,Gas,248.04,2026-05-04,04:05:00,IL,Debit Card,Approved,False,None
1269,203,Grocery,71.9,2025-07-27,01:53:00,IL,Debit Card,Approved,False,None
1105,247,Gas,1893.48,2025-09-14,08:53:00,CA,Mobile Wallet,Approved,False,None
1472,210,Grocery,433.94,2026-03-25,00:52:00,TX,Debit Card,Approved,False,None
1407,250,Grocery,82.6,2025-10-17,05:47:00,CA,Credit Card,Approved,False,None
1371,221,Grocery,1195.94,2025-12-18,14:44:00,NY,Mobile Wallet,Approved,False,None
1418,205,Travel,143.83,2026-01-26,02:30:00,NY,Credit Card,Approved,False,None
1189,205,Electronics,1634.33,2025-08-04,03:08:00,NY,Debit Card,Approved,False,None
1179,243,Electronics,714.72,2026-05-16,23:19:00,FL,Debit Card,Approved,False,None
1235,212,Retail,1121.86,2026-01-04,06:29:00,FL,Mobile Wallet,Approved,True,Stolen Card
1151,225,Gas,747.52,2025-12-20,18:59:00,FL,Debit Card,Approved,False,None
1379,212,Grocery,451.93,2025-12-04,05:16:00,IL,Mobile Wallet,Approved,False,None
1009,238,Gas,593.98,2026-06-10,21:15:00,FL,Credit Card,Approved,False,None
1004,221,Electronics,1043.87,2026-03-26,15:44:00,FL,Debit Card,Approved,False,None
1462,205,Travel,1460.24,2025-11-28,04:15:00,IL,Debit Card,Approved,False,None
1467,204,Electronics,856.76,2025-12-09,15:43:00,CA,Credit Card,Approved,False,None
1200,222,Travel,1710.65,2025-10-10,19:02:00,FL,Credit Card,Approved,False,None
1279,214,Electronics,1584.9,2026-04-05,03:05:00,CA,Credit Card,Approved,True,Friendly Fraud
1329,212,Retail,192.74,2025-07-14,09:25:00,NY,Credit Card,Approved,False,None
1394,214,Electronics,1632.1,2026-03-22,05:16:00,FL,Debit Card,Approved,False,None
1137,237,Travel,695.21,2026-01-10,14:12:00,FL,Debit Card,Approved,False,None
1177,200,Electronics,309.33,2025-07-23,01:21:00,CA,Credit Card,Approved,False,None
1004,237,Gas,781.71,2026-04-01,07:16:00,FL,Credit Card,Approved,False,None
1157,250,Retail,1155.1,2025-09-11,18:37:00,NY,Debit Card,Approved,False,None
1229,241,Travel,1961.93,2025-10-12,22:33:00,TX,Credit Card,Approved,False,None
1171,233,Restaurant,1389.36,2026-05-11,08:34:00,IL,Mobile Wallet,Approved,False,None
1451,222,Travel,562.06,2025-12-07,22:28:00,NY,Credit Card,Approved,False,None
1247,242,Gas,1970.82,2026-06-16,12:14:00,CA,Debit Card,Approved,False,None
1064,232,Gas,1908.52,2025-12-19,19:58:00,IL,Mobile Wallet,Approved,True,Stolen Card
1186,246,Gas,1667.71,2026-03-30,07:39:00,TX,Mobile Wallet,Approved,False,None
1381,229,Electronics,1318.77,2026-04-25,20:10:00,IL,Debit Card,Approved,False,None
1315,208,Electronics,386.81,2025-10-19,18:30:00,NY,Mobile Wallet,Approved,False,None
1276,240,Retail,1108.71,2026-01-27,16:01:00,FL,Debit Card,Approved,False,None
1233,236,Travel,1315.25,2025-10-16,18:29:00,FL,Debit Card,Approved,False,None
1220,211,Travel,211.3,2025-11-25,22:16:00,CA,Credit Card,Approved,False,None
1448,213,Gas,1536.48,2025-12-24,10:20:00,IL,Mobile Wallet,Approved,False,None
1212,250,Electronics,319.0,2025-08-02,23:18:00,TX,Mobile Wallet,Approved,False,None
1141,212,Restaurant,546.41,2025-12-17,17:44:00,FL,Mobile Wallet,Approved,False,None
1258,214,Retail,1954.28,2026-05-27,13:52:00,TX,Mobile Wallet,Approved,False,None
1302,204,Travel,1642.72,2025-08-19,20:26:00,TX,Credit Card,Approved,False,None
1017,206,Electronics,179.45,2025-07-13,01:25:00,IL,Debit Card,Approved,False,None
1203,242,Grocery,812.55,2026-05-22,18:56:00,NY,Credit Card,Approved,False,None
1455,202,Gas,1379.39,2025-09-04,14:31:00,NY,Debit Card,Approved,False,None
1215,234,Electronics,206.33,2025-06-26,08:19:00,TX,Mobile Wallet,Approved,False,None
1100,244,Gas,1336.55,2025-07-04,14:03:00,CA,Debit Card,Approved,False,None
1312,214,Travel,133.83,2025-08-28,05:07:00,FL,Debit Card,Approved,False,None
1040,215,Retail,777.75,2026-04-10,20:50:00,CA,Debit Card,Approved,False,None
1261,207,Grocery,587.46,2025-12-10,05:42:00,IL,Credit Card,Approved,False,None
1332,205,Travel,1697.32,2025-11-06,19:46:00,NY,Mobile Wallet,Approved,False,None
1169,242,Restaurant,1991.54,2025-08-15,02:14:00,FL,Debit Card,Approved,False,None
1076,202,Retail,1085.31,2025-08-30,22:26:00,FL,Credit Card,Approved,True,Stolen Card
1111,241,Restaurant,1721.69,2025-07-24,22:15:00,IL,Debit Card,Approved,False,None
1334,214,Grocery,1063.17,2025-09-01,03:17:00,TX,Mobile Wallet,Approved,False,None
1034,226,Gas,1509.05,2026-04-24,23:57:00,CA,Mobile Wallet,Approved,False,None
1499,202,Gas,1256.48,2026-03-06,07:40:00,TX,Debit Card,Approved,False,None
1109,209,Electronics,1456.61,2025-08-19,23:16:00,CA,Credit Card,Approved,False,None
1471,240,Electronics,1339.86,2025-08-31,05:23:00,IL,Credit Card,Approved,False,None
1137,243,Restaurant,1813.13,2025-08-13,20:50:00,TX,Debit Card,Approved,False,None
1168,225,Restaurant,424.57,2025-12-14,16:50:00,TX,Mobile Wallet,Approved,False,None
1312,249,Travel,1734.62,2026-06-14,01:04:00,IL,Credit Card,Approved,False,None
1253,225,Retail,216.94,2026-02-11,02:39:00,TX,Debit Card,Approved,False,None
1495,202,Electronics,1832.15,2026-04-29,06:19:00,CA,Debit Card,Approved,False,None
1444,238,Restaurant,206.06,2026-02-04,07:42:00,IL,Debit Card,Approved,False,None
1341,206,Retail,500.68,2025-12-07,01:17:00,NY,Mobile Wallet,Approved,False,None
1259,245,Gas,1601.43,2026-03-03,05:26:00,FL,Mobile Wallet,Approved,False,None
1144,250,Electronics,1001.26,2026-06-11,06:01:00,FL,Credit Card,Approved,False,None
1002,239,Grocery,1395.11,2026-01-23,20:08:00,IL,Credit Card,Approved,False,None
1042,249,Gas,431.63,2025-09-30,19:15:00,FL,Credit Card,Approved,False,None
1124,237,Gas,105.74,2026-03-28,12:40:00,TX,Mobile Wallet,Approved,False,None
1372,241,Restaurant,1539.83,2025-07-31,08:18:00,CA,Debit Card,Approved,False,None
1411,246,Retail,21.39,2025-12-23,00:38:00,IL,Mobile Wallet,Approved,False,None
1209,232,Electronics,1667.53,2025-11-12,15:44:00,IL,Debit Card,Approved,False,None
1340,213,Travel,277.68,2025-10-12,07:57:00,NY,Mobile Wallet,Approved,False,None
1423,218,Restaurant,1049.63,2026-02-27,01:08:00,TX,Debit Card,Approved,False,None
1074,205,Grocery,1113.45,2026-02-02,23:40:00,TX,Mobile Wallet,Approved,False,None
1343,240,Gas,1732.35,2026-03-23,18:53:00,CA,Mobile Wallet,Approved,False,None
1298,233,Retail,1549.7,2026-06-10,12:21:00,IL,Credit Card,Approved,False,None
1049,219,Grocery,1151.23,2025-12-31,20:02:00,CA,Credit Card,Approved,False,None
1026,200,Retail,499.35,2025-08-09,01:53:00,IL,Credit Card,Approved,False,None
1433,214,Travel,1868.09,2025-07-29,15:52:00,IL,Debit Card,Approved,False,None
1153,237,Retail,259.05,2025-12-02,15:23:00,TX,Debit Card,Approved,False,None
1405,200,Electronics,1188.85,2026-02-23,01:47:00,NY,Debit Card,Approved,False,None
1292,245,Retail,1671.53,2025-10-02,04:43:00,FL,Mobile Wallet,Approved,False,None
1342,212,Gas,264.44,2025-09-28,22:08:00,TX,Credit Card,Approved,True,Stolen Card
1152,224,Travel,452.12,2025-12-09,12:52:00,NY,Credit Card,Approved,False,None
1250,236,Restaurant,1723.18,2025-11-03,00:06:00,CA,Mobile Wallet,Approved,False,None
1122,239,Electronics,367.88,2025-12-09,07:45:00,FL,Debit Card,Approved,False,None
1072,240,Travel,1962.19,2025-12-06,04:13:00,TX,Debit Card,Approved,True,Stolen Card
1493,219,Restaurant,226.14,2025-11-08,23:18:00,NY,Debit Card,Approved,False,None
1246,246,Gas,1123.63,2025-09-10,07:25:00,FL,Credit Card,Approved,False,None
1389,241,Restaurant,1275.25,2025-10-10,05:58:00,TX,Mobile Wallet,Approved,False,None
1173,235,Travel,1182.23,2026-02-02,04:33:00,TX,Credit Card,Approved,False,None
1130,211,Gas,113.73,2025-10-21,16:02:00,CA,Mobile Wallet,Approved,False,None
1206,236,Restaurant,1459.57,2025-11-13,23:09:00,IL,Mobile Wallet,Approved,False,None
1206,220,Retail,1822.0,2025-08-26,17:12:00,CA,Debit Card,Approved,False,None
1333,207,Restaurant,722.13,2025-12-15,19:44:00,TX,Mobile Wallet,Approved,False,None
1070,234,Retail,365.86,2025-12-30,14:03:00,CA,Credit Card,Approved,False,None
1424,224,Travel,1830.99,2026-02-13,09:48:00,TX,Debit Card,Approved,False,None
1290,204,Travel,497.64,2025-11-13,01:39:00,CA,Mobile Wallet,Approved,False,None
1191,240,Restaurant,1114.28,2025-09-22,05:42:00,NY,Debit Card,Approved,False,None
1458,214,Grocery,134.13,2025-10-10,00:47:00,FL,Credit Card,Approved,False,None
1062,250,Gas,1599.71,2025-10-26,08:40:00,NY,Credit Card,Approved,False,None
1045,219,Retail,875.84,2025-11-29,19:17:00,TX,Mobile Wallet,Approved,False,None
1061,246,Restaurant,1125.29,2026-03-18,14:56:00,IL,Debit Card,Approved,False,None
1209,232,Retail,1177.63,2026-04-11,22:43:00,IL,Credit Card,Approved,False,None
1049,234,Retail,853.22,2026-02-28,05:16:00,TX,Credit Card,Approved,False,None
1123,238,Electronics,593.75,2026-06-10,23:57:00,TX,Mobile Wallet,Approved,False,None
1138,250,Travel,1416.37,2026-01-23,20:21:00,FL,Mobile Wallet,Approved,False,None
1386,241,Restaurant,487.36,2025-07-12,20:55:00,NY,Mobile Wallet,Approved,False,None
1321,242,Restaurant,1564.51,2025-07-11,18:54:00,CA,Debit Card,Approved,False,None
1079,224,Gas,1620.29,2026-06-19,05:47:00,IL,Credit Card,Approved,False,None
1165,248,Electronics,1257.99,2025-07-28,09:54:00,TX,Mobile Wallet,Approved,False,None
1199,250,Restaurant,986.3,2025-12-24,20:36:00,FL,Credit Card,Approved,False,None
1011,224,Restaurant,453.07,2025-12-14,16:35:00,CA,Debit Card,Approved,False,None
1498,210,Electronics,867.62,2026-06-04,17:04:00,IL,Debit Card,Approved,False,None
1248,215,Retail,646.41,2026-03-13,12:12:00,IL,Credit Card,Approved,False,None
1246,245,Electronics,1960.38,2026-01-27,09:16:00,TX,Credit Card,Approved,False,None
1113,213,Restaurant,871.9,2026-03-15,23:58:00,IL,Mobile Wallet,Approved,False,None
1426,213,Retail,438.63,2026-06-15,10:27:00,CA,Debit Card,Approved,False,None
1109,228,Travel,470.18,2025-10-16,08:52:00,FL,Mobile Wallet,Approved,False,None
1480,216,Electronics,1759.11,2026-01-10,04:01:00,FL,Mobile Wallet,Approved,False,None
1055,233,Gas,1553.81,2026-04-13,22:14:00,NY,Debit Card,Approved,False,None
1215,214,Grocery,1418.61,2025-10-26,22:37:00,FL,Mobile Wallet,Approved,True,Stolen Card
1381,248,Gas,1179.44,2026-04-24,11:10:00,IL,Debit Card,Approved,False,None
1318,236,Grocery,1341.51,2025-08-02,13:09:00,CA,Debit Card,Approved,False,None
1020,209,Retail,1596.71,2025-10-15,16:57:00,FL,Debit Card,Approved,False,None
1237,200,Restaurant,843.32,2025-09-03,00:42:00,CA,Debit Card,Approved,False,None
1424,232,Travel,1877.69,2025-09-25,12:17:00,NY,Credit Card,Approved,False,None
1297,235,Grocery,1385.31,2026-05-14,10:30:00,NY,Debit Card,Approved,False,None
1035,243,Gas,707.47,2026-01-27,08:44:00,FL,Debit Card,Approved,False,None
1319,234,Grocery,1619.12,2025-11-28,08:48:00,CA,Credit Card,Approved,False,None
1146,248,Grocery,1491.47,2025-09-14,14:19:00,CA,Credit Card,Approved,False,None
1414,222,Restaurant,908.34,2025-10-06,11:22:00,IL,Mobile Wallet,Approved,False,None
1255,239,Gas,115.02,2025-12-31,06:09:00,FL,Credit Card,Approved,False,None
1436,227,Restaurant,926.06,2025-09-18,04:15:00,NY,Mobile Wallet,Approved,False,None
1309,209,Travel,1612.65,2026-05-29,03:14:00,NY,Mobile Wallet,Approved,False,None
1399,211,Grocery,1620.11,2026-03-27,08:35:00,NY,Credit Card,Approved,False,None
1222,225,Restaurant,440.06,2026-01-08,23:10:00,IL,Debit Card,Approved,False,None
1283,233,Travel,312.8,2025-07-12,23:28:00,FL,Debit Card,Approved,False,None
1466,244,Travel,119.98,2026-06-10,01:01:00,TX,Debit Card,Approved,False,None
1291,211,Retail,717.78,2026-04-15,18:39:00,IL,Debit Card,Approved,False,None
1456,219,Electronics,252.09,2026-05-02,22:56:00,TX,Mobile Wallet,Approved,False,None
1000,241,Electronics,1648.86,2025-08-07,13:15:00,CA,Mobile Wallet,Approved,False,None
1290,206,Travel,1669.8,2025-07-20,19:50:00,NY,Debit Card,Approved,False,None
1329,223,Grocery,1045.01,2025-06-24,17:12:00,TX,Debit Card,Approved,False,None
1350,227,Grocery,630.47,2025-12-08,04:04:00,CA,Credit Card,Approved,False,None
1155,204,Retail,981.35,2026-06-20,05:28:00,FL,Credit Card,Approved,False,None
1476,239,Grocery,839.91,2026-01-10,13:41:00,NY,Mobile Wallet,Approved,False,None
1004,232,Retail,1093.12,2025-11-03,04:37:00,TX,Debit Card,Approved,False,None
1455,221,Grocery,462.62,2026-01-12,02:21:00,CA,Credit Card,Approved,False,None
1318,250,Gas,72.42,2026-05-30,07:39:00,TX,Debit Card,Approved,False,None
1395,245,Gas,1662.38,2026-04-22,11:56:00,IL,Debit Card,Approved,False,None
1165,227,Electronics,1732.28,2025-12-23,16:11:00,FL,Credit Card,Approved,False,None
1184,222,Grocery,573.75,2025-09-05,23:55:00,FL,Mobile Wallet,Approved,False,None
1327,249,Grocery,1563.89,2025-10-31,15:19:00,NY,Credit Card,Approved,False,None
1249,200,Retail,1615.26,2025-12-28,08:27:00,FL,Debit Card,Approved,False,None
1442,215,Travel,778.97,2025-11-21,12:35:00,TX,Mobile Wallet,Approved,False,None
1141,241,Restaurant,1581.25,2026-05-19,10:37:00,CA,Debit Card,Approved,False,None
1095,222,Travel,1292.96,2025-09-09,18:55:00,TX,Mobile Wallet,Approved,False,None
1153,203,Restaurant,653.59,2026-03-17,04:02:00,FL,Credit Card,Approved,False,None
1341,225,Grocery,1342.96,2026-01-09,17:05:00,NY,Credit Card,Approved,False,None
1298,243,Restaurant,878.93,2025-09-17,20:09:00,IL,Credit Card,Approved,False,None
1169,203,Grocery,1857.98,2025-08-12,13:54:00,NY,Mobile Wallet,Approved,False,None
1213,249,Restaurant,819.81,2025-10-26,10:20:00,CA,Mobile Wallet,Approved,False,None
1206,210,Restaurant,436.42,2025-10-08,09:17:00,NY,Credit Card,Approved,False,None
1065,201,Restaurant,1548.21,2025-11-13,03:05:00,NY,Mobile Wallet,Approved,False,None
1267,219,Retail,186.36,2026-02-11,23:59:00,IL,Debit Card,Approved,False,None
1476,236,Restaurant,153.72,2025-12-26,19:56:00,IL,Credit Card,Approved,False,None
1328,226,Grocery,1209.77,2026-04-27,09:48:00,CA,Debit Card,Approved,False,None
1156,209,Grocery,498.71,2025-08-30,22:10:00,FL,Credit Card,Approved,False,None
1078,246,Electronics,698.43,2025-09-04,15:23:00,IL,Credit Card,Approved,False,None
1204,201,Restaurant,1448.92,2026-02-27,08:58:00,FL,Mobile Wallet,Approved,False,None
1475,218,Electronics,576.23,2026-05-13,07:51:00,FL,Debit Card,Approved,False,None
1343,245,Restaurant,1127.63,2026-05-16,13:52:00,FL,Credit Card,Approved,False,None
1107,221,Restaurant,680.06,2025-10-06,11:29:00,TX,Debit Card,Approved,False,None
1006,238,Travel,1686.31,2025-11-19,21:31:00,NY,Credit Card,Approved,False,None
1293,222,Grocery,1900.21,2026-03-05,08:22:00,FL,Credit Card,Approved,False,None
1073,201,Restaurant,851.48,2025-12-28,19:05:00,FL,Debit Card,Approved,False,None
1324,235,Restaurant,1869.45,2026-01-27,23:33:00,IL,Credit Card,Approved,False,None
1318,202,Grocery,179.56,2026-03-23,07:40:00,TX,Credit Card,Approved,False,None
1468,222,Retail,138.57,2025-10-27,04:36:00,IL,Mobile Wallet,Approved,False,None
1178,221,Grocery,1266.24,2025-09-20,17:23:00,TX,Debit Card,Approved,False,None
1133,207,Gas,1343.49,2026-03-26,23:14:00,IL,Mobile Wallet,Approved,False,None
1338,212,Grocery,82.26,2026-02-04,07:38:00,CA,Debit Card,Approved,False,None
1122,211,Gas,308.03,2025-08-04,10:09:00,TX,Debit Card,Approved,False,None
1293,246,Retail,367.4,2025-08-31,16:20:00,FL,Debit Card,Approved,False,None
1136,201,Gas,740.35,2026-05-30,13:08:00,NY,Credit Card,Approved,False,None
1207,202,Travel,1676.81,2025-08-23,18:26:00,FL,Mobile Wallet,Approved,False,None
1454,207,Electronics,1659.6,2025-08-28,18:18:00,NY,Credit Card,Approved,False,None
1029,200,Gas,1451.16,2025-10-22,05:49:00,NY,Credit Card,Approved,False,None
1423,229,Electronics,31.45,2026-05-06,23:50:00,TX,Debit Card,Approved,False,None
1444,245,Restaurant,1279.28,2026-01-01,05:28:00,TX,Mobile Wallet,Approved,False,None
1233,238,Electronics,435.68,2026-03-27,17:08:00,NY,Mobile Wallet,Approved,False,None
1338,239,Restaurant,662.81,2025-09-22,23:41:00,NY,Debit Card,Approved,False,None
1473,240,Travel,337.34,2025-08-20,17:23:00,CA,Mobile Wallet,Approved,False,None
1356,231,Gas,20.82,2026-03-22,05:07:00,CA,Credit Card,Approved,False,None
1380,247,Grocery,602.64,2026-04-01,03:24:00,CA,Mobile Wallet,Approved,False,None
1373,206,Restaurant,1748.86,2026-01-12,22:56:00,CA,Mobile Wallet,Approved,False,None
1114,240,Retail,463.63,2026-03-28,12:41:00,FL,Credit Card,Approved,False,None
1499,218,Restaurant,346.9,2026-05-17,15:21:00,FL,Mobile Wallet,Approved,False,None
1118,228,Gas,415.96,2026-01-14,14:53:00,CA,Credit Card,Approved,False,None
1213,228,Restaurant,1961.14,2026-01-09,09:19:00,FL,Debit Card,Approved,False,None
1415,232,Retail,150.58,2025-12-31,09:55:00,CA,Mobile Wallet,Approved,False,None
1367,210,Gas,39.27,2025-07-20,04:04:00,TX,Debit Card,Approved,False,None
1230,216,Travel,1670.49,2026-01-04,11:33:00,TX,Credit Card,Approved,False,None
1167,244,Travel,963.45,2025-10-24,05:30:00,FL,Debit Card,Approved,False,None
1423,240,Retail,300.9,2025-10-31,17:37:00,CA,Mobile Wallet,Approved,False,None
1342,245,Grocery,1334.42,2025-06-30,18:41:00,CA,Mobile Wallet,Approved,False,None
1337,246,Gas,1800.88,2026-05-22,12:47:00,IL,Credit Card,Approved,False,None
1429,209,Restaurant,190.02,2025-07-02,13:08:00,TX,Mobile Wallet,Approved,False,None
1196,209,Electronics,441.05,2025-12-12,08:42:00,CA,Mobile Wallet,Approved,False,None
1233,205,Grocery,177.87,2025-12-26,22:15:00,CA,Debit Card,Approved,False,None
1040,237,Restaurant,419.31,2025-09-15,23:01:00,CA,Mobile Wallet,Approved,True,Stolen Card
1182,223,Gas,1040.35,2025-07-25,22:57:00,IL,Debit Card,Approved,False,None
1069,210,Electronics,1417.37,2026-01-05,19:52:00,CA,Mobile Wallet,Approved,True,Account Takeover
1020,231,Gas,1431.37,2025-08-27,18:56:00,CA,Mobile Wallet,Approved,False,None
1300,206,Retail,1581.94,2025-11-17,20:57:00,FL,Debit Card,Approved,False,None
1386,208,Grocery,65.71,2025-08-12,08:50:00,TX,Debit Card,Approved,False,None
1046,215,Electronics,67.31,2026-02-24,21:16:00,NY,Credit Card,Approved,False,None
1030,237,Electronics,85.67,2026-05-28,10:41:00,NY,Debit Card,Approved,False,None
1416,232,Grocery,1960.25,2025-11-18,03:57:00,CA,Credit Card,Approved,False,None
1354,234,Retail,1875.49,2025-11-27,07:50:00,IL,Mobile Wallet,Approved,False,None
1249,248,Travel,1496.65,2026-02-15,11:42:00,IL,Mobile Wallet,Approved,False,None
1305,218,Gas,389.62,2025-12-07,16:30:00,NY,Mobile Wallet,Approved,False,None
1222,210,Electronics,925.59,2025-12-10,08:44:00,NY,Debit Card,Approved,False,None
1264,218,Grocery,287.26,2026-03-01,21:34:00,NY,Credit Card,Approved,False,None
1100,221,Electronics,681.76,2026-04-15,01:00:00,FL,Credit Card,Approved,False,None
1453,217,Electronics,593.07,2026-03-04,01:44:00,NY,Mobile Wallet,Approved,False,None
1379,217,Grocery,471.97,2026-03-01,02:21:00,TX,Mobile Wallet,Approved,False,None
1395,221,Gas,1005.97,2025-11-15,23:45:00,FL,Debit Card,Approved,False,None
1109,223,Gas,9.69,2025-09-20,08:01:00,CA,Credit Card,Approved,False,None
1386,210,Restaurant,392.94,2026-05-05,10:56:00,NY,Debit Card,Approved,False,None
1086,221,Retail,732.78,2026-02-12,08:16:00,CA,Credit Card,Approved,False,None
1443,231,Electronics,1074.05,2026-04-18,06:28:00,FL,Credit Card,Approved,False,None
1280,238,Travel,1309.1,2026-02-25,18:15:00,NY,Debit Card,Approved,False,None
1382,222,Electronics,1512.99,2026-01-16,06:38:00,FL,Credit Card,Approved,True,Friendly Fraud
1264,221,Restaurant,252.54,2025-09-06,06:29:00,FL,Credit Card,Approved,False,None
1119,248,Gas,92.46,2025-09-05,15:02:00,NY,Credit Card,Approved,False,None
1283,250,Electronics,742.28,2026-02-21,01:45:00,NY,Debit Card,Approved,False,None
1483,229,Gas,320.7,2025-10-20,23:56:00,CA,Debit Card,Approved,False,None
1092,203,Travel,1130.73,2025-12-18,09:44:00,IL,Credit Card,Approved,False,None
1471,243,Retail,1348.77,2026-06-07,17:21:00,TX,Mobile Wallet,Approved,False,None
1418,223,Gas,1684.94,2025-07-06,10:36:00,IL,Credit Card,Approved,False,None
1063,212,Electronics,777.6,2025-09-16,07:33:00,NY,Credit Card,Approved,False,None
1272,238,Gas,913.21,2026-06-24,08:16:00,FL,Debit Card,Approved,False,None
1099,219,Grocery,208.65,2026-05-26,11:51:00,FL,Credit Card,Approved,False,None
1172,215,Gas,1410.75,2025-11-15,00:18:00,NY,Debit Card,Approved,False,None
1489,209,Travel,130.81,2026-06-03,06:42:00,CA,Debit Card,Approved,False,None
1288,229,Restaurant,1192.28,2026-03-19,12:36:00,NY,Debit Card,Approved,False,None
1098,201,Grocery,211.67,2025-09-08,19:05:00,TX,Credit Card,Approved,False,None
1079,234,Travel,1722.38,2025-12-17,21:29:00,TX,Credit Card,Approved,False,None
1285,240,Retail,1700.49,2026-06-22,09:26:00,IL,Debit Card,Approved,False,None
1341,224,Electronics,1943.42,2026-04-19,08:05:00,NY,Debit Card,Approved,False,None
1300,221,Gas,1175.27,2025-11-29,07:45:00,NY,Credit Card,Approved,False,None
1435,233,Gas,1785.69,2026-05-06,06:31:00,NY,Credit Card,Approved,False,None
1145,238,Gas,184.36,2025-07-29,05:41:00,FL,Mobile Wallet,Approved,False,None
1174,243,Electronics,1112.72,2025-11-19,23:40:00,FL,Debit Card,Approved,False,None
1289,202,Travel,1205.88,2025-10-12,11:50:00,CA,Debit Card,Approved,False,None
1000,233,Electronics,806.16,2026-05-29,07:13:00,TX,Mobile Wallet,Approved,False,None
1388,206,Grocery,219.78,2026-04-18,06:32:00,FL,Mobile Wallet,Approved,True,Account Takeover
1254,208,Travel,501.84,2026-04-07,02:10:00,NY,Debit Card,Approved,False,None
1341,234,Electronics,1515.05,2026-01-20,02:14:00,IL,Debit Card,Approved,False,None
1436,226,Retail,177.31,2026-05-26,23:25:00,NY,Mobile Wallet,Approved,False,None
1225,233,Electronics,537.81,2025-12-14,04:27:00,CA,Credit Card,Approved,False,None
1496,242,Electronics,1444.05,2025-10-17,09:51:00,CA,Credit Card,Approved,False,None
1312,209,Gas,331.94,2026-06-21,01:17:00,TX,Credit Card,Approved,False,None
1254,226,Grocery,1384.97,2026-03-10,05:10:00,NY,Credit Card,Approved,False,None
1247,241,Grocery,1565.55,2026-06-13,04:58:00,CA,Mobile Wallet,Approved,False,None
1054,207,Retail,1104.5,2025-08-12,22:15:00,IL,Debit Card,Approved,False,None
1335,244,Gas,1624.38,2026-01-25,01:17:00,CA,Credit Card,Approved,True,Friendly Fraud
1261,234,Retail,767.25,2025-07-21,05:04:00,TX,Debit Card,Approved,False,None
1064,205,Retail,1946.96,2025-11-21,15:31:00,TX,Credit Card,Approved,False,None
1159,204,Travel,1494.86,2025-08-01,02:16:00,TX,Debit Card,Approved,False,None
1495,234,Travel,383.88,2025-08-01,04:58:00,CA,Credit Card,Approved,False,None
1047,203,Restaurant,1194.87,2026-03-26,00:22:00,IL,Credit Card,Approved,False,None
1158,210,Gas,19.01,2025-09-05,19:58:00,IL,Mobile Wallet,Approved,False,None
1033,207,Grocery,794.17,2025-07-19,12:11:00,TX,Debit Card,Approved,False,None
1438,244,Retail,1115.31,2025-12-10,10:42:00,FL,Credit Card,Approved,False,None
1033,219,Retail,501.58,2025-06-29,18:47:00,TX,Mobile Wallet,Approved,False,None
1495,250,Grocery,1767.44,2026-01-25,10:04:00,TX,Credit Card,Approved,False,None
1141,202,Travel,1586.26,2026-05-22,05:42:00,TX,Credit Card,Approved,False,None
1212,217,Restaurant,523.87,2025-12-27,02:51:00,CA,Debit Card,Approved,False,None
1092,223,Restaurant,1874.68,2025-11-01,19:07:00,TX,Credit Card,Approved,False,None
1221,229,Grocery,572.84,2025-08-26,01:52:00,IL,Debit Card,Approved,False,None
1250,223,Travel,622.35,2026-06-05,13:21:00,IL,Mobile Wallet,Approved,False,None
1326,207,Grocery,738.21,2025-08-04,15:04:00,FL,Credit Card,Approved,False,None
1283,221,Grocery,177.37,2025-07-30,11:27:00,NY,Credit Card,Approved,False,None
1492,208,Grocery,809.11,2026-01-24,11:39:00,IL,Credit Card,Approved,False,None
1387,219,Electronics,1570.01,2025-08-06,22:52:00,FL,Debit Card,Approved,False,None
1464,245,Grocery,1767.92,2025-10-15,05:02:00,NY,Mobile Wallet,Approved,False,None
1037,245,Retail,1753.9,2025-09-17,07:59:00,TX,Credit Card,Approved,False,None
1267,238,Restaurant,1125.67,2025-08-04,00:14:00,TX,Mobile Wallet,Approved,False,None
1316,249,Retail,1062.24,2026-05-24,10:46:00,CA,Credit Card,Approved,False,None
1423,204,Gas,746.0,2025-11-08,03:44:00,TX,Mobile Wallet,Approved,False,None
1461,233,Travel,1569.89,2025-12-19,18:33:00,IL,Mobile Wallet,Approved,False,None
1242,249,Gas,474.66,2025-11-05,12:51:00,FL,Credit Card,Approved,False,None
1065,234,Travel,24.88,2025-07-13,12:19:00,FL,Mobile Wallet,Approved,False,None
1301,212,Travel,650.23,2025-12-22,02:10:00,NY,Debit Card,Approved,False,None
1054,239,Grocery,1125.18,2026-04-15,06:42:00,IL,Credit Card,Approved,False,None
1379,241,Travel,1524.26,2026-06-22,23:12:00,CA,Debit Card,Approved,False,None
1427,247,Restaurant,1253.58,2026-01-29,14:44:00,TX,Credit Card,Approved,True,Stolen Card
1084,242,Gas,955.4,2025-10-08,08:51:00,IL,Credit Card,Approved,False,None
1283,226,Gas,470.72,2025-10-23,22:45:00,FL,Credit Card,Approved,False,None
1111,245,Electronics,1783.74,2025-06-24,13:30:00,NY,Mobile Wallet,Approved,False,None
1292,209,Restaurant,1965.53,2025-12-08,05:09:00,CA,Debit Card,Approved,False,None
1213,221,Gas,953.15,2026-04-29,19:04:00,TX,Mobile Wallet,Approved,False,None
1072,202,Electronics,1982.55,2025-09-01,19:36:00,IL,Credit Card,Approved,False,None
1467,216,Travel,1576.44,2026-05-23,23:19:00,NY,Credit Card,Approved,False,None
1173,220,Retail,760.48,2026-02-04,00:19:00,IL,Mobile Wallet,Approved,False,None
1369,207,Grocery,160.63,2025-12-21,20:15:00,TX,Mobile Wallet,Approved,False,None
1363,232,Retail,1362.41,2025-12-29,08:15:00,CA,Credit Card,Approved,False,None
1451,220,Restaurant,1040.78,2026-03-18,09:12:00,TX,Credit Card,Approved,False,None
1179,242,Grocery,11.67,2025-09-09,02:24:00,IL,Credit Card,Approved,False,None
1328,223,Retail,379.71,2025-08-13,13:28:00,NY,Credit Card,Approved,False,None
1245,229,Travel,1900.97,2025-12-22,03:16:00,IL,Debit Card,Approved,False,None
1162,236,Gas,1362.47,2025-07-02,07:58:00,TX,Debit Card,Approved,False,None
1404,248,Restaurant,224.63,2025-09-11,23:25:00,IL,Credit Card,Approved,False,None
1224,225,Grocery,123.75,2026-06-14,10:37:00,IL,Debit Card,Approved,False,None
1390,244,Gas,582.59,2026-06-22,05:54:00,CA,Credit Card,Approved,False,None
1143,227,Retail,1596.26,2025-08-23,17:13:00,IL,Credit Card,Approved,False,None
1207,249,Grocery,481.34,2026-05-26,13:12:00,FL,Mobile Wallet,Approved,False,None
1177,226,Gas,1776.94,2025-09-29,09:54:00,NY,Debit Card,Approved,False,None
1457,201,Grocery,571.32,2025-07-08,05:10:00,CA,Credit Card,Approved,False,None
1082,207,Retail,146.79,2026-02-05,02:51:00,TX,Credit Card,Approved,False,None
1186,227,Grocery,1095.19,2026-01-08,09:59:00,NY,Debit Card,Approved,False,None
1359,241,Restaurant,98.49,2026-04-16,03:52:00,IL,Credit Card,Approved,False,None
1230,220,Grocery,374.55,2025-11-14,03:39:00,NY,Credit Card,Approved,False,None
1385,237,Retail,1402.79,2025-08-01,20:17:00,TX,Mobile Wallet,Approved,False,None
1161,238,Electronics,914.32,2025-07-25,00:02:00,NY,Debit Card,Approved,False,None
1284,250,Retail,483.72,2025-07-05,14:14:00,CA,Debit Card,Approved,False,None
1119,206,Electronics,1056.43,2025-11-24,04:33:00,NY,Credit Card,Approved,False,None
1256,234,Gas,453.08,2025-08-22,12:16:00,FL,Debit Card,Approved,False,None
1031,231,Electronics,219.85,2026-05-29,03:17:00,IL,Mobile Wallet,Approved,False,None
1084,209,Grocery,1971.99,2026-06-09,12:34:00,TX,Debit Card,Approved,False,None
1129,228,Grocery,792.53,2025-11-15,12:38:00,TX,Credit Card,Approved,False,None
1032,213,Restaurant,793.79,2025-11-07,18:52:00,TX,Credit Card,Approved,False,None
1192,233,Travel,945.83,2026-06-11,10:39:00,IL,Debit Card,Approved,False,None
1416,244,Grocery,1414.56,2025-12-15,00:43:00,FL,Mobile Wallet,Approved,False,None
1375,204,Grocery,691.65,2026-04-13,19:11:00,NY,Debit Card,Approved,False,None
1291,235,Retail,628.86,2026-03-23,15:41:00,CA,Debit Card,Approved,False,None
1305,201,Retail,1999.43,2026-06-04,19:11:00,TX,Debit Card,Approved,False,None
1028,224,Grocery,1443.62,2026-04-05,22:22:00,IL,Credit Card,Approved,False,None
1322,246,Restaurant,444.53,2025-09-28,07:14:00,NY,Credit Card,Approved,False,None
1449,209,Retail,976.05,2026-02-21,13:20:00,CA,Credit Card,Approved,False,None
1066,207,Grocery,1945.9,2026-03-22,19:08:00,NY,Debit Card,Approved,False,None
1052,228,Grocery,1392.49,2025-11-12,20:21:00,FL,Credit Card,Approved,False,None
1147,249,Electronics,355.49,2025-12-26,23:19:00,IL,Mobile Wallet,Approved,False,None
1342,218,Grocery,1848.88,2026-02-08,05:15:00,CA,Debit Card,Approved,False,None
1066,228,Gas,1296.34,2026-04-11,22:19:00,IL,Debit Card,Approved,False,None
1149,215,Gas,663.08,2025-07-11,04:29:00,NY,Debit Card,Approved,False,None
1074,239,Grocery,211.19,2026-05-03,21:16:00,CA,Mobile Wallet,Approved,False,None
1074,231,Grocery,488.25,2025-08-12,11:17:00,CA,Mobile Wallet,Approved,False,None
1029,250,Grocery,1458.89,2025-09-28,14:58:00,FL,Credit Card,Approved,False,None
1412,202,Gas,563.47,2025-08-07,00:49:00,TX,Mobile Wallet,Approved,False,None
1085,249,Travel,1676.0,2026-06-03,07:01:00,IL,Credit Card,Approved,False,None
1045,231,Grocery,254.71,2025-09-19,05:38:00,IL,Mobile Wallet,Approved,False,None
1176,242,Retail,491.11,2025-08-05,05:02:00,TX,Debit Card,Approved,False,None
1361,237,Electronics,1760.81,2026-05-01,10:49:00,NY,Credit Card,Approved,False,None
1189,247,Electronics,1377.22,2025-11-26,09:02:00,IL,Credit Card,Approved,False,None
1387,222,Grocery,414.09,2025-10-27,06:43:00,TX,Credit Card,Approved,False,None
1084,222,Restaurant,1421.15,2025-12-19,15:41:00,CA,Mobile Wallet,Approved,False,None
1046,239,Retail,664.68,2026-03-04,08:47:00,FL,Debit Card,Approved,False,None
1185,242,Restaurant,1339.7,2025-10-06,14:41:00,FL,Debit Card,Approved,False,None
1135,249,Gas,1841.37,2025-08-22,14:23:00,IL,Mobile Wallet,Approved,False,None
1349,212,Electronics,1774.05,2025-07-26,03:54:00,TX,Mobile Wallet,Approved,False,None
1104,220,Retail,1905.31,2025-08-31,07:00:00,CA,Debit Card,Approved,False,None
1263,204,Retail,1449.78,2025-11-21,11:36:00,TX,Mobile Wallet,Approved,False,None
1152,231,Electronics,456.28,2026-03-30,07:41:00,FL,Credit Card,Approved,False,None
1167,212,Electronics,726.42,2026-05-18,01:20:00,NY,Debit Card,Approved,False,None
1369,232,Travel,93.98,2026-06-16,10:14:00,NY,Debit Card,Approved,False,None
1430,227,Retail,330.34,2025-12-30,14:07:00,NY,Debit Card,Approved,True,Account Takeover
1219,227,Restaurant,1318.89,2026-02-01,01:17:00,NY,Debit Card,Approved,False,None
1254,229,Retail,1370.4,2025-09-05,06:27:00,TX,Mobile Wallet,Approved,False,None
1192,224,Restaurant,999.47,2026-05-25,03:31:00,NY,Debit Card,Approved,False,None
1411,245,Gas,1299.13,2025-08-14,15:13:00,IL,Credit Card,Approved,False,None
1437,203,Restaurant,905.7,2025-11-02,00:37:00,NY,Debit Card,Approved,False,None
1129,201,Retail,373.84,2026-06-22,04:55:00,TX,Credit Card,Approved,False,None
1383,248,Gas,960.42,2025-12-11,05:48:00,IL,Debit Card,Approved,False,None
1142,211,Travel,836.18,2026-03-28,07:35:00,CA,Mobile Wallet,Approved,False,None
1373,241,Electronics,1999.1,2025-10-20,22:14:00,TX,Debit Card,Approved,False,None
1282,238,Grocery,1577.41,2026-01-08,14:21:00,TX,Mobile Wallet,Approved,False,None
1215,243,Travel,1476.42,2026-04-04,01:55:00,CA,Credit Card,Approved,False,None
1050,247,Gas,894.9,2025-12-29,09:19:00,IL,Credit Card,Approved,False,None
1187,232,Retail,1055.26,2026-01-18,02:29:00,CA,Credit Card,Approved,False,None
1488,238,Electronics,1036.24,2026-05-25,02:27:00,NY,Credit Card,Approved,False,None
1165,241,Gas,1846.71,2026-01-28,01:38:00,TX,Credit Card,Approved,False,None
1108,230,Grocery,356.49,2025-06-25,14:20:00,FL,Mobile Wallet,Approved,False,None
1314,247,Restaurant,581.1,2026-05-28,12:21:00,CA,Debit Card,Approved,False,None
1010,221,Grocery,70.53,2026-04-05,22:41:00,TX,Mobile Wallet,Approved,False,None
1155,214,Restaurant,1938.92,2026-04-17,05:49:00,CA,Credit Card,Approved,False,None
1283,215,Gas,1792.26,2026-01-29,10:13:00,FL,Debit Card,Approved,False,None
1366,250,Electronics,1964.21,2026-03-06,23:13:00,TX,Debit Card,Approved,False,None
1359,250,Electronics,22.13,2025-07-26,07:39:00,NY,Debit Card,Approved,False,None
1414,243,Grocery,1060.46,2025-07-16,21:50:00,TX,Credit Card,Approved,False,None
1222,238,Restaurant,813.53,2026-02-02,19:00:00,CA,Mobile Wallet,Approved,False,None
1152,207,Restaurant,624.4,2025-09-15,00:16:00,CA,Debit Card,Approved,False,None
1171,237,Gas,1660.33,2026-01-21,06:33:00,TX,Debit Card,Approved,False,None
1392,230,Retail,885.93,2026-02-23,16:32:00,TX,Mobile Wallet,Approved,False,None
1227,226,Grocery,658.92,2026-02-03,12:31:00,TX,Mobile Wallet,Approved,False,None
1481,212,Restaurant,1409.1,2026-05-08,14:09:00,FL,Mobile Wallet,Approved,False,None
1275,208,Restaurant,1993.33,2025-07-19,22:31:00,NY,Mobile Wallet,Approved,False,None
1236,234,Restaurant,1796.55,2025-11-14,09:31:00,CA,Mobile Wallet,Approved,False,None
1020,228,Gas,1977.24,2026-02-17,02:38:00,NY,Credit Card,Approved,False,None
1003,228,Grocery,990.92,2026-02-01,14:44:00,NY,Debit Card,Approved,False,None
1315,237,Electronics,445.85,2025-09-03,03:01:00,IL,Mobile Wallet,Approved,False,None
1195,202,Electronics,884.51,2025-08-07,23:40:00,IL,Debit Card,Approved,False,None
1287,222,Travel,710.17,2025-07-10,07:16:00,IL,Credit Card,Approved,False,None
1080,249,Grocery,569.54,2025-07-19,18:02:00,TX,Mobile Wallet,Approved,False,None
1112,232,Restaurant,1744.9,2026-05-17,18:43:00,FL,Credit Card,Approved,False,None
1473,225,Restaurant,100.75,2025-08-26,20:35:00,NY,Debit Card,Approved,False,None
1271,224,Gas,1594.94,2025-07-28,18:25:00,NY,Debit Card,Approved,False,None
1316,235,Grocery,1318.39,2026-01-30,07:11:00,NY,Credit Card,Approved,False,None
1475,204,Gas,806.72,2025-08-23,18:48:00,TX,Credit Card,Approved,False,None
1319,250,Travel,1907.23,2026-04-24,16:35:00,CA,Mobile Wallet,Approved,True,Friendly Fraud
1470,207,Electronics,1940.56,2025-08-14,20:35:00,CA,Credit Card,Approved,False,None
1165,244,Retail,1994.0,2026-06-15,11:01:00,FL,Credit Card,Approved,False,None
1276,230,Electronics,70.74,2026-05-17,21:02:00,CA,Debit Card,Approved,False,None
1424,237,Restaurant,946.43,2025-09-27,15:54:00,IL,Debit Card,Approved,False,None
1123,226,Grocery,1381.22,2025-09-24,19:40:00,IL,Mobile Wallet,Approved,False,None
1324,229,Restaurant,1992.62,2026-06-19,02:26:00,IL,Debit Card,Approved,False,None
1382,244,Retail,364.12,2025-12-26,16:54:00,NY,Credit Card,Approved,False,None
1437,226,Grocery,1399.74,2026-05-08,18:17:00,CA,Credit Card,Approved,False,None
1040,234,Retail,1399.29,2025-07-27,21:12:00,NY,Mobile Wallet,Approved,False,None
1184,242,Retail,1055.18,2026-01-27,00:09:00,FL,Mobile Wallet,Approved,False,None
1282,242,Travel,756.93,2026-01-17,02:17:00,TX,Debit Card,Approved,False,None
1246,240,Gas,243.03,2025-12-29,03:32:00,IL,Mobile Wallet,Approved,False,None
1047,243,Gas,1346.52,2025-11-11,02:46:00,TX,Debit Card,Approved,False,None
1389,211,Electronics,282.69,2025-11-18,14:56:00,CA,Debit Card,Approved,False,None
1139,219,Retail,1171.16,2026-06-07,16:26:00,TX,Debit Card,Approved,False,None
1036,212,Grocery,1333.63,2026-02-25,07:24:00,TX,Mobile Wallet,Approved,False,None
1287,247,Restaurant,1554.83,2026-04-25,15:44:00,TX,Credit Card,Approved,False,None
1094,209,Restaurant,1603.45,2025-12-01,12:25:00,NY,Mobile Wallet,Approved,False,None
1328,235,Electronics,557.69,2025-11-25,11:22:00,TX,Mobile Wallet,Approved,False,None
1344,218,Restaurant,1627.11,2025-09-27,14:01:00,FL,Mobile Wallet,Approved,False,None
1265,227,Gas,1552.51,2026-03-02,20:05:00,IL,Mobile Wallet,Approved,False,None
1024,212,Restaurant,1995.25,2025-08-26,20:50:00,FL,Mobile Wallet,Approved,False,None
1362,204,Electronics,184.24,2025-11-02,02:25:00,NY,Credit Card,Approved,False,None
1200,230,Grocery,1248.75,2025-11-12,13:03:00,FL,Mobile Wallet,Approved,False,None
1416,248,Grocery,1410.35,2025-08-27,12:59:00,FL,Mobile Wallet,Approved,False,None
1428,238,Retail,118.06,2026-02-04,15:29:00,TX,Debit Card,Approved,False,None
1076,213,Grocery,1709.47,2025-10-14,10:48:00,NY,Credit Card,Approved,False,None
1031,243,Gas,1306.88,2026-01-03,20:37:00,CA,Credit Card,Approved,False,None
1346,230,Gas,968.9,2025-09-10,12:52:00,CA,Credit Card,Approved,False,None
1264,205,Grocery,589.61,2025-11-03,22:04:00,CA,Debit Card,Approved,False,None
1462,239,Electronics,1725.54,2026-03-04,01:07:00,CA,Mobile Wallet,Approved,False,None
1490,238,Travel,629.41,2025-11-10,16:32:00,CA,Debit Card,Approved,False,None
1300,212,Retail,1531.61,2026-05-02,13:30:00,NY,Mobile Wallet,Approved,False,None
1269,203,Retail,288.78,2025-07-09,19:50:00,IL,Credit Card,Approved,False,None
1347,230,Electronics,306.93,2026-03-20,22:15:00,TX,Mobile Wallet,Approved,False,None
1478,245,Electronics,1515.4,2025-12-03,08:13:00,TX,Debit Card,Approved,False,None
1243,240,Gas,1735.14,2026-04-23,21:45:00,TX,Mobile Wallet,Approved,False,None
1008,245,Retail,26.25,2025-10-28,11:36:00,CA,Credit Card,Approved,False,None
1424,204,Travel,1734.12,2025-11-27,20:31:00,IL,Debit Card,Approved,False,None
1421,220,Grocery,1831.04,2025-08-16,17:05:00,FL,Debit Card,Approved,False,None
1304,206,Travel,86.12,2025-10-27,06:05:00,TX,Credit Card,Approved,False,None
1055,236,Retail,240.87,2026-05-11,21:10:00,TX,Debit Card,Approved,False,None
1493,201,Grocery,379.58,2026-02-04,10:23:00,FL,Mobile Wallet,Approved,False,None
1268,245,Retail,313.57,2026-02-11,14:09:00,TX,Debit Card,Approved,False,None
1476,235,Retail,1968.94,2026-02-11,06:42:00,CA,Credit Card,Approved,False,None
1178,242,Electronics,241.53,2026-06-11,14:29:00,NY,Mobile Wallet,Approved,False,None
1418,224,Retail,1373.12,2025-07-19,01:24:00,TX,Credit Card,Approved,False,None
1421,223,Grocery,72.78,2026-03-13,09:02:00,TX,Credit Card,Approved,False,None
1157,213,Electronics,1011.6,2026-02-07,13:24:00,FL,Mobile Wallet,Approved,False,None
1037,231,Electronics,718.2,2026-06-23,09:03:00,NY,Credit Card,Approved,False,None
1346,229,Grocery,1909.98,2025-11-25,10:35:00,TX,Credit Card,Approved,True,Account Takeover
1199,211,Retail,1391.43,2025-12-14,00:05:00,FL,Debit Card,Approved,False,None
1406,224,Retail,425.54,2025-12-06,18:33:00,CA,Mobile Wallet,Approved,False,None
1012,220,Travel,1516.99,2025-07-27,18:51:00,CA,Credit Card,Approved,False,None
1316,219,Retail,391.6,2025-11-12,13:32:00,FL,Debit Card,Approved,False,None
1338,219,Retail,1398.52,2026-02-23,21:19:00,NY,Mobile Wallet,Approved,False,None
1495,229,Grocery,1831.02,2026-02-11,21:06:00,NY,Credit Card,Approved,False,None
1129,226,Retail,451.4,2025-08-10,05:19:00,CA,Debit Card,Approved,False,None
1446,244,Travel,1065.06,2025-10-13,04:06:00,FL,Mobile Wallet,Approved,False,None
1102,240,Travel,1160.17,2026-01-15,02:57:00,CA,Credit Card,Approved,False,None
1167,223,Gas,1619.64,2025-09-11,13:39:00,NY,Mobile Wallet,Approved,False,None
1167,235,Retail,1643.46,2026-05-17,12:31:00,TX,Credit Card,Approved,False,None
1369,217,Electronics,1161.06,2026-03-01,15:21:00,NY,Debit Card,Approved,False,None
1470,200,Grocery,890.66,2026-04-15,01:36:00,FL,Debit Card,Approved,False,None
1259,239,Retail,888.89,2026-06-18,16:17:00,TX,Debit Card,Approved,False,None
1280,201,Travel,1577.78,2026-05-15,12:02:00,IL,Mobile Wallet,Approved,False,None
1230,246,Retail,1921.68,2026-03-23,12:35:00,IL,Debit Card,Approved,False,None
1376,234,Restaurant,550.53,2026-06-20,03:50:00,NY,Credit Card,Approved,False,None
1463,231,Restaurant,1482.84,2025-08-14,18:16:00,CA,Credit Card,Approved,False,None
1286,226,Restaurant,548.16,2025-12-06,11:18:00,CA,Debit Card,Approved,False,None
1231,216,Restaurant,774.95,2025-11-12,13:47:00,IL,Debit Card,Approved,False,None
1371,249,Grocery,1688.77,2025-08-19,08:01:00,TX,Credit Card,Approved,False,None
1381,235,Restaurant,479.35,2025-12-29,07:53:00,TX,Credit Card,Approved,False,None
1346,209,Restaurant,249.06,2025-11-15,01:48:00,FL,Debit Card,Approved,False,None
1363,226,Travel,1662.81,2026-05-05,10:15:00,TX,Credit Card,Approved,False,None
1441,205,Grocery,468.02,2025-09-12,15:04:00,TX,Debit Card,Approved,False,None
1228,230,Retail,279.15,2025-07-07,09:02:00,NY,Credit Card,Approved,False,None
1043,249,Retail,1210.09,2025-08-13,03:27:00,TX,Credit Card,Approved,False,None
1463,243,Grocery,483.35,2026-01-28,15:22:00,TX,Debit Card,Approved,False,None
1328,216,Travel,556.67,2026-01-10,12:06:00,CA,Mobile Wallet,Approved,False,None
1067,216,Gas,1114.17,2025-12-23,11:57:00,FL,Credit Card,Approved,False,None
1117,233,Retail,662.13,2026-01-11,11:29:00,CA,Mobile Wallet,Approved,False,None
1042,248,Gas,1843.96,2025-07-19,18:12:00,IL,Mobile Wallet,Approved,False,None
1112,205,Grocery,1314.91,2025-08-02,15:15:00,IL,Mobile Wallet,Approved,False,None
1046,237,Grocery,1158.12,2026-02-11,12:09:00,IL,Mobile Wallet,Approved,False,None
1234,229,Restaurant,712.84,2026-03-09,13:47:00,TX,Debit Card,Approved,False,None
1033,218,Restaurant,1320.13,2026-03-03,06:47:00,TX,Debit Card,Approved,False,None
1232,227,Travel,56.9,2025-06-30,08:01:00,CA,Debit Card,Approved,False,None
1443,217,Travel,1869.7,2026-05-11,13:17:00,TX,Credit Card,Approved,False,None
1178,207,Retail,1734.69,2025-07-28,17:36:00,FL,Debit Card,Approved,False,None
1233,227,Travel,710.27,2026-04-03,20:42:00,CA,Debit Card,Approved,False,None
1332,249,Restaurant,295.7,2025-08-01,19:48:00,FL,Mobile Wallet,Approved,False,None
1246,241,Retail,575.74,2025-11-07,19:15:00,FL,Credit Card,Approved,False,None
1396,204,Gas,372.8,2025-07-15,16:54:00,IL,Debit Card,Approved,False,None
1200,245,Travel,345.13,2026-05-10,10:50:00,NY,Credit Card,Approved,False,None
1356,227,Restaurant,1784.63,2025-09-02,19:06:00,FL,Mobile Wallet,Approved,False,None
1406,244,Retail,113.21,2026-03-19,14:35:00,CA,Mobile Wallet,Approved,False,None
1214,225,Gas,569.98,2025-07-24,07:22:00,FL,Debit Card,Approved,False,None
1194,229,Restaurant,300.18,2026-05-18,07:51:00,FL,Mobile Wallet,Approved,False,None
1323,220,Grocery,609.59,2025-11-09,00:12:00,NY,Mobile Wallet,Approved,False,None
1384,200,Retail,604.33,2026-05-19,03:19:00,NY,Credit Card,Approved,False,None
1116,248,Travel,635.75,2025-11-02,21:03:00,TX,Credit Card,Approved,False,None
1283,235,Gas,1640.76,2026-06-12,01:14:00,CA,Credit Card,Approved,False,None
1381,232,Grocery,785.29,2025-10-26,19:23:00,FL,Mobile Wallet,Approved,False,None
1174,233,Electronics,1845.19,2025-08-17,17:41:00,FL,Debit Card,Approved,False,None
1068,242,Gas,1401.0,2026-05-20,17:13:00,FL,Debit Card,Approved,False,None
1236,242,Grocery,1420.75,2025-08-24,19:10:00,FL,Mobile Wallet,Approved,False,None
1143,249,Electronics,447.91,2026-01-12,18:28:00,FL,Mobile Wallet,Approved,False,None
1299,222,Electronics,454.78,2026-05-10,20:26:00,NY,Mobile Wallet,Approved,False,None
1328,249,Grocery,1236.51,2025-10-30,09:09:00,IL,Mobile Wallet,Approved,False,None
1160,213,Restaurant,512.8,2026-01-11,09:01:00,TX,Debit Card,Approved,False,None
1121,210,Retail,440.88,2025-07-24,07:14:00,NY,Mobile Wallet,Approved,False,None
1411,218,Restaurant,1713.73,2026-04-04,08:48:00,TX,Credit Card,Approved,False,None
1346,220,Retail,1764.7,2026-04-29,19:04:00,CA,Credit Card,Approved,False,None
1457,210,Electronics,660.69,2025-08-08,22:11:00,IL,Debit Card,Approved,False,None
1246,221,Gas,1905.23,2025-10-03,01:06:00,TX,Debit Card,Approved,False,None
1203,211,Grocery,1626.95,2026-06-14,20:25:00,IL,Debit Card,Approved,False,None
1205,231,Grocery,1850.06,2026-04-10,15:28:00,CA,Debit Card,Approved,False,None
1078,246,Electronics,700.07,2025-07-07,04:49:00,TX,Mobile Wallet,Approved,False,None
1469,201,Retail,846.24,2025-07-04,20:52:00,CA,Credit Card,Approved,False,None
1392,244,Restaurant,1310.47,2026-04-21,06:20:00,NY,Credit Card,Approved,False,None
1358,245,Gas,1133.26,2026-02-03,05:16:00,TX,Debit Card,Approved,False,None
1373,218,Grocery,106.35,2026-01-07,20:45:00,IL,Credit Card,Approved,False,None
1441,200,Restaurant,795.03,2026-05-09,03:12:00,TX,Credit Card,Approved,False,None
1326,244,Gas,1980.71,2026-01-13,14:32:00,IL,Credit Card,Approved,False,None
1240,215,Grocery,994.45,2025-11-02,07:54:00,IL,Mobile Wallet,Approved,False,None
1300,250,Gas,526.72,2025-12-19,17:48:00,NY,Mobile Wallet,Approved,False,None
1453,227,Restaurant,279.3,2025-12-24,00:30:00,CA,Debit Card,Approved,False,None
1494,228,Gas,1374.99,2026-01-07,02:46:00,IL,Credit Card,Approved,True,Account Takeover
1458,250,Gas,1749.52,2026-04-30,17:19:00,IL,Mobile Wallet,Approved,False,None
1352,246,Retail,965.05,2025-07-12,02:16:00,NY,Credit Card,Approved,False,None
1261,243,Travel,1647.02,2026-04-18,16:10:00,IL,Mobile Wallet,Approved,False,None
1438,217,Grocery,1186.84,2025-09-26,03:45:00,CA,Debit Card,Approved,False,None
1083,200,Grocery,1019.68,2025-07-10,19:07:00,TX,Debit Card,Approved,False,None
1433,242,Gas,1998.44,2026-02-07,11:53:00,NY,Credit Card,Approved,False,None
1350,224,Travel,1147.37,2025-11-19,13:16:00,TX,Debit Card,Approved,False,None
1448,232,Gas,1463.69,2026-02-03,22:31:00,NY,Debit Card,Approved,False,None
1333,208,Retail,1397.37,2025-11-07,06:38:00,FL,Debit Card,Approved,False,None
1473,217,Retail,1158.99,2026-02-19,01:54:00,TX,Debit Card,Approved,False,None
1216,211,Travel,941.97,2025-08-11,06:06:00,NY,Credit Card,Approved,False,None
1276,202,Retail,807.34,2026-06-02,14:34:00,TX,Debit Card,Approved,False,None
1159,212,Gas,23.54,2025-08-27,02:27:00,CA,Debit Card,Approved,False,None
1029,228,Electronics,510.27,2025-08-06,15:25:00,IL,Debit Card,Approved,False,None
1127,235,Electronics,868.77,2026-05-01,03:04:00,NY,Credit Card,Approved,False,None
1336,210,Travel,244.04,2026-02-27,17:44:00,TX,Mobile Wallet,Approved,False,None
1314,204,Restaurant,1480.96,2026-01-08,19:43:00,NY,Credit Card,Approved,False,None
1190,223,Gas,1455.38,2025-06-30,19:49:00,IL,Debit Card,Approved,False,None
1130,245,Grocery,1696.38,2026-02-01,00:22:00,NY,Credit Card,Approved,False,None
1297,234,Retail,1860.88,2025-07-13,18:28:00,FL,Debit Card,Approved,False,None
1241,227,Electronics,220.18,2025-11-29,23:16:00,FL,Credit Card,Approved,False,None
1306,249,Restaurant,1066.0,2026-03-24,00:43:00,NY,Mobile Wallet,Approved,False,None
1245,233,Retail,1435.43,2025-11-06,15:35:00,IL,Credit Card,Approved,False,None
1023,237,Retail,236.99,2026-06-08,16:20:00,CA,Mobile Wallet,Approved,False,None
1093,231,Grocery,272.7,2026-02-28,11:23:00,TX,Mobile Wallet,Approved,False,None
1019,210,Travel,1565.3,2026-05-17,06:24:00,CA,Mobile Wallet,Approved,False,None
1179,209,Electronics,362.93,2026-01-29,07:07:00,IL,Debit Card,Approved,False,None
1455,243,Restaurant,38.97,2026-01-22,06:27:00,NY,Mobile Wallet,Approved,False,None
1369,220,Restaurant,110.4,2026-04-04,09:16:00,FL,Mobile Wallet,Approved,False,None
1322,242,Travel,1388.55,2025-07-11,02:09:00,TX,Credit Card,Approved,False,None
1061,241,Travel,1395.47,2026-06-02,08:26:00,NY,Debit Card,Approved,False,None
1360,204,Grocery,122.09,2026-01-27,18:27:00,TX,Credit Card,Approved,False,None
1135,248,Electronics,1041.0,2025-07-04,13:19:00,CA,Mobile Wallet,Approved,False,None
1069,210,Travel,1352.11,2026-05-30,05:43:00,CA,Credit Card,Approved,False,None
1361,235,Electronics,1996.99,2026-01-11,10:55:00,IL,Debit Card,Approved,False,None
1028,232,Retail,41.58,2026-04-29,18:47:00,CA,Credit Card,Approved,False,None
1323,216,Restaurant,1211.99,2026-01-28,18:25:00,NY,Debit Card,Approved,False,None
1159,207,Grocery,316.48,2026-01-01,06:17:00,FL,Credit Card,Approved,False,None
1033,202,Restaurant,359.81,2026-03-31,20:47:00,NY,Mobile Wallet,Approved,False,None
1148,214,Travel,1821.23,2026-04-15,07:38:00,TX,Credit Card,Approved,False,None
1115,242,Travel,1831.49,2025-12-22,05:03:00,IL,Credit Card,Approved,False,None
1445,211,Retail,1881.59,2025-10-14,09:47:00,NY,Debit Card,Approved,False,None
1081,249,Retail,1805.04,2025-10-03,22:57:00,FL,Credit Card,Approved,False,None
1360,232,Gas,877.58,2025-11-18,11:23:00,TX,Mobile Wallet,Approved,False,None
1176,224,Retail,1828.6,2026-01-26,17:09:00,TX,Mobile Wallet,Approved,False,None
1073,223,Retail,323.95,2026-04-30,02:28:00,CA,Mobile Wallet,Approved,False,None
1009,228,Retail,188.98,2025-11-01,20:51:00,NY,Debit Card,Approved,False,None
1294,203,Gas,1107.54,2026-06-12,07:19:00,IL,Credit Card,Approved,False,None
1325,234,Retail,12.28,2026-01-26,03:35:00,CA,Debit Card,Approved,False,None
1299,224,Gas,122.17,2026-04-06,23:13:00,CA,Credit Card,Approved,False,None
1236,250,Gas,1407.25,2025-10-11,12:53:00,TX,Credit Card,Approved,False,None
1372,203,Electronics,875.63,2026-06-15,08:25:00,CA,Mobile Wallet,Approved,True,Stolen Card
1280,234,Gas,498.54,2025-07-09,20:47:00,TX,Debit Card,Approved,False,None
1233,210,Retail,853.43,2025-07-07,20:41:00,CA,Debit Card,Approved,False,None
1442,223,Electronics,1921.35,2026-01-16,22:45:00,IL,Mobile Wallet,Approved,False,None
1232,233,Travel,1302.53,2026-05-29,06:57:00,IL,Credit Card,Approved,False,None
1101,239,Gas,1131.31,2026-01-09,02:22:00,IL,Mobile Wallet,Approved,False,None
1153,214,Grocery,1438.21,2025-10-28,00:39:00,NY,Debit Card,Approved,False,None
1051,241,Electronics,875.8,2026-01-16,01:18:00,IL,Debit Card,Approved,False,None
1110,228,Retail,1918.61,2025-11-22,22:47:00,NY,Mobile Wallet,Approved,False,None
1076,236,Gas,1741.44,2025-07-01,19:40:00,TX,Credit Card,Approved,False,None
1129,207,Electronics,1922.83,2026-06-21,12:31:00,NY,Mobile Wallet,Approved,False,None
1500,207,Retail,1697.55,2026-06-02,11:49:00,TX,Debit Card,Approved,False,None
1063,226,Travel,840.12,2026-05-17,06:14:00,FL,Debit Card,Approved,False,None
1225,246,Gas,217.36,2026-05-19,16:33:00,NY,Debit Card,Approved,False,None
1365,248,Retail,955.4,2026-02-21,05:16:00,NY,Mobile Wallet,Approved,False,None
1107,218,Grocery,632.47,2025-09-18,07:00:00,TX,Credit Card,Approved,False,None
1144,206,Grocery,284.87,2026-01-30,04:30:00,TX,Debit Card,Approved,False,None
1386,230,Restaurant,575.93,2026-03-17,01:52:00,TX,Credit Card,Approved,False,None
1074,242,Retail,510.2,2025-12-02,13:11:00,IL,Debit Card,Approved,False,None
1418,235,Retail,1217.46,2026-02-28,21:29:00,NY,Mobile Wallet,Approved,False,None
1184,249,Electronics,1878.03,2026-03-21,06:52:00,NY,Credit Card,Approved,False,None
1107,204,Restaurant,1565.41,2025-10-14,11:20:00,FL,Debit Card,Approved,False,None
1373,248,Travel,1062.73,2026-04-24,15:41:00,NY,Mobile Wallet,Approved,False,None
1248,237,Travel,870.48,2026-01-04,16:47:00,FL,Debit Card,Approved,False,None
1318,230,Grocery,986.79,2026-05-05,05:53:00,CA,Debit Card,Approved,False,None
1113,211,Grocery,748.86,2025-08-23,14:48:00,NY,Mobile Wallet,Approved,False,None
1482,232,Restaurant,1021.34,2025-11-29,22:26:00,CA,Debit Card,Approved,False,None
1390,230,Retail,533.38,2026-01-21,15:27:00,CA,Debit Card,Approved,False,None
1066,215,Grocery,765.58,2025-09-21,06:29:00,CA,Credit Card,Approved,False,None
1023,240,Grocery,1975.18,2026-04-15,07:05:00,IL,Credit Card,Approved,False,None
1178,227,Restaurant,1560.66,2025-10-27,23:49:00,TX,Mobile Wallet,Approved,False,None
1467,250,Gas,1872.89,2025-07-26,03:39:00,IL,Mobile Wallet,Approved,False,None
1216,235,Travel,700.29,2025-07-25,07:50:00,TX,Credit Card,Approved,False,None
1133,207,Gas,59.24,2025-11-05,16:37:00,IL,Mobile Wallet,Approved,False,None
1370,206,Electronics,1319.25,2026-01-29,17:55:00,IL,Debit Card,Approved,False,None
1362,229,Gas,1000.46,2026-05-14,11:52:00,NY,Mobile Wallet,Approved,False,None
1286,226,Grocery,1663.24,2025-11-13,19:49:00,CA,Credit Card,Approved,False,None
1411,247,Restaurant,1800.31,2025-10-31,12:28:00,NY,Credit Card,Approved,False,None
1406,206,Restaurant,1589.89,2026-06-20,19:41:00,CA,Debit Card,Approved,False,None
1493,201,Gas,1187.06,2025-06-29,11:06:00,TX,Mobile Wallet,Approved,False,None
1469,213,Travel,1447.12,2025-07-06,01:42:00,IL,Debit Card,Approved,True,Stolen Card
1034,239,Restaurant,1117.71,2026-05-14,07:51:00,IL,Mobile Wallet,Approved,False,None
1164,218,Gas,537.03,2025-11-05,23:34:00,TX,Debit Card,Approved,False,None
1128,236,Travel,631.23,2026-04-07,08:02:00,IL,Debit Card,Approved,False,None
1125,231,Restaurant,859.15,2025-07-01,15:50:00,NY,Debit Card,Approved,False,None
1016,229,Gas,1302.82,2026-06-07,17:22:00,TX,Credit Card,Approved,False,None
1367,233,Travel,1506.88,2026-03-22,19:27:00,CA,Debit Card,Approved,False,None
1114,219,Electronics,248.55,2026-03-19,02:53:00,NY,Credit Card,Approved,False,None
1192,205,Gas,595.94,2025-08-17,06:48:00,IL,Credit Card,Approved,False,None
1415,241,Gas,359.14,2026-02-25,01:14:00,TX,Mobile Wallet,Approved,False,None
1058,238,Grocery,1635.16,2025-11-23,09:20:00,IL,Debit Card,Approved,False,None
1305,217,Restaurant,206.2,2025-07-20,02:02:00,CA,Credit Card,Approved,False,None
1250,217,Electronics,1371.87,2026-01-12,04:17:00,FL,Debit Card,Approved,False,None
1277,231,Electronics,1047.63,2026-04-01,14:18:00,FL,Mobile Wallet,Approved,False,None
1154,234,Electronics,1882.7,2026-01-22,10:05:00,FL,Mobile Wallet,Approved,False,None
1150,225,Electronics,1578.44,2026-04-07,23:09:00,FL,Mobile Wallet,Approved,False,None
1455,237,Electronics,560.91,2026-04-25,01:52:00,IL,Mobile Wallet,Approved,False,None
1290,225,Electronics,522.17,2026-04-19,17:16:00,CA,Debit Card,Approved,False,None
1202,210,Restaurant,1625.84,2025-08-10,17:33:00,NY,Credit Card,Approved,False,None
1469,235,Gas,969.21,2025-07-08,21:29:00,IL,Debit Card,Approved,False,None
1371,206,Retail,1713.57,2025-09-29,11:16:00,CA,Credit Card,Approved,False,None
1249,232,Gas,677.48,2025-07-12,04:18:00,TX,Debit Card,Approved,True,Friendly Fraud
1279,216,Electronics,921.18,2026-03-14,06:24:00,FL,Credit Card,Approved,False,None
1218,220,Electronics,688.58,2026-03-04,23:12:00,CA,Debit Card,Approved,False,None
1267,217,Gas,127.96,2026-05-09,03:56:00,CA,Credit Card,Approved,False,None
1293,224,Gas,732.73,2025-09-13,17:56:00,TX,Debit Card,Approved,False,None
1408,228,Retail,1085.24,2026-04-16,15:47:00,IL,Debit Card,Approved,False,None
1094,246,Travel,294.81,2026-04-10,13:26:00,CA,Debit Card,Approved,False,None
1078,236,Gas,1521.19,2026-03-21,00:36:00,CA,Debit Card,Approved,False,None
1244,201,Retail,911.23,2026-06-11,01:31:00,FL,Debit Card,Approved,False,None
1190,241,Restaurant,735.87,2025-10-17,17:46:00,CA,Debit Card,Approved,False,None
1424,236,Restaurant,676.71,2025-12-22,19:52:00,FL,Debit Card,Approved,False,None
1360,216,Electronics,169.78,2025-07-10,19:04:00,TX,Credit Card,Approved,False,None
1052,211,Grocery,1625.89,2025-12-19,09:45:00,NY,Credit Card,Approved,False,None
1478,201,Grocery,1443.98,2025-11-13,06:59:00,NY,Debit Card,Approved,False,None
1387,236,Restaurant,284.68,2025-11-25,02:59:00,IL,Mobile Wallet,Approved,False,None
1110,248,Electronics,1895.05,2025-11-22,15:44:00,FL,Mobile Wallet,Approved,False,None
1437,207,Gas,128.02,2026-02-05,23:43:00,IL,Credit Card,Approved,False,None
1076,210,Electronics,1197.43,2026-04-26,22:08:00,FL,Debit Card,Approved,False,None
1153,202,Electronics,1400.32,2025-08-29,15:34:00,FL,Credit Card,Approved,False,None
1128,206,Retail,432.53,2025-08-25,06:50:00,FL,Debit Card,Approved,False,None
1000,216,Gas,181.0,2025-08-07,22:37:00,CA,Debit Card,Approved,False,None
1344,228,Electronics,1727.52,2025-11-08,07:25:00,FL,Credit Card,Approved,False,None
1160,207,Retail,783.33,2025-11-24,19:02:00,IL,Debit Card,Approved,False,None
1480,212,Retail,1447.42,2025-12-17,01:08:00,FL,Debit Card,Approved,False,None
1475,248,Travel,84.73,2026-04-16,09:21:00,FL,Credit Card,Approved,False,None
1419,214,Travel,1102.35,2025-06-25,12:59:00,TX,Debit Card,Approved,False,None
1159,248,Grocery,322.59,2025-11-07,06:04:00,IL,Mobile Wallet,Approved,False,None
1399,206,Travel,1554.71,2025-10-09,15:35:00,NY,Credit Card,Approved,False,None
1184,215,Travel,739.4,2026-03-21,11:28:00,TX,Debit Card,Approved,False,None
1194,207,Travel,1875.49,2026-04-08,01:19:00,TX,Mobile Wallet,Approved,False,None
1251,208,Travel,1264.73,2026-06-10,10:42:00,FL,Mobile Wallet,Approved,False,None
1463,211,Travel,1390.11,2026-01-03,02:09:00,CA,Credit Card,Approved,False,None
1122,244,Retail,1870.08,2026-05-01,11:44:00,CA,Debit Card,Approved,True,Friendly Fraud
1089,202,Retail,657.8,2025-07-13,19:49:00,NY,Debit Card,Approved,False,None
1113,226,Travel,687.71,2026-01-22,21:39:00,CA,Credit Card,Approved,False,None
1043,240,Grocery,772.58,2025-08-18,04:05:00,NY,Debit Card,Approved,False,None
1444,206,Gas,260.22,2025-11-16,01:36:00,FL,Debit Card,Approved,False,None
1223,231,Electronics,938.1,2025-07-04,08:25:00,FL,Debit Card,Approved,False,None
1273,240,Travel,504.92,2025-07-31,01:51:00,NY,Debit Card,Approved,False,None
1243,212,Travel,1845.29,2025-12-07,16:48:00,IL,Credit Card,Approved,False,None
1178,249,Retail,377.96,2025-07-09,02:21:00,TX,Credit Card,Approved,False,None
1267,207,Travel,1936.44,2026-03-12,05:56:00,NY,Credit Card,Approved,False,None
1185,225,Restaurant,611.62,2026-03-24,12:27:00,TX,Debit Card,Approved,False,None
1494,203,Electronics,918.64,2025-07-26,11:49:00,NY,Mobile Wallet,Approved,False,None
1124,226,Gas,698.21,2026-05-01,15:05:00,TX,Credit Card,Approved,False,None
1031,210,Restaurant,580.97,2026-04-15,23:03:00,IL,Mobile Wallet,Approved,False,None
1286,234,Restaurant,1431.52,2025-12-04,09:26:00,CA,Credit Card,Approved,False,None
1459,235,Gas,1733.32,2026-05-13,07:56:00,IL,Mobile Wallet,Approved,False,None
1195,213,Restaurant,1181.78,2026-04-20,13:23:00,FL,Debit Card,Approved,False,None
1293,245,Electronics,1892.12,2026-05-13,12:54:00,FL,Debit Card,Approved,False,None
1477,200,Electronics,112.51,2025-07-02,19:44:00,IL,Credit Card,Approved,False,None
1324,249,Electronics,532.75,2025-08-21,20:39:00,TX,Mobile Wallet,Approved,False,None
1335,235,Electronics,772.07,2025-10-31,13:58:00,IL,Mobile Wallet,Approved,False,None
1189,210,Restaurant,1452.86,2025-09-22,23:45:00,FL,Credit Card,Approved,False,None
1313,231,Electronics,1081.8,2025-07-27,16:14:00,IL,Mobile Wallet,Approved,False,None
1119,219,Travel,1360.58,2026-02-15,12:10:00,NY,Debit Card,Approved,False,None
1442,201,Travel,1549.17,2025-10-11,07:58:00,TX,Credit Card,Approved,False,None
1449,239,Travel,1308.76,2025-08-17,07:45:00,CA,Mobile Wallet,Approved,False,None
1361,216,Retail,193.8,2026-04-15,04:11:00,IL,Credit Card,Approved,False,None
1167,224,Electronics,1102.74,2026-02-08,23:58:00,CA,Debit Card,Approved,False,None
1314,248,Travel,92.52,2026-01-04,16:08:00,FL,Debit Card,Approved,False,None
1057,202,Electronics,598.65,2025-12-06,15:45:00,CA,Mobile Wallet,Approved,False,None
1342,205,Electronics,1184.12,2026-05-30,06:08:00,TX,Debit Card,Approved,False,None
1317,244,Travel,1250.56,2026-04-22,15:41:00,FL,Credit Card,Approved,False,None
1046,236,Retail,293.78,2025-07-06,04:57:00,IL,Credit Card,Approved,False,None
1148,231,Travel,1816.47,2025-12-22,09:27:00,IL,Credit Card,Approved,False,None
1114,209,Gas,219.18,2025-07-22,09:04:00,IL,Mobile Wallet,Approved,False,None
1072,214,Grocery,398.37,2026-04-25,08:26:00,NY,Credit Card,Approved,False,None
1251,225,Travel,1898.43,2025-11-03,05:09:00,NY,Mobile Wallet,Approved,False,None
1243,217,Travel,1147.97,2026-05-11,20:32:00,NY,Mobile Wallet,Approved,False,None
1321,250,Travel,160.88,2026-03-23,12:30:00,TX,Credit Card,Approved,False,None
1256,246,Restaurant,1431.07,2025-11-02,11:42:00,IL,Credit Card,Approved,False,None
1314,241,Electronics,199.05,2026-03-25,07:45:00,NY,Credit Card,Approved,False,None
1200,212,Travel,418.07,2025-07-28,19:00:00,IL,Mobile Wallet,Approved,False,None
1424,229,Grocery,1339.86,2026-03-02,00:12:00,CA,Debit Card,Approved,False,None
1446,221,Gas,729.05,2026-04-25,23:15:00,TX,Debit Card,Approved,False,None
1009,249,Retail,1939.76,2025-11-02,09:35:00,IL,Credit Card,Approved,False,None
1296,213,Electronics,1056.41,2026-01-25,07:55:00,IL,Debit Card,Approved,False,None
1284,241,Restaurant,760.71,2025-11-08,05:34:00,FL,Credit Card,Approved,False,None
1399,216,Restaurant,206.74,2025-10-21,16:25:00,CA,Credit Card,Approved,False,None
1433,226,Electronics,1838.68,2025-11-20,06:44:00,IL,Debit Card,Approved,False,None
1246,218,Retail,832.27,2026-01-01,22:53:00,TX,Credit Card,Approved,False,None
1221,226,Grocery,1835.41,2025-08-05,15:51:00,FL,Mobile Wallet,Approved,False,None
1280,247,Retail,349.34,2026-02-28,16:43:00,CA,Credit Card,Approved,False,None
1222,217,Electronics,569.61,2025-10-27,15:48:00,FL,Mobile Wallet,Approved,False,None
1408,236,Restaurant,93.01,2025-11-08,02:40:00,TX,Credit Card,Approved,True,Account Takeover
1115,205,Grocery,1034.08,2025-07-22,23:55:00,CA,Credit Card,Approved,False,None
1147,245,Electronics,1448.68,2026-01-21,08:08:00,NY,Debit Card,Approved,False,None
1289,233,Gas,399.64,2026-03-29,12:51:00,IL,Mobile Wallet,Approved,False,None
1132,230,Grocery,63.92,2026-03-13,19:24:00,IL,Debit Card,Approved,False,None
1225,201,Electronics,1650.28,2025-11-01,14:35:00,NY,Mobile Wallet,Approved,False,None
1333,230,Electronics,154.5,2025-12-19,05:51:00,TX,Mobile Wallet,Approved,False,None
1118,237,Gas,870.66,2026-01-24,16:24:00,NY,Mobile Wallet,Approved,False,None
1011,250,Electronics,252.96,2026-05-21,17:18:00,NY,Mobile Wallet,Approved,False,None
1134,208,Electronics,980.26,2026-04-21,12:31:00,TX,Mobile Wallet,Approved,False,None
1138,240,Retail,138.91,2026-03-10,13:42:00,CA,Credit Card,Approved,False,None
1351,200,Electronics,1347.76,2026-02-08,22:46:00,NY,Credit Card,Approved,False,None
1058,242,Restaurant,1569.23,2026-03-07,20:45:00,TX,Debit Card,Approved,False,None
1385,227,Electronics,1426.79,2025-11-28,22:42:00,IL,Credit Card,Approved,False,None
1380,203,Travel,707.59,2026-05-28,14:54:00,IL,Mobile Wallet,Approved,False,None
1231,218,Travel,1434.56,2026-03-17,16:41:00,TX,Mobile Wallet,Approved,False,None
1449,245,Grocery,601.1,2026-05-11,21:45:00,IL,Credit Card,Approved,False,None
1253,249,Travel,15.34,2026-05-12,00:56:00,IL,Credit Card,Approved,False,None
1053,235,Retail,55.18,2025-09-06,19:49:00,NY,Mobile Wallet,Approved,False,None
1497,217,Electronics,1605.56,2026-03-05,16:39:00,FL,Credit Card,Approved,False,None
1046,213,Grocery,519.33,2025-11-02,13:01:00,IL,Mobile Wallet,Approved,False,None
1164,236,Restaurant,29.83,2025-11-19,19:42:00,CA,Debit Card,Approved,False,None
1238,236,Restaurant,1902.32,2025-10-02,16:24:00,FL,Debit Card,Approved,False,None
1302,204,Retail,1883.29,2025-08-11,20:42:00,IL,Credit Card,Approved,False,None
1494,247,Travel,1121.09,2026-01-19,15:39:00,IL,Credit Card,Approved,False,None
1128,244,Restaurant,1235.61,2026-05-03,04:29:00,IL,Mobile Wallet,Approved,False,None
1437,236,Travel,1968.02,2025-10-24,21:08:00,NY,Debit Card,Approved,False,None
1494,240,Restaurant,62.33,2026-04-19,16:27:00,CA,Credit Card,Approved,False,None
1215,225,Travel,964.27,2025-11-19,11:45:00,CA,Credit Card,Approved,False,None
1329,200,Grocery,1936.56,2026-03-23,19:33:00,TX,Mobile Wallet,Approved,False,None
1197,245,Retail,1855.4,2025-08-23,20:58:00,TX,Credit Card,Approved,False,None
1070,201,Travel,1209.25,2026-06-05,15:40:00,CA,Mobile Wallet,Approved,False,None
1172,227,Travel,668.94,2026-06-22,15:55:00,IL,Mobile Wallet,Approved,False,None
1058,232,Retail,1565.54,2025-07-27,18:54:00,IL,Debit Card,Approved,False,None
1498,231,Travel,1741.11,2026-03-27,22:49:00,FL,Credit Card,Approved,False,None
1143,238,Retail,1121.07,2025-08-29,00:29:00,CA,Mobile Wallet,Approved,False,None
1208,237,Travel,738.91,2025-08-09,21:53:00,TX,Credit Card,Approved,False,None
1236,232,Gas,302.9,2026-03-01,03:16:00,TX,Credit Card,Approved,False,None
1342,232,Retail,1369.29,2026-04-12,15:39:00,NY,Credit Card,Approved,False,None
1146,246,Retail,406.7,2026-01-19,18:52:00,NY,Debit Card,Approved,False,None
1136,234,Retail,819.15,2025-06-27,12:50:00,TX,Debit Card,Approved,False,None
1055,214,Electronics,390.31,2025-08-05,19:54:00,FL,Credit Card,Approved,False,None
1471,221,Travel,648.62,2026-01-07,23:19:00,TX,Mobile Wallet,Approved,False,None
1003,203,Grocery,578.89,2026-05-27,06:02:00,NY,Debit Card,Approved,False,None
1418,219,Electronics,1495.32,2025-08-07,01:58:00,NY,Debit Card,Approved,False,None
1106,234,Electronics,959.24,2026-06-19,09:41:00,CA,Debit Card,Approved,False,None
1009,245,Electronics,582.74,2025-11-06,04:21:00,CA,Credit Card,Approved,False,None
1347,214,Restaurant,1682.96,2025-08-09,21:24:00,TX,Debit Card,Approved,False,None
1447,206,Grocery,1450.17,2026-01-31,17:36:00,IL,Mobile Wallet,Approved,False,None
1117,212,Retail,1128.72,2026-05-08,22:18:00,NY,Mobile Wallet,Approved,False,None
1441,226,Gas,1282.57,2025-08-20,18:47:00,CA,Credit Card,Approved,False,None
1474,222,Travel,1114.55,2026-04-04,00:54:00,TX,Debit Card,Approved,False,None
1435,218,Gas,30.14,2025-11-28,15:33:00,FL,Credit Card,Approved,False,None
1425,222,Grocery,1194.68,2025-07-04,10:58:00,IL,Debit Card,Approved,False,None
1333,215,Gas,386.77,2025-07-18,13:07:00,TX,Debit Card,Approved,False,None
1419,245,Gas,1427.43,2025-09-14,00:35:00,IL,Debit Card,Approved,True,Stolen Card
1228,242,Retail,992.07,2026-02-01,17:40:00,FL,Debit Card,Approved,False,None
1363,221,Retail,300.97,2025-10-28,18:00:00,IL,Credit Card,Approved,False,None
1288,227,Travel,1798.8,2026-06-04,15:11:00,IL,Credit Card,Approved,True,Stolen Card
1069,249,Restaurant,38.42,2025-07-06,17:53:00,FL,Debit Card,Approved,False,None
1411,214,Gas,9.42,2025-12-03,16:17:00,CA,Debit Card,Approved,False,None
1286,219,Grocery,1971.7,2025-12-19,08:11:00,FL,Mobile Wallet,Approved,False,None
1187,214,Travel,615.71,2026-02-21,15:12:00,FL,Debit Card,Approved,False,None
1375,233,Electronics,878.18,2026-02-03,05:21:00,FL,Credit Card,Approved,False,None
1450,238,Grocery,175.41,2025-10-29,01:55:00,NY,Mobile Wallet,Approved,True,Friendly Fraud
1410,214,Gas,921.55,2026-03-27,06:48:00,IL,Credit Card,Approved,False,None
1325,207,Retail,1138.59,2025-08-26,00:10:00,TX,Credit Card,Approved,False,None
1354,245,Gas,286.51,2025-11-11,00:22:00,FL,Mobile Wallet,Approved,False,None
1205,231,Grocery,1835.12,2025-12-23,14:18:00,TX,Credit Card,Approved,False,None
1347,246,Gas,1526.46,2026-01-19,19:39:00,CA,Credit Card,Approved,False,None
1376,236,Travel,1732.9,2026-01-06,03:47:00,FL,Debit Card,Approved,False,None
1269,247,Travel,372.67,2025-10-11,17:54:00,NY,Mobile Wallet,Approved,False,None
1348,217,Retail,1634.9,2025-08-20,13:35:00,TX,Credit Card,Approved,False,None
1117,214,Travel,469.88,2025-08-24,04:20:00,IL,Credit Card,Approved,False,None
1205,236,Gas,758.37,2026-04-08,18:17:00,CA,Debit Card,Approved,False,None
1069,241,Restaurant,1580.43,2025-11-11,23:12:00,TX,Debit Card,Approved,False,None
1000,243,Retail,1380.93,2025-09-21,17:38:00,FL,Credit Card,Approved,True,Friendly Fraud
1108,213,Electronics,574.95,2025-09-14,06:23:00,FL,Credit Card,Approved,False,None
1040,250,Gas,1406.63,2026-04-03,11:27:00,CA,Mobile Wallet,Approved,False,None
1083,228,Restaurant,729.91,2026-03-08,02:16:00,IL,Credit Card,Approved,False,None
1228,243,Electronics,639.63,2026-04-11,05:20:00,TX,Mobile Wallet,Approved,False,None
1190,241,Retail,9.37,2025-06-25,02:56:00,NY,Mobile Wallet,Approved,False,None
1274,202,Grocery,331.62,2026-06-16,03:31:00,CA,Mobile Wallet,Approved,False,None
1484,250,Grocery,975.48,2025-12-14,18:32:00,NY,Mobile Wallet,Approved,False,None
1153,242,Retail,1317.79,2025-09-26,03:47:00,TX,Debit Card,Approved,False,None
1005,212,Grocery,1837.92,2025-09-15,04:29:00,IL,Mobile Wallet,Approved,False,None
1080,226,Travel,600.09,2025-11-22,09:29:00,IL,Mobile Wallet,Approved,False,None
1034,208,Retail,1737.52,2025-10-17,18:45:00,TX,Debit Card,Approved,False,None
1284,220,Retail,1498.81,2025-08-13,08:29:00,IL,Credit Card,Approved,True,Stolen Card
1331,241,Restaurant,388.05,2025-11-26,12:57:00,TX,Debit Card,Approved,False,None
1067,210,Travel,1085.4,2026-04-18,16:35:00,NY,Credit Card,Approved,False,None
1367,248,Grocery,509.47,2026-01-10,18:35:00,FL,Mobile Wallet,Approved,False,None
1485,202,Travel,13.31,2025-07-21,21:38:00,TX,Debit Card,Approved,False,None
1360,244,Grocery,1064.84,2025-12-29,23:24:00,CA,Mobile Wallet,Approved,False,None
1124,210,Electronics,879.59,2026-02-24,00:25:00,NY,Mobile Wallet,Approved,False,None
1039,236,Grocery,681.76,2025-12-30,09:36:00,NY,Debit Card,Approved,False,None
1230,225,Restaurant,1857.62,2025-08-13,07:04:00,FL,Mobile Wallet,Approved,False,None
1031,209,Retail,1417.19,2026-02-12,03:16:00,NY,Credit Card,Approved,False,None
1225,219,Retail,1364.48,2026-05-09,02:46:00,NY,Debit Card,Approved,False,None
1219,218,Electronics,351.75,2025-06-27,17:22:00,CA,Credit Card,Approved,False,None
1452,234,Travel,1244.37,2026-01-30,13:47:00,CA,Debit Card,Approved,False,None
1132,234,Electronics,1910.64,2025-10-25,10:01:00,IL,Credit Card,Approved,False,None
1115,228,Grocery,1788.9,2026-02-04,04:31:00,CA,Debit Card,Approved,True,Stolen Card
1266,239,Travel,858.37,2026-05-26,19:20:00,IL,Mobile Wallet,Approved,False,None
1084,235,Gas,443.11,2025-12-26,07:15:00,IL,Credit Card,Approved,False,None
1226,224,Restaurant,469.27,2025-11-22,02:24:00,TX,Mobile Wallet,Approved,True,Account Takeover
1444,232,Travel,1339.95,2026-01-30,15:33:00,NY,Mobile Wallet,Approved,False,None
1466,207,Restaurant,383.71,2025-08-09,14:30:00,CA,Credit Card,Approved,False,None
1463,232,Electronics,1891.31,2026-04-13,18:07:00,FL,Mobile Wallet,Approved,False,None
1401,244,Electronics,973.61,2025-10-26,16:27:00,IL,Credit Card,Approved,False,None
1256,232,Restaurant,1316.59,2026-01-21,08:12:00,FL,Debit Card,Approved,False,None
1082,238,Grocery,1990.15,2025-11-19,06:33:00,CA,Mobile Wallet,Approved,False,None
1336,204,Restaurant,1877.72,2025-11-19,18:05:00,NY,Credit Card,Approved,False,None
1424,224,Grocery,785.07,2026-01-25,02:46:00,IL,Credit Card,Approved,False,None
1041,221,Restaurant,1722.61,2026-01-12,05:10:00,TX,Mobile Wallet,Approved,False,None
1025,238,Retail,435.73,2025-10-04,12:08:00,IL,Credit Card,Approved,False,None
1441,217,Travel,1794.18,2026-06-18,21:36:00,FL,Debit Card,Approved,False,None
1047,214,Retail,709.38,2026-06-24,12:19:00,CA,Credit Card,Approved,False,None
1026,216,Travel,1474.03,2026-05-04,06:39:00,TX,Mobile Wallet,Approved,False,None
1339,220,Grocery,1225.6,2025-08-25,05:15:00,CA,Debit Card,Approved,False,None
1390,242,Travel,174.84,2026-01-04,11:45:00,NY,Debit Card,Approved,False,None
1407,210,Travel,1970.03,2026-05-27,01:22:00,FL,Mobile Wallet,Approved,True,Account Takeover
1376,229,Gas,159.11,2025-11-15,09:06:00,NY,Credit Card,Approved,False,None
1065,229,Retail,1959.39,2026-03-28,14:10:00,IL,Debit Card,Approved,False,None
1063,244,Restaurant,914.9,2025-12-25,00:30:00,FL,Mobile Wallet,Approved,False,None
1080,240,Travel,716.92,2025-11-29,11:20:00,FL,Mobile Wallet,Approved,False,None
1245,206,Retail,1314.99,2026-04-19,03:38:00,FL,Mobile Wallet,Approved,False,None
1358,214,Gas,970.84,2026-03-18,18:05:00,NY,Credit Card,Approved,False,None
1109,242,Gas,822.01,2025-08-13,03:31:00,FL,Debit Card,Approved,False,None
1352,233,Electronics,1735.82,2026-03-18,06:05:00,NY,Debit Card,Approved,False,None
1145,209,Grocery,1961.01,2026-03-22,21:58:00,TX,Debit Card,Approved,False,None
1076,219,Restaurant,1859.6,2025-08-12,12:40:00,FL,Mobile Wallet,Approved,False,None
1445,230,Travel,137.09,2026-03-26,22:16:00,TX,Mobile Wallet,Approved,False,None
1017,210,Travel,583.34,2025-08-18,11:53:00,TX,Debit Card,Approved,False,None
1193,220,Travel,1525.5,2025-12-15,08:17:00,FL,Debit Card,Approved,False,None
1401,209,Gas,322.84,2026-02-17,02:21:00,TX,Debit Card,Approved,False,None
1211,226,Retail,697.69,2025-10-27,01:48:00,FL,Credit Card,Approved,False,None
1074,207,Retail,1995.01,2026-06-10,12:48:00,TX,Debit Card,Approved,False,None
1280,233,Grocery,1837.05,2025-08-17,03:24:00,CA,Credit Card,Approved,False,None
1054,212,Gas,268.35,2025-09-28,14:38:00,NY,Mobile Wallet,Approved,False,None
1045,220,Grocery,714.64,2025-12-26,03:24:00,NY,Debit Card,Approved,False,None
1222,210,Retail,787.15,2025-10-15,13:09:00,IL,Credit Card,Approved,True,Stolen Card
1111,224,Retail,1949.49,2026-06-08,02:16:00,FL,Credit Card,Approved,False,None
1216,200,Electronics,628.82,2026-05-28,09:37:00,CA,Credit Card,Approved,False,None
1385,210,Travel,622.94,2025-11-20,12:19:00,NY,Credit Card,Approved,False,None
1087,224,Travel,264.15,2026-05-26,21:38:00,TX,Credit Card,Approved,False,None
1120,217,Grocery,867.91,2025-12-06,23:22:00,NY,Debit Card,Approved,False,None
1196,202,Gas,541.74,2026-01-26,10:40:00,CA,Mobile Wallet,Approved,False,None
1405,229,Retail,1863.58,2026-04-30,22:18:00,FL,Mobile Wallet,Approved,False,None
1247,202,Retail,1174.88,2025-12-11,10:13:00,NY,Debit Card,Approved,False,None
1250,234,Grocery,1585.56,2025-10-30,13:42:00,CA,Mobile Wallet,Approved,False,None
1253,200,Grocery,1587.58,2026-01-24,11:30:00,TX,Credit Card,Approved,False,None
1006,246,Travel,1801.32,2026-04-01,18:07:00,IL,Mobile Wallet,Approved,False,None
1375,218,Electronics,1716.9,2025-09-24,19:11:00,NY,Mobile Wallet,Approved,False,None
1412,214,Electronics,1628.43,2025-11-28,18:32:00,TX,Debit Card,Approved,False,None
1252,228,Grocery,455.39,2025-10-11,00:21:00,CA,Debit Card,Approved,False,None
1183,247,Grocery,476.27,2026-02-04,13:21:00,CA,Credit Card,Approved,False,None
1300,237,Grocery,547.03,2025-09-09,07:00:00,NY,Mobile Wallet,Approved,False,None
1024,230,Electronics,857.95,2026-06-02,13:07:00,TX,Credit Card,Approved,False,None
1433,244,Restaurant,560.17,2025-07-26,02:10:00,TX,Debit Card,Approved,False,None
1193,201,Restaurant,1044.27,2025-07-08,12:34:00,FL,Credit Card,Approved,False,None
1023,238,Electronics,1281.84,2026-04-20,19:17:00,NY,Credit Card,Approved,True,Account Takeover
1030,200,Grocery,27.37,2025-07-02,23:30:00,NY,Debit Card,Approved,False,None
1111,230,Electronics,616.97,2026-01-09,01:02:00,CA,Credit Card,Approved,False,None
1226,243,Restaurant,1559.54,2026-05-12,15:03:00,CA,Credit Card,Approved,False,None
1362,224,Travel,856.67,2026-02-13,16:59:00,TX,Mobile Wallet,Approved,False,None
1288,210,Retail,459.78,2026-03-07,01:25:00,FL,Debit Card,Approved,False,None
1279,243,Gas,510.55,2025-07-24,14:02:00,NY,Mobile Wallet,Approved,False,None
1478,244,Retail,643.4,2025-12-10,16:43:00,CA,Credit Card,Approved,False,None
1455,221,Restaurant,329.17,2025-11-20,02:11:00,TX,Mobile Wallet,Approved,False,None
1164,249,Electronics,1081.59,2026-03-24,07:03:00,NY,Debit Card,Approved,False,None
1169,223,Retail,1141.4,2026-06-03,00:02:00,NY,Credit Card,Approved,False,None
1120,250,Gas,1404.33,2026-01-23,08:38:00,CA,Credit Card,Approved,False,None
1002,217,Grocery,1125.98,2025-09-30,03:51:00,NY,Debit Card,Approved,False,None
1186,218,Travel,607.18,2026-01-01,06:31:00,CA,Credit Card,Approved,False,None
1059,225,Electronics,1311.59,2025-11-16,10:02:00,TX,Debit Card,Approved,True,Stolen Card
1409,228,Retail,148.47,2026-03-30,13:36:00,CA,Credit Card,Approved,False,None
1445,212,Travel,90.48,2025-11-22,11:19:00,NY,Credit Card,Approved,False,None
1402,237,Restaurant,644.1,2025-10-16,15:24:00,FL,Debit Card,Approved,False,None
1463,236,Restaurant,744.52,2025-09-28,01:01:00,IL,Credit Card,Approved,False,None
1409,204,Travel,831.54,2025-10-06,07:09:00,NY,Mobile Wallet,Approved,False,None
1106,201,Gas,926.58,2026-03-30,05:39:00,CA,Debit Card,Approved,False,None
1207,232,Retail,338.71,2025-11-15,16:10:00,IL,Credit Card,Approved,False,None
1226,237,Electronics,1097.65,2025-11-12,06:44:00,FL,Mobile Wallet,Approved,False,None
1065,202,Restaurant,1408.33,2025-11-29,04:25:00,NY,Debit Card,Approved,False,None
1265,213,Grocery,670.64,2026-05-09,08:04:00,FL,Credit Card,Approved,False,None
1231,232,Grocery,197.13,2026-03-14,09:37:00,NY,Debit Card,Approved,False,None
1161,206,Electronics,275.3,2025-11-23,16:25:00,TX,Debit Card,Approved,True,Account Takeover
1229,221,Restaurant,1254.65,2026-04-18,10:21:00,FL,Credit Card,Approved,True,Account Takeover
1042,246,Restaurant,1063.15,2026-01-07,04:10:00,FL,Debit Card,Approved,False,None
1032,211,Retail,292.44,2025-11-26,19:20:00,FL,Mobile Wallet,Approved,False,None
1123,206,Electronics,121.85,2026-03-28,10:25:00,IL,Mobile Wallet,Approved,False,None
1184,249,Restaurant,1150.42,2026-06-22,09:47:00,CA,Mobile Wallet,Approved,False,None
1210,203,Travel,356.16,2025-09-06,21:21:00,TX,Debit Card,Approved,False,None
1475,223,Travel,1397.89,2026-06-09,16:33:00,CA,Mobile Wallet,Approved,False,None
1153,247,Electronics,335.52,2025-09-01,15:26:00,IL,Credit Card,Approved,True,Account Takeover
1450,227,Retail,1108.67,2025-07-13,20:10:00,FL,Credit Card,Approved,False,None
1091,244,Electronics,790.18,2026-01-13,07:56:00,TX,Mobile Wallet,Approved,False,None
1325,222,Gas,1395.68,2025-08-09,21:43:00,IL,Debit Card,Approved,False,None
1194,239,Retail,170.06,2025-10-02,02:16:00,NY,Mobile Wallet,Approved,False,None
1120,215,Electronics,1989.05,2025-11-01,16:10:00,FL,Debit Card,Approved,False,None
1003,201,Travel,770.27,2026-02-23,01:37:00,FL,Debit Card,Approved,False,None
1403,206,Travel,789.25,2026-04-23,01:19:00,FL,Debit Card,Approved,False,None
1463,241,Retail,1113.34,2025-12-26,08:07:00,TX,Mobile Wallet,Approved,False,None
1115,231,Electronics,465.46,2026-04-10,01:25:00,TX,Credit Card,Approved,False,None
1008,238,Grocery,1593.71,2025-12-04,20:32:00,CA,Debit Card,Approved,False,None
1307,206,Electronics,1060.74,2025-10-11,06:10:00,CA,Credit Card,Approved,False,None
1436,210,Gas,1953.29,2026-01-08,03:06:00,TX,Credit Card,Approved,False,None
1308,227,Gas,105.8,2026-04-27,23:07:00,TX,Credit Card,Approved,False,None
1085,236,Electronics,1759.61,2026-04-11,19:30:00,CA,Debit Card,Approved,False,None
1216,250,Gas,939.44,2026-01-21,01:56:00,NY,Debit Card,Approved,False,None
1292,235,Restaurant,1542.7,2026-01-28,12:10:00,FL,Mobile Wallet,Approved,False,None
1036,244,Grocery,972.57,2026-04-26,06:25:00,CA,Credit Card,Approved,False,None
1092,225,Travel,1483.12,2026-01-29,18:22:00,NY,Debit Card,Approved,False,None
1412,220,Restaurant,1755.7,2025-07-28,12:34:00,IL,Debit Card,Approved,False,None
1420,239,Travel,1854.95,2025-11-19,22:01:00,TX,Debit Card,Approved,False,None
1273,206,Restaurant,159.38,2026-06-05,08:55:00,FL,Credit Card,Approved,False,None
1208,232,Gas,1258.14,2026-06-16,23:05:00,TX,Debit Card,Approved,False,None
1443,238,Grocery,745.56,2026-03-28,18:37:00,NY,Mobile Wallet,Approved,False,None
1399,238,Travel,1881.81,2025-10-29,09:46:00,FL,Credit Card,Approved,False,None
1223,241,Gas,298.24,2025-07-29,18:11:00,CA,Credit Card,Approved,False,None
1368,226,Gas,373.8,2025-08-21,06:53:00,CA,Credit Card,Approved,False,None
1023,230,Grocery,358.08,2026-02-06,09:15:00,CA,Credit Card,Approved,False,None
1337,239,Electronics,667.9,2025-11-20,21:15:00,CA,Credit Card,Approved,False,None
1144,234,Gas,1690.81,2025-07-12,14:44:00,IL,Credit Card,Approved,False,None
1065,216,Restaurant,1945.31,2025-12-18,02:42:00,CA,Mobile Wallet,Approved,False,None
1233,231,Retail,1314.54,2025-12-27,08:01:00,FL,Debit Card,Approved,False,None
1219,206,Grocery,751.6,2025-10-27,11:23:00,FL,Mobile Wallet,Approved,False,None
1500,221,Retail,472.6,2025-09-06,13:04:00,FL,Debit Card,Approved,False,None
1406,249,Grocery,1371.54,2025-08-30,15:24:00,CA,Mobile Wallet,Approved,False,None
1346,212,Travel,501.27,2026-02-15,07:54:00,TX,Debit Card,Approved,False,None
1334,227,Gas,372.15,2026-03-17,23:48:00,IL,Mobile Wallet,Approved,False,None
1411,209,Grocery,590.61,2026-06-15,01:29:00,CA,Mobile Wallet,Approved,False,None
1284,224,Gas,756.09,2026-02-28,14:29:00,IL,Mobile Wallet,Approved,False,None
1327,200,Restaurant,1255.75,2026-01-10,07:05:00,TX,Debit Card,Approved,True,Account Takeover
1293,240,Restaurant,995.43,2025-08-11,20:36:00,NY,Debit Card,Approved,False,None
1241,248,Restaurant,744.16,2026-06-12,07:57:00,CA,Credit Card,Approved,False,None
1325,236,Gas,1977.83,2026-03-31,13:50:00,IL,Debit Card,Approved,False,None
1381,241,Restaurant,228.31,2025-08-06,19:44:00,NY,Credit Card,Approved,False,None
1392,201,Grocery,819.59,2025-08-25,20:26:00,TX,Mobile Wallet,Approved,False,None
1138,217,Electronics,1274.04,2026-05-18,19:57:00,NY,Credit Card,Approved,False,None
1220,201,Restaurant,1931.09,2026-04-18,09:07:00,IL,Debit Card,Approved,False,None
1306,229,Grocery,966.09,2025-10-17,03:19:00,TX,Debit Card,Approved,False,None
1295,233,Electronics,814.02,2025-12-16,06:37:00,FL,Credit Card,Approved,False,None
1427,243,Electronics,166.37,2026-04-07,11:43:00,FL,Debit Card,Approved,False,None
1116,200,Electronics,1203.71,2025-08-02,02:33:00,TX,Mobile Wallet,Approved,False,None
1430,244,Restaurant,1879.24,2025-09-13,16:25:00,NY,Credit Card,Approved,False,None
1035,245,Restaurant,176.42,2025-08-24,08:13:00,IL,Debit Card,Approved,False,None
1021,241,Retail,1503.26,2026-01-05,00:38:00,CA,Credit Card,Approved,False,None
1107,227,Travel,1502.31,2025-09-18,07:36:00,TX,Credit Card,Approved,False,None
1306,215,Electronics,487.26,2026-05-22,04:42:00,NY,Mobile Wallet,Approved,False,None
1238,216,Electronics,976.3,2025-08-29,22:08:00,NY,Credit Card,Approved,False,None
1074,234,Retail,998.23,2026-04-15,04:55:00,IL,Mobile Wallet,Approved,False,None
1130,201,Restaurant,56.3,2025-08-07,18:03:00,TX,Mobile Wallet,Approved,False,None
1316,205,Travel,1803.45,2026-04-14,18:04:00,TX,Mobile Wallet,Approved,False,None
1498,211,Gas,1605.83,2025-06-26,22:43:00,FL,Mobile Wallet,Approved,False,None
1281,238,Gas,1335.77,2026-05-01,05:02:00,CA,Debit Card,Approved,False,None
1334,200,Electronics,1044.2,2025-09-20,03:33:00,NY,Debit Card,Approved,False,None
1275,226,Restaurant,1001.43,2026-03-12,18:39:00,FL,Debit Card,Approved,False,None
1370,239,Travel,1894.68,2025-10-15,18:08:00,FL,Debit Card,Approved,False,None
1219,227,Grocery,293.31,2025-06-26,04:43:00,CA,Mobile Wallet,Approved,False,None
1419,247,Grocery,1771.3,2026-02-27,15:15:00,IL,Credit Card,Approved,False,None
1246,235,Retail,10.11,2025-09-04,01:46:00,CA,Debit Card,Approved,False,None
1154,228,Gas,1214.33,2025-11-30,04:46:00,NY,Debit Card,Approved,False,None
1418,211,Grocery,475.41,2026-04-26,05:54:00,TX,Debit Card,Approved,False,None
1230,247,Travel,558.39,2026-02-27,10:27:00,FL,Credit Card,Approved,False,None
1076,236,Retail,1866.98,2025-10-26,23:19:00,CA,Mobile Wallet,Approved,False,None
1267,234,Electronics,1020.55,2026-02-02,03:32:00,IL,Mobile Wallet,Approved,False,None
1141,250,Travel,1981.15,2026-04-20,17:29:00,FL,Mobile Wallet,Approved,False,None
1024,241,Travel,1220.37,2025-10-26,04:25:00,NY,Debit Card,Approved,False,None
1261,202,Gas,174.5,2025-12-21,10:55:00,NY,Credit Card,Approved,False,None
1398,240,Travel,853.6,2025-10-26,13:18:00,CA,Debit Card,Approved,False,None
1451,220,Grocery,417.27,2026-02-02,06:16:00,TX,Credit Card,Approved,False,None
1123,220,Grocery,1040.2,2025-10-13,03:52:00,NY,Credit Card,Approved,False,None
1334,202,Travel,1050.84,2025-10-29,08:14:00,NY,Mobile Wallet,Approved,False,None
1314,226,Retail,131.28,2025-07-13,08:43:00,TX,Debit Card,Approved,False,None
1394,246,Grocery,1423.0,2026-05-30,07:16:00,NY,Credit Card,Approved,True,Friendly Fraud
1263,223,Travel,345.33,2025-12-28,22:44:00,NY,Mobile Wallet,Approved,False,None
1355,222,Travel,1699.4,2026-05-19,01:52:00,FL,Credit Card,Approved,False,None
1483,213,Electronics,879.46,2025-11-06,08:15:00,NY,Mobile Wallet,Approved,True,Friendly Fraud
1095,204,Travel,1944.1,2025-12-04,21:46:00,TX,Debit Card,Approved,False,None
1335,250,Retail,701.67,2025-10-12,16:41:00,TX,Mobile Wallet,Approved,False,None
1217,217,Grocery,1374.01,2025-11-05,16:22:00,TX,Debit Card,Approved,False,None
1316,241,Travel,1242.72,2025-11-17,14:35:00,CA,Credit Card,Approved,False,None
1244,243,Gas,1178.99,2025-08-31,10:44:00,FL,Credit Card,Approved,False,None
1394,207,Travel,1913.25,2026-01-01,22:57:00,CA,Debit Card,Approved,False,None
1096,235,Grocery,863.47,2025-08-23,06:58:00,TX,Debit Card,Approved,False,None
1288,229,Electronics,36.03,2025-12-23,01:53:00,IL,Debit Card,Approved,False,None
1243,204,Retail,1904.83,2025-08-28,01:32:00,FL,Debit Card,Approved,False,None
1017,200,Retail,256.38,2026-06-12,05:40:00,NY,Credit Card,Approved,False,None
1267,220,Grocery,1758.51,2025-12-13,19:01:00,FL,Credit Card,Approved,False,None
1225,230,Restaurant,566.21,2025-11-29,08:10:00,TX,Mobile Wallet,Approved,False,None
1330,240,Gas,1600.27,2026-04-26,15:39:00,CA,Credit Card,Approved,True,Stolen Card
1219,239,Grocery,800.88,2025-08-16,17:07:00,NY,Mobile Wallet,Approved,False,None
1389,230,Travel,919.28,2025-07-14,01:08:00,IL,Credit Card,Approved,False,None
1325,212,Electronics,610.36,2025-08-17,14:33:00,NY,Credit Card,Approved,False,None
1399,217,Restaurant,531.72,2025-07-26,01:51:00,TX,Debit Card,Approved,False,None
1258,226,Retail,1466.95,2025-10-14,09:43:00,TX,Credit Card,Approved,False,None
1226,236,Gas,1615.12,2026-02-04,22:46:00,TX,Debit Card,Approved,False,None
1331,209,Gas,1659.57,2025-08-29,23:43:00,FL,Mobile Wallet,Approved,False,None
1303,239,Grocery,771.98,2025-08-17,15:34:00,CA,Mobile Wallet,Approved,False,None
1241,220,Electronics,1885.48,2025-08-01,16:27:00,FL,Mobile Wallet,Approved,False,None
1048,236,Travel,1782.66,2026-01-30,01:11:00,IL,Debit Card,Approved,False,None
1152,245,Restaurant,1134.88,2026-02-06,08:39:00,FL,Debit Card,Approved,False,None
1073,229,Restaurant,1380.9,2025-12-10,09:30:00,IL,Debit Card,Approved,False,None
1133,217,Grocery,958.98,2026-03-13,03:30:00,IL,Debit Card,Approved,False,None
1261,222,Gas,1343.08,2026-02-15,14:43:00,TX,Mobile Wallet,Approved,False,None
1117,215,Gas,1840.12,2025-11-28,18:59:00,FL,Debit Card,Approved,False,None
1349,231,Electronics,794.18,2025-07-21,18:57:00,NY,Credit Card,Approved,False,None
1261,212,Gas,122.27,2025-08-31,17:51:00,TX,Credit Card,Approved,False,None
1134,246,Gas,655.2,2026-01-13,01:57:00,TX,Credit Card,Approved,False,None
1236,237,Restaurant,659.21,2026-05-14,10:51:00,TX,Credit Card,Approved,False,None
1055,230,Grocery,457.28,2025-08-15,02:49:00,IL,Debit Card,Approved,False,None
1286,208,Gas,1122.66,2026-06-13,23:20:00,NY,Credit Card,Approved,False,None
1317,202,Gas,1408.25,2025-09-18,05:32:00,IL,Debit Card,Approved,False,None
1459,240,Restaurant,1732.88,2025-10-03,04:37:00,NY,Mobile Wallet,Approved,False,None
1083,221,Gas,903.93,2025-11-17,15:10:00,TX,Debit Card,Approved,False,None
1298,226,Travel,1499.86,2026-04-18,08:51:00,NY,Mobile Wallet,Approved,False,None
1130,230,Gas,1961.92,2025-07-27,06:39:00,FL,Credit Card,Approved,False,None
1013,207,Travel,1817.54,2026-05-05,11:09:00,FL,Credit Card,Approved,False,None
1048,200,Retail,856.99,2025-08-10,05:36:00,FL,Debit Card,Approved,False,None
1418,229,Travel,1181.82,2026-05-17,11:55:00,FL,Debit Card,Approved,False,None
1012,214,Grocery,1499.83,2025-07-01,17:05:00,NY,Mobile Wallet,Approved,False,None
1448,203,Travel,633.63,2025-07-05,17:54:00,CA,Credit Card,Approved,False,None
1477,221,Grocery,1168.41,2026-05-24,13:46:00,IL,Credit Card,Approved,False,None
1152,227,Grocery,1987.87,2025-12-18,09:33:00,IL,Credit Card,Approved,False,None
1231,232,Electronics,425.41,2025-07-17,07:31:00,IL,Credit Card,Approved,False,None
1210,213,Grocery,91.59,2026-03-21,15:26:00,TX,Mobile Wallet,Approved,False,None
1254,206,Restaurant,1733.96,2025-08-03,18:03:00,NY,Credit Card,Approved,False,None
1084,208,Grocery,592.45,2026-04-11,06:11:00,TX,Mobile Wallet,Approved,False,None
1002,219,Restaurant,858.59,2025-09-07,04:42:00,CA,Credit Card,Approved,False,None
1352,213,Gas,1609.86,2026-02-11,08:43:00,IL,Mobile Wallet,Approved,False,None
1063,219,Travel,628.74,2026-04-11,01:14:00,FL,Debit Card,Approved,False,None
1033,202,Grocery,156.8,2025-08-15,05:50:00,CA,Mobile Wallet,Approved,False,None
1359,239,Electronics,578.87,2025-10-25,14:10:00,NY,Debit Card,Approved,False,None
1320,218,Grocery,1195.54,2026-03-03,22:26:00,IL,Credit Card,Approved,False,None
1225,221,Gas,955.52,2025-10-23,14:06:00,FL,Mobile Wallet,Approved,False,None
1097,220,Grocery,1418.43,2025-08-14,04:53:00,NY,Debit Card,Approved,False,None
1301,239,Gas,770.33,2026-04-21,04:40:00,FL,Credit Card,Approved,False,None
1368,248,Retail,1440.01,2026-04-12,07:07:00,CA,Credit Card,Approved,False,None
1047,232,Grocery,648.25,2026-03-27,18:31:00,FL,Credit Card,Approved,False,None
1305,250,Grocery,1584.72,2026-02-02,00:17:00,CA,Debit Card,Approved,False,None
1147,209,Retail,40.52,2026-03-11,22:37:00,NY,Debit Card,Approved,False,None
1002,234,Restaurant,872.77,2026-01-24,03:57:00,FL,Credit Card,Approved,False,None
1050,232,Gas,1992.24,2026-06-09,04:57:00,FL,Mobile Wallet,Approved,False,None
1439,226,Grocery,133.27,2026-05-10,21:18:00,FL,Mobile Wallet,Approved,False,None
1471,227,Electronics,1178.97,2026-01-29,17:46:00,NY,Debit Card,Approved,False,None
1359,243,Restaurant,438.97,2025-09-07,06:42:00,FL,Mobile Wallet,Approved,False,None
1238,204,Restaurant,1216.25,2026-06-17,03:55:00,NY,Debit Card,Approved,False,None
1427,233,Gas,1221.36,2025-11-06,01:23:00,NY,Debit Card,Approved,False,None
1342,243,Travel,1885.2,2026-01-15,05:54:00,FL,Mobile Wallet,Approved,False,None
1451,248,Restaurant,601.05,2026-01-06,08:01:00,FL,Credit Card,Approved,True,Account Takeover
1388,237,Travel,1148.93,2025-08-03,01:45:00,TX,Debit Card,Approved,False,None
1286,240,Retail,1535.47,2025-12-20,18:23:00,CA,Debit Card,Approved,False,None
1470,219,Gas,96.11,2026-03-25,23:03:00,IL,Debit Card,Approved,False,None
1102,223,Retail,1379.6,2026-05-30,06:16:00,CA,Credit Card,Approved,False,None
1321,216,Travel,1104.43,2026-01-04,01:05:00,FL,Debit Card,Approved,False,None
1086,249,Restaurant,1764.52,2026-06-02,02:56:00,NY,Mobile Wallet,Approved,False,None
1033,234,Grocery,804.28,2025-07-04,16:50:00,IL,Mobile Wallet,Approved,True,Stolen Card
1217,241,Electronics,453.61,2025-11-19,21:43:00,NY,Credit Card,Approved,False,None
1089,205,Grocery,1917.22,2026-03-31,11:07:00,TX,Credit Card,Approved,False,None
1265,208,Gas,1264.4,2025-09-18,10:38:00,FL,Credit Card,Approved,False,None
1386,233,Retail,848.46,2025-07-08,11:56:00,TX,Mobile Wallet,Approved,False,None
1241,228,Retail,1054.5,2026-01-22,16:15:00,CA,Credit Card,Approved,False,None
1106,229,Retail,1784.77,2025-12-22,00:53:00,NY,Debit Card,Approved,False,None
1189,227,Retail,1346.45,2026-06-10,12:10:00,IL,Mobile Wallet,Approved,True,Account Takeover
1403,221,Travel,996.73,2025-10-27,13:07:00,IL,Debit Card,Approved,False,None
1136,204,Grocery,972.91,2026-02-14,20:28:00,CA,Mobile Wallet,Approved,False,None
1032,226,Gas,1180.76,2025-11-21,19:37:00,IL,Debit Card,Approved,False,None
1343,204,Retail,271.14,2026-06-12,00:17:00,TX,Mobile Wallet,Approved,False,None
1177,206,Restaurant,1185.05,2025-07-16,07:53:00,IL,Debit Card,Approved,False,None
1167,246,Travel,1609.3,2025-07-11,06:21:00,TX,Credit Card,Approved,False,None
1085,202,Gas,253.44,2025-12-04,14:40:00,NY,Mobile Wallet,Approved,False,None
1160,232,Restaurant,1147.88,2026-02-27,08:19:00,IL,Debit Card,Approved,False,None
1064,229,Grocery,1363.4,2026-03-19,17:30:00,FL,Mobile Wallet,Approved,False,None
1155,209,Restaurant,1964.18,2026-06-03,03:50:00,TX,Debit Card,Approved,False,None
1470,236,Grocery,1142.45,2026-01-17,02:40:00,IL,Debit Card,Approved,False,None
1221,203,Retail,365.05,2026-02-13,21:48:00,FL,Credit Card,Approved,False,None
1353,203,Electronics,539.44,2025-07-15,23:45:00,FL,Credit Card,Approved,True,Friendly Fraud
1228,230,Travel,22.24,2025-08-21,22:26:00,CA,Credit Card,Approved,False,None
1424,212,Travel,1192.32,2026-02-08,19:48:00,TX,Mobile Wallet,Approved,False,None
1470,206,Travel,1227.36,2026-04-05,19:55:00,CA,Debit Card,Approved,False,None
1162,226,Gas,1399.84,2025-07-05,22:52:00,FL,Mobile Wallet,Approved,False,None
1388,247,Restaurant,1188.64,2026-06-15,12:06:00,CA,Debit Card,Approved,False,None
1329,240,Gas,735.57,2026-02-14,02:50:00,NY,Mobile Wallet,Approved,False,None
1103,247,Gas,1000.39,2025-07-03,17:34:00,CA,Mobile Wallet,Approved,False,None
1265,220,Electronics,452.34,2025-07-15,07:10:00,CA,Credit Card,Approved,False,None
1002,243,Electronics,100.32,2026-03-08,01:42:00,NY,Debit Card,Approved,False,None
1246,250,Travel,1351.38,2025-11-28,03:14:00,CA,Credit Card,Approved,False,None
1466,229,Restaurant,134.06,2025-10-11,16:36:00,NY,Mobile Wallet,Approved,False,None
1286,229,Travel,1738.97,2026-04-30,12:12:00,IL,Credit Card,Approved,False,None
1358,244,Restaurant,1573.19,2026-01-20,05:53:00,IL,Credit Card,Approved,False,None
1094,239,Travel,608.9,2025-10-18,11:30:00,FL,Mobile Wallet,Approved,False,None
1104,248,Restaurant,920.73,2025-11-20,11:17:00,IL,Mobile Wallet,Approved,False,None
1197,213,Retail,1647.29,2026-02-16,08:14:00,TX,Mobile Wallet,Approved,False,None
1049,200,Grocery,850.73,2025-12-14,06:27:00,IL,Debit Card,Approved,False,None
1493,211,Grocery,255.07,2026-06-11,06:00:00,IL,Credit Card,Approved,False,None
1047,223,Retail,111.14,2025-11-15,03:34:00,TX,Credit Card,Approved,False,None
1433,237,Retail,1862.31,2025-12-15,11:37:00,CA,Credit Card,Approved,False,None
1094,228,Grocery,526.07,2026-05-22,13:40:00,TX,Credit Card,Approved,False,None
1204,217,Travel,267.66,2026-05-25,03:43:00,TX,Debit Card,Approved,False,None
1194,231,Restaurant,1342.69,2025-10-14,17:56:00,IL,Mobile Wallet,Approved,False,None
1129,218,Grocery,422.21,2026-06-19,01:13:00,FL,Credit Card,Approved,False,None
1358,204,Travel,1085.97,2025-10-28,15:53:00,TX,Mobile Wallet,Approved,False,None
1190,206,Electronics,730.5,2025-07-25,10:05:00,CA,Debit Card,Approved,False,None
1059,202,Grocery,326.13,2026-01-20,02:12:00,TX,Debit Card,Approved,False,None
1013,216,Gas,1705.49,2026-04-26,10:42:00,NY,Credit Card,Approved,False,None
1272,209,Travel,44.11,2026-04-15,19:17:00,FL,Mobile Wallet,Approved,False,None
1034,247,Travel,1752.92,2026-05-25,06:51:00,NY,Mobile Wallet,Approved,False,None
1410,214,Retail,819.5,2026-05-03,04:25:00,CA,Credit Card,Approved,False,None
1249,245,Travel,1501.78,2025-09-07,03:10:00,IL,Credit Card,Approved,False,None
1071,216,Gas,188.58,2026-01-03,22:43:00,NY,Debit Card,Approved,False,None
1389,229,Grocery,65.73,2025-09-11,17:18:00,CA,Credit Card,Approved,False,None
1126,228,Electronics,1909.44,2026-06-21,21:50:00,CA,Mobile Wallet,Approved,False,None
1413,244,Gas,1819.25,2026-03-01,15:26:00,TX,Credit Card,Approved,False,None
1474,210,Retail,1319.76,2025-09-22,21:55:00,TX,Credit Card,Approved,False,None
1228,216,Retail,75.5,2025-07-06,13:21:00,IL,Credit Card,Approved,False,None
1117,220,Electronics,1942.44,2026-01-25,12:43:00,TX,Credit Card,Approved,False,None
1240,213,Electronics,905.49,2026-02-11,15:58:00,TX,Mobile Wallet,Approved,False,None
1288,211,Restaurant,264.0,2026-01-28,04:47:00,IL,Debit Card,Approved,False,None
1222,226,Electronics,1578.54,2025-10-06,08:51:00,NY,Credit Card,Approved,False,None
1445,242,Restaurant,313.24,2025-08-06,08:53:00,IL,Debit Card,Approved,False,None
1367,228,Gas,1242.52,2026-01-03,20:47:00,NY,Debit Card,Approved,False,None
1174,227,Travel,1813.52,2026-01-02,21:02:00,CA,Credit Card,Approved,False,None
1137,210,Electronics,1344.5,2026-06-07,15:00:00,TX,Credit Card,Approved,False,None
1361,241,Electronics,1459.03,2026-01-22,23:51:00,CA,Mobile Wallet,Approved,False,None
1252,247,Restaurant,1849.52,2026-02-16,06:29:00,CA,Credit Card,Approved,False,None
1172,232,Electronics,1815.32,2026-04-25,17:47:00,FL,Credit Card,Approved,False,None
1210,207,Retail,1393.05,2026-04-01,09:46:00,CA,Debit Card,Approved,False,None
1304,233,Restaurant,137.03,2025-12-13,08:10:00,FL,Mobile Wallet,Approved,False,None
1129,203,Grocery,177.83,2026-05-10,22:51:00,CA,Debit Card,Approved,False,None
1436,244,Gas,1637.36,2025-07-18,07:00:00,IL,Debit Card,Approved,False,None
1085,227,Gas,240.87,2026-05-16,10:55:00,NY,Mobile Wallet,Approved,False,None
1474,219,Electronics,1401.88,2026-01-01,17:31:00,NY,Debit Card,Approved,False,None
1236,200,Retail,1525.31,2025-11-25,15:06:00,CA,Mobile Wallet,Approved,False,None
1212,208,Grocery,500.4,2025-09-06,16:54:00,NY,Mobile Wallet,Approved,False,None
1228,236,Travel,621.73,2025-10-18,22:24:00,IL,Mobile Wallet,Approved,False,None
1247,239,Electronics,966.52,2025-12-04,10:06:00,NY,Mobile Wallet,Approved,False,None
1478,202,Electronics,436.16,2025-11-07,21:07:00,NY,Debit Card,Approved,False,None
1282,216,Travel,1570.08,2026-06-09,16:33:00,IL,Mobile Wallet,Approved,False,None
1329,214,Gas,1766.46,2026-01-02,17:54:00,NY,Credit Card,Approved,False,None
1081,232,Travel,1892.3,2026-06-04,12:52:00,FL,Mobile Wallet,Approved,False,None
1405,244,Restaurant,1368.19,2026-05-06,11:24:00,TX,Credit Card,Approved,False,None
1298,245,Restaurant,950.78,2025-10-07,07:13:00,TX,Credit Card,Approved,False,None
1160,239,Retail,1935.7,2026-05-15,11:06:00,IL,Credit Card,Approved,False,None
1013,220,Electronics,1398.06,2026-05-02,13:56:00,NY,Mobile Wallet,Approved,False,None
1049,233,Travel,1764.86,2026-05-26,08:53:00,IL,Debit Card,Approved,False,None
1131,231,Gas,930.56,2025-11-26,16:21:00,TX,Debit Card,Approved,True,Stolen Card
1295,236,Retail,1513.49,2026-02-12,01:54:00,IL,Debit Card,Approved,False,None
1361,229,Retail,1991.72,2026-02-15,00:59:00,CA,Mobile Wallet,Approved,False,None
1265,204,Grocery,241.45,2026-02-03,23:23:00,CA,Debit Card,Approved,False,None
1429,222,Grocery,652.75,2025-09-08,18:12:00,FL,Debit Card,Approved,False,None
1375,234,Electronics,1423.91,2025-10-12,11:29:00,TX,Credit Card,Approved,False,None
1396,203,Retail,1843.6,2026-05-03,08:25:00,NY,Credit Card,Approved,False,None
1217,250,Retail,1558.65,2025-11-15,19:22:00,FL,Mobile Wallet,Approved,False,None
1204,237,Gas,94.59,2026-05-27,23:06:00,NY,Debit Card,Approved,True,Friendly Fraud
1473,217,Gas,972.94,2025-07-24,05:53:00,CA,Mobile Wallet,Approved,False,None
1425,224,Retail,1924.33,2025-10-06,10:48:00,FL,Mobile Wallet,Approved,False,None
1030,210,Travel,1910.49,2025-12-06,01:09:00,CA,Credit Card,Approved,False,None
1115,217,Restaurant,1005.19,2026-03-08,08:02:00,IL,Mobile Wallet,Approved,False,None
1150,205,Retail,901.9,2025-07-21,09:02:00,NY,Credit Card,Approved,False,None
1359,223,Retail,869.48,2025-11-08,15:12:00,FL,Debit Card,Approved,False,None
1457,218,Travel,380.15,2025-11-19,05:44:00,TX,Credit Card,Approved,False,None
1055,213,Retail,1007.27,2025-09-02,10:37:00,IL,Mobile Wallet,Approved,False,None
1413,202,Restaurant,221.88,2025-07-23,15:37:00,FL,Credit Card,Approved,False,None
1123,220,Grocery,861.84,2026-05-13,15:30:00,FL,Credit Card,Approved,False,None
1440,222,Retail,1383.03,2025-08-10,19:14:00,NY,Mobile Wallet,Approved,False,None
1491,222,Electronics,1253.31,2026-01-03,15:04:00,TX,Debit Card,Approved,False,None
1229,235,Restaurant,1602.68,2025-12-08,21:48:00,FL,Debit Card,Approved,False,None
1236,217,Gas,1424.44,2026-01-28,08:51:00,TX,Credit Card,Approved,False,None
1099,227,Electronics,367.75,2026-03-20,09:17:00,IL,Credit Card,Approved,False,None
1420,229,Grocery,427.88,2025-11-09,04:08:00,CA,Credit Card,Approved,False,None
1318,225,Gas,210.67,2026-05-20,14:42:00,TX,Credit Card,Approved,False,None
1236,248,Gas,930.42,2025-10-29,09:29:00,FL,Mobile Wallet,Approved,False,None
1263,223,Travel,554.49,2025-12-26,22:01:00,FL,Credit Card,Approved,False,None
1039,233,Restaurant,947.11,2025-07-19,22:29:00,NY,Debit Card,Approved,False,None
1472,217,Travel,1040.91,2026-04-26,22:29:00,FL,Debit Card,Approved,False,None
1424,207,Retail,899.43,2025-08-11,03:38:00,TX,Mobile Wallet,Approved,False,None
1193,245,Restaurant,1733.26,2026-06-24,12:38:00,CA,Mobile Wallet,Approved,False,None
1369,200,Grocery,1674.95,2026-02-25,01:47:00,NY,Credit Card,Approved,False,None
1465,215,Electronics,1969.56,2026-01-30,19:00:00,TX,Credit Card,Approved,False,None
1267,207,Electronics,1590.33,2025-09-08,05:07:00,IL,Debit Card,Approved,False,None
1168,233,Retail,1221.55,2026-04-17,09:18:00,CA,Debit Card,Approved,False,None
1458,228,Gas,1975.74,2025-08-12,09:25:00,CA,Credit Card,Approved,False,None
1360,201,Travel,172.73,2026-03-04,20:58:00,CA,Credit Card,Approved,False,None
1277,214,Gas,403.52,2026-05-23,05:36:00,NY,Mobile Wallet,Approved,False,None
1095,201,Grocery,1443.78,2026-05-09,01:38:00,IL,Debit Card,Approved,False,None
1431,209,Restaurant,78.48,2025-10-29,02:32:00,CA,Debit Card,Approved,False,None
1032,244,Travel,1382.09,2026-03-08,08:28:00,IL,Mobile Wallet,Approved,False,None
1372,231,Travel,813.92,2025-10-02,06:09:00,NY,Debit Card,Approved,False,None
1127,232,Travel,1429.43,2026-06-17,20:36:00,IL,Mobile Wallet,Approved,False,None
1436,205,Retail,1814.35,2025-11-03,21:05:00,IL,Mobile Wallet,Approved,False,None
1400,234,Gas,1094.29,2025-08-18,06:49:00,TX,Mobile Wallet,Approved,False,None
1019,231,Gas,437.76,2025-10-19,19:45:00,IL,Credit Card,Approved,False,None
1025,235,Travel,1138.2,2026-04-06,11:22:00,FL,Debit Card,Approved,False,None
1060,249,Gas,596.31,2026-02-05,01:19:00,CA,Credit Card,Approved,False,None
1323,239,Retail,237.41,2025-08-15,12:12:00,NY,Mobile Wallet,Approved,False,None
1415,230,Restaurant,1741.24,2025-06-26,18:55:00,CA,Mobile Wallet,Approved,False,None
1159,233,Restaurant,299.58,2026-01-10,09:04:00,IL,Credit Card,Approved,False,None
1051,239,Electronics,1404.96,2025-11-28,18:20:00,TX,Debit Card,Approved,False,None
1332,243,Restaurant,1053.97,2025-09-01,08:00:00,FL,Mobile Wallet,Approved,False,None
1348,242,Travel,1363.04,2025-07-15,08:20:00,NY,Debit Card,Approved,False,None
1074,230,Grocery,385.44,2025-11-24,03:14:00,FL,Debit Card,Approved,False,None
1289,248,Restaurant,1335.82,2026-04-16,04:00:00,CA,Debit Card,Approved,False,None
1416,233,Electronics,932.81,2025-11-27,03:35:00,TX,Debit Card,Approved,False,None
1323,239,Retail,739.82,2025-10-15,01:50:00,TX,Mobile Wallet,Approved,False,None
1250,244,Grocery,102.44,2025-11-20,20:12:00,NY,Mobile Wallet,Approved,False,None
1348,227,Restaurant,1039.8,2026-06-15,23:22:00,FL,Debit Card,Approved,False,None
1098,213,Retail,370.08,2025-06-27,20:41:00,IL,Mobile Wallet,Approved,False,None
1278,211,Retail,1090.34,2025-08-11,03:43:00,CA,Credit Card,Approved,True,Account Takeover
1142,236,Gas,1547.35,2025-11-05,03:46:00,FL,Mobile Wallet,Approved,False,None
1470,235,Gas,1946.25,2025-09-30,22:13:00,TX,Debit Card,Approved,False,None
1468,226,Restaurant,1661.25,2026-06-22,01:08:00,IL,Mobile Wallet,Approved,False,None
1485,237,Travel,654.86,2026-04-21,12:49:00,CA,Debit Card,Approved,False,None
1295,212,Travel,597.55,2025-07-10,22:43:00,TX,Mobile Wallet,Approved,False,None
1021,218,Retail,487.9,2026-05-05,07:06:00,NY,Credit Card,Approved,False,None
1443,241,Retail,122.43,2025-07-13,03:06:00,FL,Credit Card,Approved,False,None
1364,202,Restaurant,803.58,2026-01-10,10:59:00,NY,Credit Card,Approved,False,None
1456,200,Electronics,1351.24,2026-01-18,09:46:00,CA,Credit Card,Approved,True,Stolen Card
1089,220,Restaurant,1925.62,2026-05-24,05:09:00,FL,Credit Card,Approved,False,None
1267,236,Grocery,1358.45,2025-07-22,21:55:00,FL,Credit Card,Approved,False,None
1180,202,Electronics,1043.77,2026-05-25,14:50:00,CA,Mobile Wallet,Approved,False,None
1028,244,Grocery,479.36,2026-03-26,23:57:00,CA,Credit Card,Approved,False,None
1001,249,Electronics,264.41,2026-05-22,01:06:00,TX,Credit Card,Approved,False,None
1187,200,Gas,1969.19,2025-11-26,20:38:00,IL,Mobile Wallet,Approved,False,None
1365,243,Retail,865.83,2026-05-08,04:26:00,TX,Debit Card,Approved,True,Friendly Fraud
1401,230,Travel,568.76,2025-08-27,16:34:00,FL,Mobile Wallet,Approved,False,None
1077,233,Restaurant,1286.52,2026-04-22,22:44:00,FL,Credit Card,Approved,False,None
1046,217,Grocery,270.16,2025-07-18,13:35:00,NY,Debit Card,Approved,False,None
1376,218,Retail,1065.46,2026-03-10,01:47:00,NY,Debit Card,Approved,False,None
1056,218,Electronics,285.32,2026-05-22,23:06:00,CA,Debit Card,Approved,False,None
1300,206,Retail,6.04,2025-09-05,05:20:00,CA,Debit Card,Approved,False,None
1462,237,Electronics,1350.02,2026-06-14,14:20:00,IL,Debit Card,Approved,False,None
1011,201,Gas,1972.42,2026-04-03,14:56:00,NY,Debit Card,Approved,False,None
1352,241,Restaurant,1941.1,2026-03-14,20:36:00,TX,Mobile Wallet,Approved,False,None
1339,201,Retail,263.41,2026-02-11,21:46:00,CA,Mobile Wallet,Approved,False,None
1373,227,Electronics,950.24,2026-03-03,08:09:00,FL,Mobile Wallet,Approved,False,None
1413,218,Travel,1738.43,2025-07-01,02:11:00,IL,Debit Card,Approved,False,None
1439,209,Retail,1683.33,2026-01-28,06:49:00,CA,Debit Card,Approved,True,Friendly Fraud
1361,219,Electronics,1643.38,2026-04-12,10:30:00,TX,Credit Card,Approved,False,None
1324,224,Retail,206.33,2025-10-16,07:14:00,NY,Debit Card,Approved,False,None
1447,219,Restaurant,815.29,2026-03-03,08:07:00,FL,Mobile Wallet,Approved,True,Account Takeover
1160,201,Electronics,299.98,2025-10-18,08:43:00,FL,Credit Card,Approved,False,None
1070,210,Electronics,709.08,2025-10-22,22:30:00,FL,Credit Card,Approved,False,None
1443,243,Retail,1226.5,2025-09-25,22:18:00,NY,Debit Card,Approved,False,None
1093,225,Grocery,1848.55,2026-02-13,21:06:00,NY,Debit Card,Approved,False,None
1091,250,Electronics,1793.44,2026-03-19,00:37:00,TX,Credit Card,Approved,False,None
1397,230,Gas,684.85,2025-08-04,15:27:00,CA,Debit Card,Approved,False,None
1438,227,Travel,497.9,2025-08-23,15:28:00,TX,Debit Card,Approved,False,None
1196,250,Retail,843.24,2025-11-08,22:04:00,TX,Credit Card,Approved,False,None
1020,216,Gas,1228.15,2026-05-20,03:47:00,IL,Debit Card,Approved,False,None
1240,201,Electronics,793.05,2025-11-23,15:58:00,CA,Credit Card,Approved,False,None
1076,244,Restaurant,1842.71,2025-12-20,11:31:00,NY,Mobile Wallet,Approved,False,None
1248,248,Electronics,1397.36,2026-01-15,20:48:00,TX,Credit Card,Approved,False,None
1335,224,Grocery,1599.09,2026-03-31,03:24:00,CA,Credit Card,Approved,False,None
1152,205,Gas,1856.02,2025-11-19,12:36:00,TX,Mobile Wallet,Approved,False,None
1064,209,Travel,219.24,2025-10-09,16:32:00,FL,Credit Card,Approved,False,None
1026,232,Travel,1097.13,2025-08-14,17:30:00,IL,Debit Card,Approved,False,None
1152,210,Grocery,23.28,2026-06-08,09:04:00,CA,Credit Card,Approved,False,None
1258,207,Restaurant,1148.19,2026-02-06,23:00:00,IL,Mobile Wallet,Approved,False,None
1295,231,Restaurant,1738.69,2026-06-03,03:37:00,NY,Debit Card,Approved,False,None
1359,246,Retail,1428.37,2026-01-12,02:01:00,FL,Credit Card,Approved,False,None
1405,204,Gas,1470.01,2026-04-28,07:37:00,NY,Credit Card,Approved,False,None
1314,206,Grocery,1890.99,2025-08-18,13:09:00,NY,Debit Card,Approved,False,None
1050,228,Travel,732.12,2026-06-06,05:21:00,FL,Credit Card,Approved,True,Account Takeover
1489,225,Gas,686.48,2025-11-08,12:58:00,CA,Debit Card,Approved,False,None
1070,225,Travel,9.4,2025-09-09,02:36:00,TX,Debit Card,Approved,False,None
1332,225,Retail,708.7,2025-09-04,07:36:00,IL,Debit Card,Approved,False,None
1406,220,Electronics,278.09,2026-03-02,08:19:00,FL,Mobile Wallet,Approved,False,None
1441,211,Travel,1778.57,2025-07-14,10:26:00,CA,Mobile Wallet,Approved,False,None
1106,211,Restaurant,1709.8,2025-10-20,01:51:00,TX,Debit Card,Approved,False,None
1442,234,Electronics,1219.86,2026-03-08,23:36:00,CA,Debit Card,Approved,False,None
1251,235,Travel,1794.48,2026-03-07,05:37:00,CA,Credit Card,Approved,False,None
1110,230,Grocery,505.62,2025-12-20,08:58:00,NY,Debit Card,Approved,False,None
1284,217,Travel,1720.31,2025-08-27,09:25:00,IL,Mobile Wallet,Approved,False,None
1294,208,Restaurant,159.08,2026-05-28,18:41:00,NY,Credit Card,Approved,False,None
1233,213,Retail,1623.68,2026-01-12,03:40:00,CA,Mobile Wallet,Approved,False,None
1116,203,Grocery,1957.68,2026-05-28,00:49:00,CA,Debit Card,Approved,False,None
1310,232,Gas,1056.87,2025-11-16,01:41:00,CA,Mobile Wallet,Approved,False,None
1271,231,Grocery,1909.76,2026-02-13,06:56:00,CA,Mobile Wallet,Approved,False,None
1447,206,Electronics,1732.08,2025-10-14,01:13:00,NY,Credit Card,Approved,False,None
1409,221,Travel,43.66,2026-01-12,11:12:00,IL,Credit Card,Approved,False,None
1152,206,Gas,818.13,2026-05-23,09:07:00,NY,Mobile Wallet,Approved,False,None
1227,246,Retail,647.88,2025-11-18,01:01:00,NY,Mobile Wallet,Approved,False,None
1260,214,Restaurant,1907.8,2026-04-08,02:54:00,CA,Credit Card,Approved,True,Stolen Card
1358,221,Gas,125.61,2026-04-09,07:14:00,NY,Credit Card,Approved,False,None
1471,233,Restaurant,1727.63,2026-04-12,02:29:00,NY,Credit Card,Approved,False,None
1072,244,Gas,1347.47,2025-07-12,23:55:00,IL,Credit Card,Approved,False,None
1187,213,Restaurant,1877.05,2026-04-02,14:18:00,IL,Debit Card,Approved,False,None
1134,236,Gas,1976.39,2025-10-17,12:32:00,IL,Credit Card,Approved,False,None
1099,207,Gas,1935.91,2025-08-21,04:00:00,IL,Mobile Wallet,Approved,False,None
1146,238,Grocery,1300.11,2025-12-09,12:09:00,NY,Credit Card,Approved,False,None
1046,200,Gas,965.38,2025-12-28,22:26:00,NY,Credit Card,Approved,False,None
1054,233,Travel,857.79,2026-01-10,22:04:00,NY,Credit Card,Approved,False,None
1370,202,Grocery,869.3,2026-01-09,21:10:00,IL,Credit Card,Approved,False,None
1441,231,Retail,1033.28,2025-09-02,17:34:00,TX,Debit Card,Approved,False,None
1352,213,Restaurant,798.99,2026-02-03,12:21:00,NY,Debit Card,Approved,False,None
1163,250,Grocery,154.41,2026-02-03,18:25:00,NY,Mobile Wallet,Approved,False,None
1193,216,Electronics,1274.07,2026-06-16,01:52:00,FL,Mobile Wallet,Approved,False,None
1236,244,Travel,685.92,2025-12-03,09:10:00,NY,Debit Card,Approved,False,None
1289,204,Electronics,432.03,2025-08-11,00:19:00,NY,Credit Card,Approved,False,None
1483,209,Retail,1466.69,2025-12-27,15:28:00,TX,Debit Card,Approved,False,None
1331,235,Travel,511.1,2025-12-17,17:55:00,FL,Credit Card,Approved,False,None
1302,238,Grocery,1297.84,2026-04-14,02:01:00,FL,Mobile Wallet,Approved,False,None
1481,200,Travel,1074.12,2025-12-31,05:13:00,TX,Debit Card,Approved,False,None
1350,218,Retail,188.44,2026-04-07,05:39:00,IL,Mobile Wallet,Approved,False,None
1446,238,Retail,1023.04,2025-11-20,08:39:00,CA,Mobile Wallet,Approved,False,None
1393,204,Gas,1649.85,2026-04-02,07:23:00,FL,Mobile Wallet,Approved,False,None
1302,248,Grocery,897.05,2025-11-06,03:18:00,NY,Debit Card,Approved,False,None
1059,248,Retail,176.39,2025-07-12,10:18:00,IL,Debit Card,Approved,False,None
1191,241,Electronics,143.73,2025-12-30,07:25:00,CA,Credit Card,Approved,False,None
1295,220,Grocery,1195.0,2026-02-24,02:39:00,TX,Credit Card,Approved,False,None
1000,206,Travel,367.71,2026-06-24,04:53:00,FL,Debit Card,Approved,False,None
1298,237,Grocery,405.76,2026-03-14,02:09:00,FL,Debit Card,Approved,False,None
1100,244,Gas,1001.47,2025-09-24,06:06:00,NY,Debit Card,Approved,False,None
1384,235,Travel,1829.76,2025-09-10,09:24:00,IL,Mobile Wallet,Approved,False,None
1446,206,Travel,1467.32,2026-06-17,17:00:00,NY,Credit Card,Approved,False,None
1382,221,Restaurant,562.28,2026-06-22,05:29:00,TX,Credit Card,Approved,False,None
1468,231,Grocery,1137.0,2025-11-16,02:08:00,FL,Debit Card,Approved,False,None
1111,217,Electronics,127.4,2025-07-06,11:34:00,NY,Mobile Wallet,Approved,False,None
1365,239,Grocery,535.05,2025-10-25,14:44:00,FL,Credit Card,Approved,False,None
1380,227,Travel,423.84,2025-07-24,15:13:00,TX,Mobile Wallet,Approved,False,None
1021,249,Gas,1680.58,2026-04-14,18:23:00,TX,Debit Card,Approved,False,None
1337,215,Retail,624.48,2025-09-01,06:46:00,FL,Credit Card,Approved,False,None
1317,232,Travel,105.09,2025-09-25,20:21:00,NY,Credit Card,Approved,False,None
1112,240,Gas,143.31,2025-07-21,07:24:00,CA,Mobile Wallet,Approved,False,None
1326,247,Grocery,1336.89,2026-05-30,07:05:00,TX,Mobile Wallet,Approved,False,None
1335,208,Travel,235.48,2025-09-04,07:39:00,FL,Credit Card,Approved,False,None
1409,214,Restaurant,72.91,2026-02-23,15:14:00,IL,Mobile Wallet,Approved,False,None
1293,228,Retail,622.11,2025-07-04,03:36:00,TX,Credit Card,Approved,False,None
1127,211,Gas,1702.86,2026-01-28,03:26:00,NY,Credit Card,Approved,False,None
1303,241,Electronics,1784.28,2025-08-16,05:36:00,CA,Debit Card,Approved,False,None
1215,248,Travel,865.18,2025-08-17,23:02:00,NY,Credit Card,Approved,False,None
1128,203,Grocery,1304.26,2026-04-12,10:39:00,IL,Mobile Wallet,Approved,False,None
1234,239,Grocery,104.78,2025-12-03,18:15:00,IL,Mobile Wallet,Approved,False,None
1023,237,Restaurant,115.76,2025-08-19,03:55:00,NY,Credit Card,Approved,False,None
1003,219,Travel,1715.79,2025-07-28,06:52:00,CA,Credit Card,Approved,False,None
1369,219,Gas,1260.92,2025-07-06,02:32:00,FL,Mobile Wallet,Approved,False,None
1349,212,Grocery,601.75,2026-03-26,08:27:00,CA,Credit Card,Approved,False,None
1406,204,Gas,1957.74,2025-07-07,12:28:00,FL,Credit Card,Approved,False,None
1369,220,Electronics,1248.95,2025-08-27,12:18:00,NY,Debit Card,Approved,False,None
1341,237,Travel,1103.14,2025-07-27,23:47:00,NY,Debit Card,Approved,False,None
1108,231,Gas,1067.56,2025-11-09,20:31:00,TX,Credit Card,Approved,False,None
1096,223,Gas,908.0,2025-12-19,07:15:00,NY,Credit Card,Approved,False,None
1123,234,Restaurant,600.14,2026-04-07,14:24:00,TX,Debit Card,Approved,False,None
1413,210,Gas,1392.65,2025-11-19,15:53:00,NY,Debit Card,Approved,False,None
1002,213,Restaurant,1299.03,2025-09-11,04:15:00,IL,Debit Card,Approved,False,None
1212,239,Restaurant,1389.75,2025-12-20,10:03:00,NY,Mobile Wallet,Approved,False,None
1197,227,Electronics,182.47,2026-03-15,01:11:00,IL,Mobile Wallet,Approved,False,None
1342,203,Restaurant,1471.4,2025-10-08,00:52:00,FL,Debit Card,Approved,False,None
1234,207,Restaurant,261.98,2026-02-10,20:18:00,CA,Mobile Wallet,Approved,False,None
1174,247,Electronics,1105.48,2026-01-17,17:15:00,NY,Credit Card,Approved,False,None
1482,228,Gas,502.13,2026-01-28,02:11:00,TX,Mobile Wallet,Approved,False,None
1190,209,Electronics,1293.15,2025-11-09,14:07:00,IL,Mobile Wallet,Approved,False,None
1178,219,Gas,1075.47,2026-01-20,04:37:00,TX,Credit Card,Approved,False,None
1274,206,Restaurant,1376.25,2025-12-19,23:54:00,CA,Credit Card,Approved,False,None
1429,225,Travel,547.14,2026-01-22,10:06:00,CA,Debit Card,Approved,False,None
1228,218,Grocery,638.09,2025-09-26,01:40:00,IL,Credit Card,Approved,False,None
1135,214,Travel,1031.9,2026-02-26,18:11:00,TX,Credit Card,Approved,False,None
1487,206,Retail,551.83,2026-05-07,17:10:00,IL,Debit Card,Approved,False,None
1277,214,Travel,554.93,2026-04-15,23:33:00,FL,Credit Card,Approved,False,None
1473,228,Electronics,883.95,2025-06-30,13:38:00,TX,Mobile Wallet,Approved,False,None
1109,236,Retail,1466.22,2025-11-08,05:44:00,FL,Debit Card,Approved,False,None
1081,215,Electronics,768.52,2025-12-19,13:15:00,IL,Credit Card,Approved,False,None
1234,227,Electronics,825.73,2025-12-28,14:51:00,IL,Credit Card,Approved,False,None
1123,225,Gas,347.14,2025-08-28,07:19:00,TX,Debit Card,Approved,False,None
1071,209,Travel,176.08,2025-08-04,01:17:00,TX,Debit Card,Approved,False,None
1216,244,Grocery,121.46,2025-06-29,09:07:00,FL,Debit Card,Approved,False,None
1424,220,Gas,929.09,2025-10-01,20:57:00,CA,Mobile Wallet,Approved,False,None
1456,241,Travel,1408.99,2025-11-13,16:08:00,CA,Credit Card,Approved,False,None
1309,237,Restaurant,222.27,2025-11-29,00:58:00,CA,Credit Card,Approved,False,None
1325,228,Gas,230.57,2026-05-19,00:55:00,FL,Credit Card,Approved,False,None
1314,211,Restaurant,1625.12,2026-04-02,01:38:00,CA,Mobile Wallet,Approved,False,None
1193,232,Gas,1825.25,2025-10-22,13:42:00,TX,Debit Card,Approved,False,None
1255,234,Retail,1085.52,2025-10-15,07:36:00,CA,Debit Card,Approved,False,None
1272,201,Retail,934.68,2026-04-05,14:33:00,CA,Mobile Wallet,Approved,False,None
1260,242,Gas,1041.84,2026-03-27,02:13:00,IL,Credit Card,Approved,False,None
1298,209,Restaurant,545.46,2025-06-29,07:32:00,NY,Mobile Wallet,Approved,False,None
1302,204,Travel,1197.55,2025-11-08,06:46:00,NY,Mobile Wallet,Approved,False,None
1094,208,Gas,1161.04,2025-08-06,23:00:00,FL,Debit Card,Approved,False,None
1446,232,Restaurant,1281.83,2026-05-08,22:17:00,FL,Mobile Wallet,Approved,False,None
1311,233,Electronics,866.08,2026-05-14,09:36:00,FL,Debit Card,Approved,False,None
1395,250,Electronics,1110.26,2025-07-27,04:35:00,IL,Credit Card,Approved,False,None
1447,245,Retail,880.53,2025-10-01,17:43:00,CA,Debit Card,Approved,False,None
1267,217,Electronics,658.03,2025-10-15,19:55:00,TX,Credit Card,Approved,False,None
1157,238,Gas,69.15,2025-06-29,02:06:00,CA,Debit Card,Approved,False,None
1420,222,Retail,1743.79,2025-09-27,23:03:00,FL,Credit Card,Approved,False,None
1018,245,Electronics,1623.12,2026-01-13,19:46:00,IL,Debit Card,Approved,False,None
1032,210,Gas,479.35,2025-12-19,13:54:00,CA,Debit Card,Approved,False,None
1303,248,Gas,1885.41,2026-03-17,06:25:00,TX,Debit Card,Approved,False,None
1147,207,Restaurant,226.23,2025-10-07,23:12:00,TX,Credit Card,Approved,False,None
1266,229,Retail,982.33,2026-01-04,11:55:00,IL,Debit Card,Approved,False,None
1398,232,Travel,431.79,2025-06-30,08:50:00,IL,Credit Card,Approved,False,None
1143,206,Retail,192.09,2025-12-29,19:31:00,NY,Credit Card,Approved,False,None
1158,248,Grocery,993.31,2026-01-08,16:49:00,IL,Credit Card,Approved,True,Friendly Fraud
1209,229,Restaurant,1755.16,2025-10-04,02:41:00,IL,Mobile Wallet,Approved,False,None
1287,240,Electronics,899.14,2025-10-01,21:08:00,IL,Debit Card,Approved,False,None
1369,225,Retail,531.17,2026-05-05,08:38:00,TX,Credit Card,Approved,False,None
1155,215,Travel,1451.24,2025-12-07,18:57:00,CA,Mobile Wallet,Approved,False,None
1381,206,Electronics,1930.29,2026-04-12,17:16:00,TX,Debit Card,Approved,False,None
1339,249,Retail,1884.05,2025-09-12,11:32:00,TX,Debit Card,Approved,False,None
1127,201,Retail,1707.41,2026-01-24,09:25:00,IL,Credit Card,Approved,False,None
1043,225,Restaurant,1306.0,2025-10-28,14:27:00,NY,Credit Card,Approved,False,None
1199,221,Electronics,896.9,2025-08-03,18:05:00,FL,Mobile Wallet,Approved,False,None
1407,215,Gas,1895.61,2025-07-02,01:27:00,NY,Debit Card,Approved,True,Account Takeover
1030,211,Restaurant,783.84,2026-03-02,04:38:00,NY,Debit Card,Approved,False,None
1486,217,Electronics,1539.64,2025-12-06,23:24:00,CA,Debit Card,Approved,False,None
1219,243,Restaurant,450.28,2025-06-26,03:01:00,IL,Mobile Wallet,Approved,False,None
1310,220,Retail,899.12,2026-04-17,02:11:00,IL,Credit Card,Approved,False,None
1290,204,Grocery,747.85,2025-09-09,07:00:00,IL,Mobile Wallet,Approved,False,None
1473,221,Gas,500.27,2026-03-30,21:45:00,NY,Mobile Wallet,Approved,False,None
1376,250,Grocery,1843.97,2026-05-10,06:46:00,CA,Mobile Wallet,Approved,False,None
1230,243,Electronics,1913.47,2025-07-19,21:50:00,FL,Mobile Wallet,Approved,False,None
1482,236,Electronics,1214.09,2025-10-15,15:32:00,IL,Mobile Wallet,Approved,False,None
1097,240,Retail,1467.62,2025-10-20,04:49:00,TX,Mobile Wallet,Approved,False,None
1308,235,Retail,375.7,2026-01-01,05:30:00,CA,Debit Card,Approved,False,None
1310,214,Gas,1559.35,2025-08-04,08:17:00,CA,Mobile Wallet,Approved,False,None
1317,243,Gas,1086.19,2025-12-02,15:44:00,CA,Credit Card,Approved,False,None
1399,236,Gas,542.7,2026-03-09,08:07:00,FL,Mobile Wallet,Approved,False,None
1055,202,Travel,1770.91,2026-03-17,08:20:00,TX,Debit Card,Approved,False,None
1331,212,Travel,640.58,2025-07-03,17:53:00,IL,Debit Card,Approved,False,None
1178,219,Restaurant,1628.03,2025-06-24,10:17:00,FL,Debit Card,Approved,False,None
1045,226,Electronics,590.37,2026-04-05,15:45:00,CA,Mobile Wallet,Approved,False,None
1376,237,Restaurant,841.68,2026-03-17,14:48:00,FL,Debit Card,Approved,False,None
1410,231,Restaurant,1152.89,2025-10-19,10:29:00,NY,Mobile Wallet,Approved,False,None
1405,239,Restaurant,1082.38,2025-12-04,03:14:00,IL,Credit Card,Approved,False,None
1389,207,Gas,1158.41,2025-08-22,12:32:00,CA,Credit Card,Approved,False,None
1094,236,Travel,12.76,2025-11-21,22:59:00,NY,Mobile Wallet,Approved,False,None
1099,220,Restaurant,817.95,2025-07-23,23:53:00,FL,Debit Card,Approved,False,None
1130,203,Retail,1872.35,2025-12-24,21:23:00,NY,Mobile Wallet,Approved,False,None
1470,249,Gas,457.41,2025-08-16,00:49:00,TX,Credit Card,Approved,False,None
1183,226,Retail,1140.31,2025-07-11,09:19:00,CA,Credit Card,Approved,False,None
1180,250,Retail,1807.36,2026-04-12,04:40:00,IL,Credit Card,Approved,False,None
1484,227,Retail,1004.35,2026-06-09,10:03:00,FL,Debit Card,Approved,False,None
1177,238,Retail,1578.1,2025-07-14,01:49:00,TX,Debit Card,Approved,False,None
1282,211,Grocery,560.12,2025-08-04,13:52:00,FL,Mobile Wallet,Approved,False,None
1200,217,Travel,728.15,2026-04-18,11:18:00,IL,Credit Card,Approved,False,None
1291,211,Grocery,778.31,2025-10-24,22:27:00,TX,Debit Card,Approved,False,None
1074,206,Restaurant,1442.77,2026-01-06,12:36:00,IL,Debit Card,Approved,False,None
1407,247,Grocery,57.6,2026-06-07,07:35:00,TX,Debit Card,Approved,True,Stolen Card
1374,248,Electronics,1277.49,2025-12-01,17:27:00,NY,Debit Card,Approved,False,None
1376,236,Travel,1888.86,2025-07-01,15:59:00,TX,Credit Card,Approved,False,None
1117,220,Gas,1001.99,2026-04-29,12:45:00,IL,Mobile Wallet,Approved,False,None
1039,220,Travel,1338.3,2025-10-06,01:13:00,IL,Mobile Wallet,Approved,False,None
1436,248,Travel,1347.57,2025-08-12,17:05:00,NY,Mobile Wallet,Approved,False,None
1081,208,Gas,1325.12,2025-10-23,04:25:00,CA,Mobile Wallet,Approved,False,None
1289,237,Retail,693.45,2026-02-18,11:35:00,IL,Credit Card,Approved,False,None
1310,218,Electronics,1537.38,2026-03-21,22:22:00,NY,Mobile Wallet,Approved,False,None
1029,222,Restaurant,334.14,2025-09-29,10:19:00,CA,Credit Card,Approved,False,None
1421,230,Electronics,575.32,2026-02-05,06:03:00,FL,Debit Card,Approved,False,None
1296,236,Travel,1694.09,2026-02-17,07:11:00,TX,Mobile Wallet,Approved,False,None
1023,240,Restaurant,220.62,2025-11-19,07:54:00,TX,Mobile Wallet,Approved,False,None
1224,222,Retail,1308.73,2026-03-04,08:24:00,NY,Credit Card,Approved,False,None
1175,230,Electronics,1128.55,2025-06-29,04:07:00,NY,Debit Card,Approved,False,None
1333,203,Restaurant,380.06,2026-04-30,18:23:00,FL,Credit Card,Approved,False,None
1468,244,Gas,1605.2,2025-11-10,20:00:00,FL,Credit Card,Approved,False,None
1101,207,Restaurant,207.03,2026-04-15,13:58:00,NY,Credit Card,Approved,False,None
1343,240,Travel,28.36,2026-04-10,08:12:00,IL,Credit Card,Approved,False,None
1122,226,Restaurant,336.05,2025-10-21,01:14:00,FL,Debit Card,Approved,False,None
1110,233,Restaurant,748.62,2026-03-23,05:00:00,IL,Mobile Wallet,Approved,False,None
1416,212,Travel,1807.34,2025-12-19,08:51:00,CA,Credit Card,Approved,False,None
1099,216,Grocery,1570.22,2026-02-25,20:38:00,IL,Credit Card,Approved,False,None
1447,239,Grocery,1501.14,2025-12-04,14:18:00,IL,Credit Card,Approved,False,None
1128,247,Gas,1036.47,2025-11-18,02:15:00,CA,Mobile Wallet,Approved,False,None
1154,241,Grocery,15.25,2025-07-07,07:58:00,NY,Credit Card,Approved,False,None
1240,221,Retail,260.48,2025-11-29,21:36:00,CA,Debit Card,Approved,False,None
1308,226,Electronics,1517.43,2026-05-07,18:58:00,IL,Debit Card,Approved,False,None
1443,203,Grocery,1410.61,2026-01-27,23:16:00,NY,Debit Card,Approved,False,None
1084,201,Grocery,1350.8,2025-09-26,14:30:00,CA,Credit Card,Approved,False,None
1385,239,Gas,618.69,2026-04-26,11:47:00,FL,Credit Card,Approved,False,None
1336,250,Restaurant,229.12,2025-09-19,11:49:00,IL,Mobile Wallet,Approved,False,None
1317,209,Restaurant,1886.17,2025-07-21,03:59:00,CA,Credit Card,Approved,False,None
1286,228,Restaurant,341.62,2025-08-26,10:00:00,TX,Credit Card,Approved,False,None
1054,202,Gas,1496.16,2025-11-02,04:06:00,NY,Mobile Wallet,Approved,False,None
1457,206,Electronics,998.1,2026-01-19,21:30:00,TX,Debit Card,Approved,False,None
1394,245,Restaurant,1446.19,2026-04-05,23:47:00,CA,Credit Card,Approved,False,None
1207,229,Retail,1495.57,2025-10-26,10:28:00,FL,Credit Card,Approved,False,None
1059,249,Restaurant,1601.61,2026-02-02,06:52:00,TX,Credit Card,Approved,False,None
1094,206,Restaurant,164.55,2026-05-17,22:40:00,CA,Mobile Wallet,Approved,False,None
1164,244,Electronics,618.45,2025-09-24,07:21:00,IL,Credit Card,Approved,False,None
1119,213,Restaurant,1970.7,2026-04-04,07:15:00,TX,Mobile Wallet,Approved,False,None
1038,208,Restaurant,831.92,2026-03-28,00:37:00,IL,Credit Card,Approved,False,None
1465,215,Grocery,1174.06,2025-12-31,21:06:00,FL,Credit Card,Approved,False,None
1430,230,Restaurant,254.86,2025-11-22,16:10:00,IL,Debit Card,Approved,True,Stolen Card
1320,231,Restaurant,1819.03,2026-04-10,08:56:00,TX,Mobile Wallet,Approved,False,None
1192,229,Restaurant,638.38,2025-07-02,00:17:00,IL,Mobile Wallet,Approved,False,None
1406,233,Grocery,681.85,2026-05-27,18:35:00,NY,Mobile Wallet,Approved,False,None
1289,222,Restaurant,576.85,2026-03-17,03:39:00,NY,Mobile Wallet,Approved,False,None
1371,218,Retail,1895.49,2026-03-17,15:17:00,FL,Mobile Wallet,Approved,False,None
1420,237,Retail,463.03,2025-07-01,14:36:00,TX,Mobile Wallet,Approved,False,None
1213,231,Gas,1140.27,2025-12-08,00:25:00,NY,Credit Card,Approved,False,None
1408,221,Grocery,511.43,2025-07-13,01:18:00,IL,Debit Card,Approved,False,None
1145,249,Electronics,1327.53,2025-08-04,10:12:00,NY,Credit Card,Approved,False,None
1425,250,Gas,1281.77,2026-02-19,03:02:00,TX,Debit Card,Approved,False,None
1180,247,Restaurant,411.61,2025-11-04,21:22:00,FL,Debit Card,Approved,True,Friendly Fraud
1267,211,Restaurant,183.0,2025-10-28,03:25:00,CA,Credit Card,Approved,False,None
1057,206,Gas,550.82,2025-11-12,08:20:00,IL,Mobile Wallet,Approved,False,None
1267,249,Travel,1977.0,2026-04-24,09:41:00,CA,Debit Card,Approved,False,None
1154,220,Electronics,1456.97,2025-11-05,03:49:00,CA,Credit Card,Approved,False,None
1023,239,Grocery,622.99,2026-01-28,16:49:00,TX,Mobile Wallet,Approved,False,None
1413,214,Grocery,234.76,2025-07-21,04:35:00,TX,Debit Card,Approved,False,None
1299,233,Gas,1946.28,2025-08-19,09:05:00,FL,Mobile Wallet,Approved,False,None
1421,237,Gas,1228.0,2026-04-28,19:30:00,TX,Credit Card,Approved,False,None
1131,229,Grocery,1192.33,2025-12-17,17:21:00,TX,Debit Card,Approved,False,None
1019,211,Electronics,1244.71,2025-10-03,11:11:00,FL,Debit Card,Approved,False,None
1364,239,Electronics,179.63,2025-12-29,06:41:00,IL,Credit Card,Approved,False,None
1349,200,Retail,515.9,2025-10-21,03:55:00,TX,Debit Card,Approved,True,Account Takeover
1269,240,Retail,1791.11,2025-09-29,16:37:00,FL,Credit Card,Approved,False,None
1238,247,Gas,722.23,2026-06-04,10:52:00,IL,Mobile Wallet,Approved,False,None
1350,222,Restaurant,1942.63,2025-09-15,12:04:00,IL,Debit Card,Approved,False,None
1114,213,Travel,1981.97,2025-11-13,00:23:00,FL,Mobile Wallet,Approved,False,None
1198,205,Electronics,11.45,2026-02-14,09:30:00,IL,Debit Card,Approved,False,None
1065,243,Restaurant,277.46,2026-03-24,21:39:00,IL,Mobile Wallet,Approved,False,None
1376,207,Grocery,789.63,2026-02-12,11:29:00,CA,Credit Card,Approved,False,None
1044,233,Grocery,1999.93,2026-01-16,03:47:00,TX,Mobile Wallet,Approved,False,None
1359,219,Grocery,1475.29,2025-09-14,17:16:00,CA,Credit Card,Approved,False,None
1048,226,Electronics,1119.62,2026-03-03,21:30:00,IL,Mobile Wallet,Approved,False,None
1065,202,Restaurant,1503.31,2026-02-12,21:49:00,IL,Credit Card,Approved,False,None
1150,202,Grocery,1024.81,2025-10-09,18:32:00,TX,Credit Card,Approved,True,Stolen Card
1274,235,Grocery,648.22,2025-12-31,02:32:00,IL,Mobile Wallet,Approved,False,None
1404,234,Travel,281.1,2025-11-10,15:30:00,NY,Mobile Wallet,Approved,False,None
1366,229,Grocery,916.14,2025-08-24,14:46:00,CA,Mobile Wallet,Approved,False,None
1400,231,Restaurant,203.62,2025-07-25,12:48:00,NY,Debit Card,Approved,False,None
1316,232,Grocery,1253.48,2025-08-11,16:25:00,NY,Debit Card,Approved,False,None
1180,209,Retail,266.1,2026-02-15,08:59:00,FL,Debit Card,Approved,False,None
1462,220,Electronics,1060.11,2026-05-01,19:58:00,FL,Mobile Wallet,Approved,False,None
1113,211,Restaurant,1275.22,2026-04-02,10:57:00,NY,Debit Card,Approved,False,None
1422,214,Retail,938.81,2025-09-07,06:42:00,NY,Credit Card,Approved,False,None
1330,242,Restaurant,785.21,2026-02-18,16:02:00,FL,Mobile Wallet,Approved,False,None
1131,231,Electronics,478.25,2025-10-12,11:07:00,FL,Debit Card,Approved,False,None
1357,234,Gas,779.24,2025-08-07,15:07:00,IL,Credit Card,Approved,True,Friendly Fraud
1082,212,Gas,1495.74,2026-02-10,17:22:00,CA,Debit Card,Approved,False,None
1478,203,Retail,1148.07,2025-11-15,03:54:00,IL,Credit Card,Approved,False,None
1373,248,Retail,1828.0,2025-07-28,05:20:00,TX,Debit Card,Approved,False,None
1188,240,Grocery,1527.32,2026-04-03,21:02:00,CA,Mobile Wallet,Approved,False,None
1283,205,Electronics,1197.17,2025-12-17,18:34:00,TX,Mobile Wallet,Approved,False,None
1149,233,Restaurant,1685.95,2026-04-23,04:39:00,CA,Debit Card,Approved,False,None
1145,234,Retail,1766.36,2026-06-12,12:20:00,TX,Mobile Wallet,Approved,False,None
1305,238,Retail,1894.38,2025-10-19,17:13:00,TX,Credit Card,Approved,False,None
1153,210,Gas,1155.55,2026-03-28,10:30:00,TX,Mobile Wallet,Approved,False,None
1282,208,Grocery,165.55,2025-10-13,13:41:00,TX,Credit Card,Approved,False,None
1213,215,Electronics,590.2,2025-09-12,00:27:00,NY,Debit Card,Approved,False,None
1065,243,Gas,566.53,2026-06-07,18:36:00,CA,Credit Card,Approved,False,None
1165,211,Retail,577.66,2026-03-30,07:29:00,TX,Credit Card,Approved,False,None
1002,212,Travel,1846.17,2026-01-04,21:10:00,IL,Credit Card,Approved,False,None
1354,207,Grocery,1055.85,2025-12-03,08:19:00,CA,Mobile Wallet,Approved,False,None
1219,220,Retail,1245.68,2025-10-09,08:49:00,CA,Debit Card,Approved,False,None
1168,200,Travel,667.23,2025-08-08,14:28:00,FL,Debit Card,Approved,False,None
1484,244,Grocery,163.27,2026-04-28,11:03:00,TX,Mobile Wallet,Approved,False,None
1266,242,Electronics,905.91,2025-08-04,23:27:00,IL,Credit Card,Approved,False,None
1430,202,Travel,490.12,2025-09-21,20:44:00,CA,Mobile Wallet,Approved,True,Friendly Fraud
1146,208,Restaurant,1089.53,2026-02-20,18:40:00,IL,Mobile Wallet,Approved,False,None
1427,222,Retail,290.76,2025-09-12,04:51:00,NY,Debit Card,Approved,False,None
1204,221,Travel,453.22,2025-10-01,06:39:00,CA,Debit Card,Approved,False,None
1373,250,Gas,801.51,2026-04-26,00:56:00,CA,Mobile Wallet,Approved,False,None
1332,234,Retail,9.49,2026-01-30,21:32:00,TX,Credit Card,Approved,False,None
1488,213,Travel,255.89,2025-06-26,23:40:00,FL,Credit Card,Approved,False,None
1195,208,Grocery,20.86,2026-03-01,09:46:00,CA,Credit Card,Approved,False,None
1159,207,Restaurant,593.95,2026-01-13,10:51:00,CA,Mobile Wallet,Approved,False,None
1028,230,Grocery,407.18,2025-09-19,02:15:00,TX,Credit Card,Approved,False,None
1356,205,Retail,1839.67,2026-05-10,08:04:00,TX,Credit Card,Approved,False,None
1470,245,Restaurant,385.9,2025-11-07,20:43:00,IL,Debit Card,Approved,False,None
1332,210,Electronics,1678.06,2025-08-02,10:32:00,FL,Debit Card,Approved,False,None
1031,206,Retail,34.27,2025-09-19,06:04:00,TX,Debit Card,Approved,False,None
1044,209,Electronics,755.69,2026-06-20,18:25:00,IL,Mobile Wallet,Approved,False,None
1455,218,Retail,423.21,2025-07-29,17:12:00,FL,Credit Card,Approved,False,None
1354,248,Grocery,1143.39,2026-04-03,21:45:00,FL,Debit Card,Approved,False,None
1177,228,Grocery,228.21,2025-08-04,21:44:00,CA,Debit Card,Approved,False,None
1244,235,Grocery,777.66,2025-08-11,22:14:00,IL,Mobile Wallet,Approved,False,None
1041,249,Travel,554.35,2026-03-18,22:12:00,FL,Debit Card,Approved,False,None
1315,200,Travel,1020.45,2026-06-05,05:32:00,FL,Debit Card,Approved,False,None
1121,209,Grocery,75.42,2026-01-30,13:07:00,TX,Credit Card,Approved,False,None
1154,242,Restaurant,1177.31,2025-12-05,20:08:00,FL,Credit Card,Approved,False,None
1327,232,Grocery,552.35,2025-08-16,01:57:00,FL,Mobile Wallet,Approved,False,None
1475,216,Retail,1635.27,2025-09-13,23:30:00,NY,Debit Card,Approved,False,None
1059,214,Travel,115.64,2026-03-14,05:55:00,FL,Mobile Wallet,Approved,False,None
1082,227,Grocery,492.3,2025-12-28,23:02:00,CA,Credit Card,Approved,False,None
1415,220,Travel,243.05,2026-02-21,00:39:00,IL,Debit Card,Approved,False,None
1183,206,Electronics,722.6,2025-12-10,22:57:00,IL,Debit Card,Approved,False,None
1493,231,Grocery,80.56,2026-04-23,17:54:00,NY,Credit Card,Approved,False,None
1433,223,Grocery,267.81,2026-01-08,05:48:00,IL,Credit Card,Approved,False,None
1037,231,Grocery,823.56,2025-10-17,16:03:00,IL,Credit Card,Approved,False,None
1063,247,Electronics,674.65,2026-03-05,09:23:00,IL,Debit Card,Approved,False,None
1018,201,Gas,1220.25,2026-02-06,08:28:00,CA,Debit Card,Approved,False,None
1402,212,Gas,1115.62,2026-06-04,21:53:00,TX,Credit Card,Approved,False,None
1292,238,Travel,1496.88,2025-07-31,19:27:00,CA,Mobile Wallet,Approved,False,None
1056,244,Retail,95.05,2025-12-20,16:30:00,FL,Debit Card,Approved,False,None
1182,216,Retail,1752.49,2025-07-15,11:19:00,CA,Credit Card,Approved,False,None
1076,235,Restaurant,1133.72,2026-01-12,00:53:00,TX,Credit Card,Approved,False,None
1073,244,Electronics,1130.92,2025-08-16,10:40:00,TX,Mobile Wallet,Approved,False,None
1258,220,Restaurant,1066.27,2025-10-27,16:37:00,IL,Debit Card,Approved,False,None
1234,209,Grocery,1633.88,2026-06-13,02:52:00,IL,Debit Card,Approved,False,None
1195,206,Electronics,914.71,2025-07-25,12:58:00,TX,Mobile Wallet,Approved,False,None
1109,245,Gas,1637.63,2026-01-12,21:33:00,TX,Mobile Wallet,Approved,False,None
1075,244,Retail,942.18,2026-01-28,04:17:00,FL,Mobile Wallet,Approved,False,None
1315,208,Restaurant,404.83,2025-09-12,00:03:00,FL,Credit Card,Approved,False,None
1422,201,Restaurant,330.76,2026-02-05,21:10:00,TX,Credit Card,Approved,False,None
1161,250,Gas,502.28,2025-10-14,19:31:00,NY,Credit Card,Approved,False,None
1392,211,Retail,1207.42,2026-05-13,13:30:00,NY,Credit Card,Approved,False,None
1483,230,Restaurant,1594.41,2025-06-27,11:53:00,TX,Credit Card,Approved,False,None
1332,236,Travel,1245.45,2025-10-14,20:11:00,TX,Debit Card,Approved,False,None
1224,246,Gas,965.15,2025-07-25,03:00:00,IL,Mobile Wallet,Approved,False,None
1362,204,Gas,1378.58,2025-09-08,04:24:00,CA,Credit Card,Approved,True,Account Takeover
1292,243,Electronics,1296.12,2025-07-15,06:12:00,IL,Credit Card,Approved,False,None
1401,220,Grocery,627.86,2025-12-03,10:09:00,TX,Credit Card,Approved,False,None
1230,234,Restaurant,338.65,2026-03-01,09:39:00,IL,Credit Card,Approved,False,None
1421,216,Gas,1499.33,2026-05-24,13:55:00,NY,Debit Card,Approved,False,None
1419,228,Grocery,1127.64,2026-01-06,08:19:00,NY,Debit Card,Approved,False,None
1280,245,Grocery,361.9,2026-02-22,16:51:00,CA,Credit Card,Approved,True,Account Takeover
1241,218,Restaurant,1989.83,2025-10-29,08:03:00,NY,Credit Card,Approved,False,None
1422,201,Restaurant,1567.68,2026-03-21,20:43:00,FL,Debit Card,Approved,False,None
1360,221,Electronics,1580.07,2026-04-16,04:30:00,IL,Debit Card,Approved,False,None
1216,235,Restaurant,1068.56,2026-01-11,03:13:00,FL,Mobile Wallet,Approved,False,None
1358,210,Retail,1169.6,2025-08-23,17:53:00,CA,Mobile Wallet,Approved,False,None
1308,218,Restaurant,1686.57,2025-11-10,00:38:00,NY,Mobile Wallet,Approved,False,None
1017,231,Travel,1069.33,2025-12-14,03:45:00,TX,Credit Card,Approved,False,None
1169,244,Electronics,1709.3,2025-07-03,15:09:00,CA,Credit Card,Approved,False,None
1222,250,Gas,1000.57,2025-07-28,17:17:00,CA,Mobile Wallet,Approved,False,None
1336,202,Retail,781.89,2026-06-07,18:56:00,CA,Debit Card,Approved,False,None
1318,242,Gas,279.4,2026-06-06,03:00:00,CA,Credit Card,Approved,False,None
1405,242,Grocery,422.28,2025-08-29,12:33:00,TX,Debit Card,Approved,False,None
1118,244,Electronics,1314.76,2025-11-16,02:50:00,TX,Mobile Wallet,Approved,False,None
1412,205,Retail,690.97,2025-09-16,10:33:00,NY,Credit Card,Approved,False,None
1143,215,Electronics,1134.17,2026-04-08,09:01:00,FL,Debit Card,Approved,True,Account Takeover
1056,208,Travel,1865.23,2025-08-07,03:17:00,IL,Debit Card,Approved,False,None
1298,227,Retail,184.79,2026-03-03,19:03:00,CA,Debit Card,Approved,False,None
1429,246,Gas,1496.91,2026-03-05,03:27:00,CA,Credit Card,Approved,False,None
1177,219,Grocery,1051.66,2026-03-11,05:49:00,CA,Credit Card,Approved,False,None
1236,235,Retail,1030.35,2025-07-23,04:28:00,TX,Mobile Wallet,Approved,False,None
1332,250,Gas,1566.41,2025-08-21,17:16:00,IL,Debit Card,Approved,False,None
1260,212,Travel,723.4,2025-08-09,09:24:00,FL,Credit Card,Approved,False,None
1001,218,Grocery,265.71,2026-05-30,08:30:00,TX,Mobile Wallet,Approved,False,None
1060,242,Grocery,49.04,2025-10-14,13:24:00,CA,Debit Card,Approved,False,None
1292,209,Gas,1761.81,2025-09-15,20:35:00,NY,Credit Card,Approved,False,None
1024,224,Gas,219.35,2025-08-04,08:05:00,NY,Mobile Wallet,Approved,False,None
1459,214,Gas,1693.48,2026-04-08,03:53:00,FL,Credit Card,Approved,False,None
1130,244,Grocery,1294.0,2026-03-15,11:43:00,FL,Debit Card,Approved,False,None
1037,211,Travel,1351.19,2025-08-08,15:25:00,CA,Debit Card,Approved,False,None
1326,205,Restaurant,1872.94,2025-09-24,09:13:00,CA,Credit Card,Approved,False,None
1047,237,Electronics,767.0,2026-02-13,01:27:00,NY,Debit Card,Approved,False,None
1276,228,Grocery,1213.96,2026-01-12,14:06:00,FL,Debit Card,Approved,False,None
1180,228,Gas,1650.31,2025-11-29,12:11:00,CA,Mobile Wallet,Approved,False,None
1109,223,Travel,1878.59,2026-04-20,14:16:00,TX,Credit Card,Approved,False,None
1238,230,Electronics,1510.22,2026-01-22,19:11:00,IL,Mobile Wallet,Approved,False,None
1398,248,Travel,1760.95,2025-09-19,04:17:00,FL,Credit Card,Approved,False,None
1435,225,Retail,1919.59,2026-05-14,19:53:00,NY,Credit Card,Approved,False,None
1418,236,Travel,284.68,2025-09-21,00:18:00,NY,Mobile Wallet,Approved,False,None
1303,201,Retail,1820.06,2026-01-14,21:02:00,FL,Debit Card,Approved,False,None
1106,229,Electronics,1332.77,2026-01-24,08:27:00,FL,Debit Card,Approved,False,None
1356,236,Travel,1311.24,2026-04-03,19:41:00,CA,Debit Card,Approved,False,None
1014,201,Electronics,807.54,2025-11-09,09:55:00,CA,Mobile Wallet,Approved,False,None
1178,244,Grocery,1031.5,2025-07-09,19:32:00,TX,Debit Card,Approved,False,None
1236,214,Gas,674.31,2026-04-21,22:43:00,NY,Mobile Wallet,Approved,False,None
1126,207,Travel,5.39,2025-09-24,16:14:00,NY,Mobile Wallet,Approved,False,None
1023,207,Travel,585.18,2026-01-10,08:58:00,TX,Mobile Wallet,Approved,False,None
1100,224,Grocery,1075.69,2026-05-25,19:34:00,NY,Mobile Wallet,Approved,False,None
1099,211,Grocery,1309.67,2025-12-04,18:22:00,IL,Mobile Wallet,Approved,False,None
1444,212,Gas,864.9,2026-01-08,07:45:00,IL,Debit Card,Approved,False,None
1218,242,Restaurant,1764.91,2026-05-11,17:07:00,FL,Credit Card,Approved,False,None
1312,203,Gas,327.83,2025-11-15,13:38:00,NY,Credit Card,Approved,False,None
1042,207,Grocery,457.26,2025-10-23,04:47:00,NY,Credit Card,Approved,False,None
1235,230,Grocery,469.6,2025-07-21,21:17:00,FL,Debit Card,Approved,False,None
1086,201,Grocery,1675.67,2026-02-18,02:42:00,FL,Credit Card,Approved,False,None
1441,206,Retail,1060.83,2025-07-07,10:59:00,TX,Credit Card,Approved,False,None
1122,213,Gas,534.24,2026-03-29,16:56:00,CA,Credit Card,Approved,False,None
1027,209,Grocery,1795.23,2026-03-09,08:05:00,NY,Mobile Wallet,Approved,False,None
1252,209,Retail,953.26,2025-07-09,09:40:00,FL,Mobile Wallet,Approved,False,None
1292,204,Retail,1278.04,2025-07-28,01:25:00,CA,Mobile Wallet,Approved,False,None
1379,214,Retail,1852.43,2026-03-02,04:48:00,TX,Credit Card,Approved,False,None
1356,204,Travel,1925.19,2025-08-17,22:03:00,TX,Credit Card,Approved,False,None
1088,244,Retail,1671.21,2026-06-04,19:23:00,TX,Debit Card,Approved,False,None
1377,215,Gas,36.64,2025-11-14,18:02:00,CA,Mobile Wallet,Approved,False,None
1012,235,Retail,1282.5,2025-11-15,13:08:00,TX,Mobile Wallet,Approved,False,None
1015,238,Grocery,14.75,2026-05-07,22:50:00,CA,Mobile Wallet,Approved,False,None
1145,208,Restaurant,1352.05,2025-10-22,03:58:00,TX,Debit Card,Approved,False,None
1416,232,Restaurant,980.63,2025-08-25,16:11:00,CA,Debit Card,Approved,False,None
1412,234,Retail,946.47,2025-08-23,18:13:00,IL,Mobile Wallet,Approved,False,None
1367,250,Gas,185.05,2026-06-06,16:46:00,FL,Mobile Wallet,Approved,False,None
1192,215,Retail,918.99,2026-03-18,04:08:00,IL,Credit Card,Approved,False,None
1114,230,Grocery,820.38,2026-01-26,22:38:00,TX,Mobile Wallet,Approved,False,None
1473,204,Gas,1374.79,2025-09-29,02:52:00,TX,Credit Card,Approved,False,None
1270,249,Travel,927.09,2026-05-23,07:20:00,TX,Credit Card,Approved,False,None
1441,220,Gas,1807.07,2025-11-28,07:01:00,CA,Debit Card,Approved,False,None
1130,214,Gas,1389.29,2025-09-29,10:41:00,CA,Credit Card,Approved,False,None
1297,226,Restaurant,1605.06,2025-07-08,01:00:00,FL,Mobile Wallet,Approved,False,None
1179,206,Travel,462.85,2025-11-18,02:58:00,TX,Debit Card,Approved,False,None
1366,238,Travel,756.62,2026-06-23,02:30:00,TX,Mobile Wallet,Approved,False,None
1114,214,Retail,659.36,2025-09-20,13:29:00,FL,Credit Card,Approved,False,None
1404,230,Grocery,1607.78,2025-09-26,20:31:00,CA,Mobile Wallet,Approved,False,None
1291,250,Retail,1221.26,2025-12-20,14:06:00,IL,Credit Card,Approved,False,None
1109,231,Grocery,283.35,2026-06-17,22:04:00,TX,Debit Card,Approved,False,None
1131,227,Electronics,30.27,2025-12-20,16:56:00,CA,Mobile Wallet,Approved,False,None
1197,246,Grocery,1623.56,2026-05-14,21:52:00,NY,Mobile Wallet,Approved,False,None
1193,205,Gas,96.37,2025-11-04,04:42:00,NY,Credit Card,Approved,False,None
1415,221,Gas,632.28,2025-11-22,06:39:00,NY,Mobile Wallet,Approved,False,None
1014,213,Gas,84.35,2026-05-22,18:33:00,TX,Credit Card,Approved,False,None
1228,208,Travel,1732.6,2025-11-09,16:59:00,NY,Debit Card,Approved,False,None
1290,201,Gas,1304.22,2026-01-16,17:02:00,FL,Mobile Wallet,Approved,False,None
1432,230,Electronics,1476.63,2025-08-17,15:00:00,NY,Debit Card,Approved,True,Account Takeover
1003,231,Gas,1160.79,2026-04-15,23:48:00,TX,Debit Card,Approved,False,None
1256,231,Retail,1585.62,2025-09-11,01:57:00,FL,Debit Card,Approved,True,Friendly Fraud
1006,245,Grocery,459.45,2025-08-28,13:04:00,TX,Mobile Wallet,Approved,False,None
1351,205,Electronics,1304.34,2025-09-25,06:14:00,TX,Debit Card,Approved,False,None
1002,222,Electronics,1978.57,2025-11-24,14:08:00,FL,Credit Card,Approved,False,None
1396,247,Gas,1856.83,2025-12-06,07:57:00,TX,Credit Card,Approved,False,None
1121,244,Travel,901.2,2025-09-16,12:39:00,TX,Mobile Wallet,Approved,False,None
1376,200,Restaurant,157.47,2025-10-23,08:45:00,IL,Mobile Wallet,Approved,False,None
1211,206,Gas,669.42,2025-08-15,13:20:00,CA,Debit Card,Approved,False,None
1277,219,Grocery,933.59,2026-01-22,17:51:00,FL,Credit Card,Approved,False,None
1263,216,Retail,1424.73,2026-04-24,06:21:00,NY,Credit Card,Approved,True,Friendly Fraud
1430,221,Electronics,1329.57,2026-05-10,14:39:00,FL,Debit Card,Approved,False,None
1028,212,Retail,913.79,2025-12-23,02:51:00,CA,Credit Card,Approved,False,None
1090,216,Restaurant,449.4,2025-08-14,15:38:00,NY,Credit Card,Approved,False,None
1450,228,Travel,930.48,2025-09-12,01:41:00,IL,Debit Card,Approved,False,None
1135,212,Restaurant,625.81,2025-07-02,09:09:00,TX,Debit Card,Approved,False,None
1328,216,Gas,1543.91,2026-01-01,08:13:00,CA,Debit Card,Approved,False,None
1009,239,Travel,799.34,2026-01-04,15:02:00,FL,Mobile Wallet,Approved,False,None
1365,238,Electronics,1837.78,2025-09-09,08:02:00,NY,Mobile Wallet,Approved,False,None
1233,249,Gas,145.3,2025-11-14,22:41:00,FL,Debit Card,Approved,False,None
1459,203,Travel,820.66,2026-05-03,16:54:00,TX,Debit Card,Approved,False,None
1465,238,Grocery,1284.16,2025-09-13,02:22:00,NY,Debit Card,Approved,False,None
1311,235,Restaurant,719.23,2026-03-14,21:34:00,TX,Credit Card,Approved,False,None
1130,235,Grocery,318.49,2026-04-11,11:09:00,FL,Credit Card,Approved,False,None
1389,235,Grocery,97.28,2026-01-14,12:26:00,TX,Mobile Wallet,Approved,False,None
1108,240,Retail,544.16,2026-05-01,21:32:00,NY,Credit Card,Approved,False,None
1028,235,Travel,677.99,2025-10-21,13:41:00,CA,Debit Card,Approved,False,None
1160,241,Retail,1670.01,2026-03-06,20:46:00,NY,Debit Card,Approved,False,None
1347,227,Travel,617.69,2025-08-18,05:12:00,NY,Debit Card,Approved,False,None
1119,228,Gas,800.14,2025-08-24,05:30:00,NY,Credit Card,Approved,False,None
1500,243,Restaurant,1434.32,2026-03-30,18:50:00,CA,Mobile Wallet,Approved,False,None
1375,239,Gas,1859.01,2025-08-24,07:46:00,NY,Credit Card,Approved,False,None
1269,237,Retail,1867.07,2026-05-02,04:18:00,FL,Mobile Wallet,Approved,False,None
1426,225,Gas,548.89,2025-07-16,19:55:00,NY,Debit Card,Approved,False,None
1191,233,Electronics,582.95,2026-01-15,19:39:00,NY,Credit Card,Approved,False,None
1216,222,Restaurant,306.26,2026-01-28,05:06:00,NY,Credit Card,Approved,False,None
1192,226,Electronics,1094.54,2026-02-17,08:09:00,NY,Mobile Wallet,Approved,False,None
1374,219,Restaurant,1757.03,2025-10-03,19:16:00,NY,Credit Card,Approved,False,None
1104,206,Restaurant,967.0,2026-02-25,17:40:00,IL,Mobile Wallet,Approved,False,None
1140,204,Restaurant,836.16,2026-02-13,14:50:00,TX,Mobile Wallet,Approved,False,None
1464,233,Travel,1972.77,2025-11-12,03:09:00,NY,Debit Card,Approved,False,None
1231,218,Electronics,291.2,2026-01-29,19:21:00,IL,Debit Card,Approved,False,None
1095,200,Retail,190.97,2025-07-27,21:39:00,IL,Debit Card,Approved,False,None
1475,223,Travel,1248.82,2026-05-22,22:26:00,CA,Debit Card,Approved,False,None
1099,250,Electronics,802.47,2025-09-09,18:19:00,FL,Debit Card,Approved,False,None
1500,246,Gas,977.31,2025-11-06,16:39:00,CA,Mobile Wallet,Approved,False,None
1167,202,Electronics,1557.16,2025-12-07,11:03:00,IL,Mobile Wallet,Approved,False,None
1192,243,Restaurant,154.98,2026-06-12,07:41:00,TX,Credit Card,Approved,False,None
1058,209,Grocery,1110.65,2025-08-08,15:21:00,CA,Credit Card,Approved,False,None
1161,208,Travel,832.7,2026-06-09,10:44:00,IL,Mobile Wallet,Approved,False,None
1136,247,Restaurant,727.94,2025-12-16,13:37:00,IL,Debit Card,Approved,False,None
1147,219,Travel,838.36,2025-07-24,01:20:00,NY,Credit Card,Approved,False,None
1292,213,Electronics,350.38,2026-02-13,02:47:00,TX,Mobile Wallet,Approved,False,None
1047,227,Gas,1264.23,2025-12-02,13:48:00,CA,Debit Card,Approved,False,None
1257,228,Grocery,737.63,2025-11-06,05:30:00,TX,Debit Card,Approved,False,None
1465,244,Electronics,869.86,2026-03-10,11:40:00,TX,Mobile Wallet,Approved,False,None
1216,225,Retail,556.1,2026-02-02,14:27:00,IL,Debit Card,Approved,False,None
1033,200,Retail,1963.61,2025-07-25,14:34:00,TX,Credit Card,Approved,False,None
1451,229,Gas,1613.48,2026-01-14,15:06:00,TX,Debit Card,Approved,False,None
1296,235,Gas,1430.21,2025-08-31,02:31:00,NY,Mobile Wallet,Approved,True,Account Takeover
1380,245,Gas,177.8,2026-06-23,16:05:00,NY,Debit Card,Approved,False,None
1121,200,Electronics,1241.93,2026-02-10,22:47:00,TX,Debit Card,Approved,False,None
1128,222,Electronics,512.97,2026-02-07,09:44:00,NY,Debit Card,Approved,False,None
1237,242,Electronics,362.73,2025-11-17,20:24:00,CA,Credit Card,Approved,False,None
1335,220,Electronics,920.14,2025-12-17,01:28:00,IL,Credit Card,Approved,False,None
1045,217,Travel,960.73,2026-02-15,06:22:00,TX,Credit Card,Approved,False,None
1324,222,Grocery,1685.34,2025-07-29,05:13:00,IL,Mobile Wallet,Approved,False,None
1311,221,Retail,673.33,2026-06-03,13:22:00,FL,Debit Card,Approved,False,None
1346,217,Restaurant,847.06,2026-02-20,13:15:00,TX,Mobile Wallet,Approved,False,None
1211,240,Gas,418.04,2026-06-07,10:25:00,FL,Credit Card,Approved,False,None
1046,224,Gas,1716.01,2026-06-22,07:55:00,IL,Mobile Wallet,Approved,False,None
1005,209,Gas,808.9,2026-01-11,00:49:00,FL,Debit Card,Approved,False,None
1497,248,Travel,1569.43,2025-08-18,18:46:00,NY,Debit Card,Approved,False,None
1473,225,Electronics,443.87,2026-03-12,03:51:00,FL,Credit Card,Approved,False,None
1351,234,Grocery,752.75,2026-05-28,06:24:00,IL,Credit Card,Approved,False,None
1372,205,Restaurant,1501.11,2025-10-24,11:52:00,TX,Debit Card,Approved,False,None
1036,209,Gas,1647.49,2025-09-17,21:50:00,TX,Debit Card,Approved,False,None
1169,244,Electronics,1762.11,2026-02-25,12:59:00,CA,Debit Card,Approved,False,None
1025,242,Grocery,740.45,2025-11-28,05:05:00,FL,Debit Card,Approved,False,None
1316,245,Electronics,514.18,2025-12-31,21:43:00,IL,Credit Card,Approved,False,None
1348,235,Electronics,1476.5,2025-12-29,13:51:00,FL,Mobile Wallet,Approved,False,None
1268,236,Electronics,94.52,2026-01-27,18:03:00,TX,Credit Card,Approved,False,None
1351,239,Travel,634.21,2026-05-05,11:30:00,IL,Mobile Wallet,Approved,False,None
1078,220,Grocery,1579.96,2026-01-12,15:33:00,CA,Credit Card,Approved,False,None
1142,203,Grocery,482.37,2025-10-03,22:35:00,CA,Debit Card,Approved,False,None
1219,210,Travel,1428.18,2025-09-25,12:27:00,FL,Credit Card,Approved,False,None
1049,216,Electronics,913.11,2026-04-17,22:01:00,TX,Credit Card,Approved,False,None
1134,229,Travel,567.88,2026-05-13,08:31:00,NY,Debit Card,Approved,False,None
1295,231,Restaurant,1014.26,2026-01-20,16:36:00,NY,Mobile Wallet,Approved,False,None
1223,212,Grocery,298.1,2025-07-02,04:27:00,IL,Credit Card,Approved,False,None
1181,219,Gas,1836.17,2025-10-08,13:18:00,CA,Credit Card,Approved,False,None
1391,230,Gas,1139.13,2025-12-16,03:49:00,FL,Debit Card,Approved,False,None
1203,208,Grocery,336.17,2025-08-04,16:40:00,FL,Credit Card,Approved,False,None
1236,223,Gas,1650.63,2025-10-21,21:12:00,IL,Mobile Wallet,Approved,False,None
1256,203,Gas,924.91,2026-02-10,03:04:00,IL,Mobile Wallet,Approved,False,None
1246,223,Electronics,1268.05,2025-07-23,04:43:00,NY,Mobile Wallet,Approved,False,None
1485,225,Gas,819.72,2026-05-21,06:14:00,CA,Debit Card,Approved,False,None
1049,221,Travel,119.22,2025-06-25,21:59:00,IL,Mobile Wallet,Approved,False,None
1477,215,Retail,1450.43,2026-03-03,22:31:00,FL,Credit Card,Approved,False,None
1298,247,Grocery,136.25,2025-12-13,06:13:00,CA,Mobile Wallet,Approved,False,None
1150,209,Gas,1031.91,2026-03-05,12:03:00,IL,Debit Card,Approved,False,None
1351,229,Retail,570.21,2026-06-01,14:35:00,TX,Credit Card,Approved,False,None
1431,217,Grocery,1563.45,2026-03-17,07:42:00,CA,Mobile Wallet,Approved,False,None
1155,224,Gas,813.89,2025-12-11,13:12:00,FL,Credit Card,Approved,False,None
1147,244,Gas,1016.77,2025-11-12,00:41:00,IL,Mobile Wallet,Approved,False,None
1340,201,Grocery,1456.48,2025-10-19,05:52:00,IL,Debit Card,Approved,False,None
1176,217,Retail,45.16,2025-09-22,21:40:00,IL,Credit Card,Approved,False,None
1447,203,Grocery,283.42,2025-08-05,09:13:00,FL,Credit Card,Approved,False,None
1058,219,Gas,147.95,2025-11-24,18:19:00,TX,Debit Card,Approved,False,None
1100,214,Electronics,1012.97,2026-05-12,13:20:00,FL,Debit Card,Approved,False,None
1075,243,Electronics,934.03,2026-06-17,14:47:00,NY,Debit Card,Approved,False,None
1072,206,Travel,908.68,2025-07-11,12:36:00,CA,Credit Card,Approved,False,None
1347,241,Gas,795.22,2026-06-19,23:14:00,TX,Credit Card,Approved,False,None
1209,240,Retail,1102.13,2025-08-26,11:05:00,NY,Mobile Wallet,Approved,False,None
1410,218,Gas,628.38,2025-11-14,01:12:00,CA,Mobile Wallet,Approved,False,None
1191,244,Electronics,291.22,2025-12-13,06:37:00,IL,Mobile Wallet,Approved,False,None
1448,227,Electronics,713.74,2025-09-21,02:21:00,FL,Credit Card,Approved,False,None
1145,227,Grocery,1728.43,2026-01-06,12:02:00,FL,Debit Card,Approved,False,None
1490,214,Restaurant,1277.41,2025-07-27,10:47:00,CA,Mobile Wallet,Approved,False,None
1311,216,Grocery,743.34,2026-01-27,23:47:00,TX,Credit Card,Approved,False,None
1091,250,Travel,1125.88,2025-07-16,12:53:00,FL,Debit Card,Approved,False,None
1152,210,Retail,1361.82,2025-07-07,19:17:00,TX,Mobile Wallet,Approved,False,None
1076,215,Retail,1465.01,2026-04-04,08:08:00,TX,Credit Card,Approved,False,None
1368,214,Electronics,1360.78,2025-09-08,18:33:00,FL,Credit Card,Approved,False,None
1125,250,Travel,1423.73,2026-02-28,07:07:00,FL,Credit Card,Approved,False,None
1193,235,Travel,1668.08,2025-08-29,21:20:00,TX,Mobile Wallet,Approved,False,None
1390,225,Retail,1936.54,2026-02-07,01:47:00,IL,Credit Card,Approved,False,None
1115,247,Retail,798.32,2025-12-09,22:06:00,NY,Mobile Wallet,Approved,False,None
1050,218,Electronics,776.48,2026-05-10,23:10:00,FL,Debit Card,Approved,False,None
1094,249,Electronics,509.18,2026-03-28,08:03:00,FL,Debit Card,Approved,False,None
1452,234,Gas,865.34,2025-07-03,05:55:00,TX,Credit Card,Approved,False,None
1071,212,Restaurant,1190.11,2026-03-20,18:15:00,IL,Debit Card,Approved,False,None
1357,203,Grocery,90.53,2026-02-03,15:33:00,FL,Credit Card,Approved,False,None
1175,238,Electronics,1342.73,2025-07-11,15:37:00,IL,Credit Card,Approved,False,None
1393,235,Retail,1221.08,2026-04-15,04:57:00,IL,Debit Card,Approved,False,None
1193,230,Retail,1633.02,2026-04-17,19:29:00,FL,Mobile Wallet,Approved,False,None
1386,203,Retail,1486.08,2026-03-07,18:10:00,CA,Credit Card,Approved,False,None
1031,202,Restaurant,1859.73,2025-08-21,03:04:00,CA,Credit Card,Approved,False,None
1137,237,Restaurant,1308.9,2025-09-28,20:16:00,IL,Credit Card,Approved,False,None
1491,216,Retail,363.32,2025-11-22,01:04:00,CA,Mobile Wallet,Approved,False,None
1432,230,Gas,1571.33,2026-05-19,19:34:00,NY,Debit Card,Approved,True,Stolen Card
1252,226,Travel,1022.33,2025-11-17,01:27:00,FL,Mobile Wallet,Approved,False,None
1239,231,Restaurant,1034.45,2025-12-01,22:47:00,FL,Debit Card,Approved,False,None
1134,209,Electronics,1756.76,2026-03-29,05:30:00,NY,Credit Card,Approved,False,None
1047,206,Grocery,353.15,2025-12-31,20:24:00,FL,Credit Card,Approved,False,None
1086,241,Gas,1364.54,2025-09-21,11:48:00,CA,Credit Card,Approved,False,None
1131,223,Grocery,688.19,2026-05-30,15:19:00,IL,Credit Card,Approved,False,None
1198,235,Restaurant,456.86,2026-04-21,07:57:00,TX,Mobile Wallet,Approved,False,None
1268,226,Travel,516.87,2025-10-25,19:53:00,TX,Debit Card,Approved,False,None
1030,211,Travel,1112.28,2026-04-11,02:22:00,TX,Credit Card,Approved,False,None
1490,212,Restaurant,1015.69,2025-08-31,16:13:00,TX,Credit Card,Approved,True,Friendly Fraud
1143,244,Retail,1516.9,2026-05-11,21:35:00,CA,Debit Card,Approved,False,None
1001,241,Restaurant,502.0,2026-01-19,10:53:00,IL,Debit Card,Approved,False,None
1454,202,Gas,939.07,2026-04-20,10:14:00,IL,Mobile Wallet,Approved,False,None
1310,246,Electronics,1248.29,2026-01-17,08:15:00,TX,Mobile Wallet,Approved,False,None
1271,220,Grocery,1684.75,2025-08-30,19:31:00,TX,Mobile Wallet,Approved,False,None
1451,230,Grocery,1127.86,2026-04-10,12:08:00,CA,Debit Card,Approved,False,None
1061,213,Restaurant,755.71,2025-11-28,08:48:00,NY,Credit Card,Approved,False,None
1338,244,Grocery,1260.45,2026-06-23,19:38:00,FL,Mobile Wallet,Approved,False,None
1190,242,Gas,1157.58,2025-08-25,01:24:00,NY,Credit Card,Approved,False,None
1430,242,Restaurant,83.03,2026-04-06,01:53:00,CA,Credit Card,Approved,False,None
1033,232,Travel,497.73,2026-04-20,16:46:00,FL,Debit Card,Approved,False,None
1490,224,Gas,466.78,2025-12-04,01:38:00,IL,Mobile Wallet,Approved,False,None
1272,213,Retail,696.34,2026-06-02,02:00:00,FL,Mobile Wallet,Approved,False,None
1406,220,Electronics,669.89,2026-01-11,06:50:00,TX,Mobile Wallet,Approved,False,None
1076,229,Restaurant,1924.3,2025-10-28,14:20:00,CA,Mobile Wallet,Approved,False,None
1108,212,Travel,1898.99,2025-09-20,03:37:00,NY,Credit Card,Approved,False,None
1378,218,Gas,1485.97,2025-10-20,15:48:00,FL,Mobile Wallet,Approved,False,None
1289,239,Gas,1314.94,2026-01-26,05:21:00,TX,Debit Card,Approved,False,None
1269,233,Grocery,434.83,2025-08-03,07:41:00,FL,Debit Card,Approved,False,None
1347,211,Grocery,57.16,2026-06-23,05:50:00,CA,Mobile Wallet,Approved,False,None
1290,216,Retail,951.2,2026-02-02,22:02:00,NY,Credit Card,Approved,False,None
1382,241,Electronics,956.66,2026-02-08,03:43:00,CA,Credit Card,Approved,False,None
1439,213,Gas,378.75,2026-01-14,16:07:00,NY,Debit Card,Approved,True,Stolen Card
1461,212,Electronics,125.41,2025-09-29,04:55:00,IL,Credit Card,Approved,False,None
1382,211,Gas,171.71,2026-05-01,11:28:00,TX,Credit Card,Approved,False,None
1426,210,Gas,996.41,2025-09-25,21:48:00,TX,Debit Card,Approved,False,None
1096,207,Gas,571.24,2026-03-19,19:21:00,FL,Debit Card,Approved,False,None
1233,213,Gas,555.02,2026-01-13,20:27:00,IL,Credit Card,Approved,False,None
1447,235,Grocery,1010.71,2025-07-03,05:19:00,CA,Debit Card,Approved,False,None
1374,236,Grocery,1731.71,2025-06-29,20:51:00,CA,Debit Card,Approved,False,None
1335,209,Gas,1238.06,2025-10-02,15:00:00,IL,Credit Card,Approved,False,None
1280,215,Retail,617.26,2026-03-31,19:22:00,FL,Debit Card,Approved,False,None
1337,223,Electronics,1150.71,2025-09-15,06:20:00,NY,Debit Card,Approved,False,None
1146,202,Travel,1051.29,2025-07-05,19:06:00,NY,Debit Card,Approved,False,None
1044,207,Travel,926.97,2025-11-02,02:22:00,CA,Debit Card,Approved,False,None
1195,236,Retail,1827.4,2026-06-22,09:35:00,IL,Debit Card,Approved,False,None
1455,215,Travel,1707.27,2026-05-17,19:22:00,TX,Credit Card,Approved,False,None
1388,240,Grocery,631.18,2026-01-24,10:15:00,TX,Credit Card,Approved,False,None
1479,234,Retail,1390.48,2025-08-04,20:52:00,NY,Mobile Wallet,Approved,False,None
1229,234,Restaurant,1910.42,2026-06-22,17:26:00,CA,Debit Card,Approved,False,None
1110,215,Travel,1365.05,2025-11-22,16:35:00,FL,Mobile Wallet,Approved,False,None
1350,249,Electronics,1457.67,2026-02-26,13:58:00,NY,Mobile Wallet,Approved,True,Account Takeover
1253,234,Retail,708.47,2026-03-08,18:54:00,TX,Mobile Wallet,Approved,False,None
1167,224,Restaurant,763.8,2025-12-20,10:22:00,FL,Credit Card,Approved,False,None
1397,233,Grocery,1822.78,2025-09-12,12:44:00,FL,Credit Card,Approved,False,None
1182,208,Retail,1912.58,2025-11-17,15:58:00,IL,Mobile Wallet,Approved,False,None
1011,233,Grocery,29.63,2025-10-31,01:24:00,FL,Debit Card,Approved,False,None
1496,246,Retail,1853.27,2026-04-20,05:25:00,CA,Mobile Wallet,Approved,True,Friendly Fraud
1442,229,Restaurant,32.6,2025-11-13,18:21:00,IL,Debit Card,Approved,False,None
1019,212,Gas,494.37,2025-07-07,11:46:00,FL,Credit Card,Approved,True,Account Takeover
1393,222,Retail,1293.59,2025-10-13,13:14:00,CA,Mobile Wallet,Approved,False,None
1448,217,Gas,1580.55,2026-01-18,10:10:00,FL,Credit Card,Approved,False,None
1227,204,Gas,531.09,2026-02-23,02:35:00,TX,Mobile Wallet,Approved,False,None
1061,229,Grocery,596.59,2026-05-23,16:35:00,CA,Mobile Wallet,Approved,False,None
1340,229,Travel,296.87,2026-06-02,14:29:00,FL,Credit Card,Approved,False,None
1366,231,Gas,1125.07,2025-10-23,17:09:00,IL,Credit Card,Approved,False,None
1369,247,Gas,615.13,2025-12-29,18:10:00,FL,Credit Card,Approved,False,None
1469,224,Gas,1426.56,2026-02-14,13:52:00,FL,Credit Card,Approved,False,None
1151,200,Travel,1838.65,2025-07-19,11:14:00,FL,Mobile Wallet,Approved,False,None
1236,209,Travel,465.95,2026-02-19,01:23:00,FL,Debit Card,Approved,False,None
1142,208,Retail,138.95,2025-10-31,13:56:00,CA,Mobile Wallet,Approved,False,None
1060,234,Grocery,192.15,2025-10-29,13:27:00,FL,Mobile Wallet,Approved,False,None
1155,218,Retail,711.12,2026-02-12,23:20:00,NY,Debit Card,Approved,False,None
1142,247,Retail,1164.75,2026-02-05,09:22:00,CA,Mobile Wallet,Approved,False,None
1069,204,Electronics,125.1,2025-09-18,13:16:00,IL,Debit Card,Approved,False,None
1223,208,Gas,1421.18,2026-01-21,10:03:00,CA,Debit Card,Approved,False,None
1458,228,Retail,1873.76,2025-11-14,05:28:00,IL,Debit Card,Approved,False,None
1042,202,Restaurant,831.72,2026-04-29,16:35:00,TX,Mobile Wallet,Approved,True,Friendly Fraud
1157,241,Electronics,1424.37,2025-12-05,22:37:00,IL,Credit Card,Approved,False,None
1217,233,Grocery,1932.22,2025-10-07,03:35:00,IL,Credit Card,Approved,False,None
1049,241,Grocery,1631.7,2025-09-06,01:18:00,CA,Debit Card,Approved,False,None
1485,224,Gas,1085.57,2025-08-21,15:34:00,CA,Credit Card,Approved,False,None
1200,236,Gas,1813.32,2026-06-24,18:24:00,FL,Mobile Wallet,Approved,False,None
1475,208,Retail,889.39,2026-03-01,03:03:00,IL,Debit Card,Approved,False,None
1346,206,Grocery,1201.25,2026-05-23,19:37:00,FL,Mobile Wallet,Approved,False,None
1176,221,Restaurant,1700.64,2026-05-15,00:02:00,FL,Debit Card,Approved,False,None
1446,242,Electronics,1247.68,2025-09-10,08:38:00,TX,Mobile Wallet,Approved,False,None
1466,237,Gas,261.69,2026-04-24,21:57:00,IL,Debit Card,Approved,False,None
1052,248,Gas,1416.23,2025-10-25,16:08:00,TX,Mobile Wallet,Approved,False,None
1108,242,Restaurant,213.24,2025-07-04,18:35:00,FL,Mobile Wallet,Approved,False,None
1083,242,Travel,1372.66,2025-08-13,02:12:00,FL,Debit Card,Approved,False,None
1029,221,Grocery,1026.73,2026-02-08,19:05:00,NY,Mobile Wallet,Approved,False,None
1323,237,Retail,1893.66,2025-11-03,13:51:00,IL,Debit Card,Approved,False,None
1075,216,Grocery,457.02,2025-08-24,10:45:00,FL,Debit Card,Approved,False,None
1099,243,Gas,787.31,2025-12-29,11:51:00,IL,Debit Card,Approved,False,None
1394,211,Retail,1288.16,2025-11-04,22:23:00,FL,Credit Card,Approved,False,None
1142,206,Travel,1511.96,2025-10-13,10:20:00,TX,Debit Card,Approved,False,None
1423,242,Gas,1568.17,2025-08-20,02:35:00,TX,Credit Card,Approved,False,None
1328,220,Electronics,481.14,2026-03-14,04:08:00,NY,Mobile Wallet,Approved,True,Stolen Card
1278,249,Electronics,1958.79,2025-10-02,20:20:00,TX,Mobile Wallet,Approved,False,None
1430,238,Retail,562.86,2026-06-16,16:45:00,TX,Debit Card,Approved,False,None
1314,203,Electronics,1954.31,2026-06-20,01:43:00,FL,Credit Card,Approved,False,None
1261,232,Grocery,1971.5,2026-01-17,04:38:00,NY,Credit Card,Approved,False,None
1146,223,Grocery,1272.38,2026-05-28,14:20:00,TX,Debit Card,Approved,False,None
1476,228,Gas,1341.36,2026-01-30,06:42:00,FL,Mobile Wallet,Approved,False,None
1012,215,Electronics,295.99,2025-11-13,10:27:00,CA,Debit Card,Approved,False,None
1201,225,Restaurant,1615.77,2026-04-21,16:46:00,CA,Credit Card,Approved,False,None
1221,211,Grocery,1800.91,2026-05-18,12:59:00,FL,Debit Card,Approved,False,None
1125,226,Gas,1689.26,2025-08-28,00:16:00,IL,Mobile Wallet,Approved,False,None
1155,242,Travel,304.3,2025-11-12,08:38:00,TX,Debit Card,Approved,False,None
1117,205,Gas,345.38,2025-09-13,05:55:00,IL,Mobile Wallet,Approved,False,None
1490,246,Grocery,956.41,2026-03-21,19:56:00,NY,Credit Card,Approved,False,None
1124,213,Restaurant,1768.45,2025-08-19,11:45:00,CA,Debit Card,Approved,False,None
1358,216,Gas,120.33,2025-06-25,09:36:00,NY,Credit Card,Approved,False,None
1051,208,Gas,578.51,2026-01-18,07:10:00,CA,Debit Card,Approved,False,None
1443,244,Gas,292.91,2025-08-02,04:22:00,TX,Mobile Wallet,Approved,False,None
1118,248,Electronics,1765.3,2026-04-10,15:47:00,CA,Credit Card,Approved,False,None
1012,210,Retail,1472.37,2025-08-02,00:51:00,IL,Mobile Wallet,Approved,False,None
1427,247,Retail,837.0,2025-09-01,07:28:00,TX,Mobile Wallet,Approved,False,None
1192,233,Restaurant,1807.19,2025-07-20,23:05:00,CA,Credit Card,Approved,False,None
1137,212,Electronics,1454.87,2026-01-02,20:46:00,TX,Credit Card,Approved,False,None
1011,237,Gas,1942.25,2025-12-01,17:24:00,CA,Debit Card,Approved,False,None
1313,211,Grocery,681.06,2025-12-05,09:31:00,CA,Debit Card,Approved,False,None
1211,217,Electronics,827.13,2025-12-11,09:51:00,IL,Mobile Wallet,Approved,False,None
1272,222,Gas,1900.86,2025-08-23,06:18:00,CA,Debit Card,Approved,False,None
1315,217,Travel,1096.58,2026-01-17,21:42:00,FL,Debit Card,Approved,False,None
1251,248,Travel,352.14,2025-06-29,10:51:00,CA,Credit Card,Approved,False,None
1282,227,Retail,1176.0,2026-01-06,08:17:00,FL,Mobile Wallet,Approved,False,None
1424,223,Retail,731.49,2025-11-06,10:39:00,CA,Credit Card,Approved,False,None
1379,236,Travel,1528.36,2025-09-19,06:39:00,NY,Debit Card,Approved,False,None
1286,202,Gas,701.96,2026-06-20,03:45:00,CA,Credit Card,Approved,False,None
1023,246,Restaurant,765.01,2026-02-03,11:49:00,CA,Debit Card,Approved,False,None
1256,233,Electronics,1255.02,2025-08-04,23:26:00,NY,Debit Card,Approved,False,None
1283,214,Gas,626.09,2026-04-02,03:28:00,IL,Credit Card,Approved,False,None
1127,243,Travel,241.31,2026-06-14,18:02:00,CA,Debit Card,Approved,False,None
1012,219,Electronics,1407.61,2026-02-24,17:58:00,IL,Credit Card,Approved,False,None
1492,223,Grocery,630.16,2025-12-17,04:57:00,NY,Mobile Wallet,Approved,False,None
1468,211,Grocery,1538.57,2026-03-31,22:14:00,CA,Debit Card,Approved,False,None
1189,205,Gas,1499.94,2026-03-20,07:45:00,IL,Mobile Wallet,Approved,False,None
1132,246,Grocery,1161.93,2025-07-05,14:51:00,IL,Debit Card,Approved,False,None
1340,243,Retail,1867.48,2026-01-08,01:21:00,IL,Credit Card,Approved,False,None
1052,238,Grocery,941.23,2025-10-24,13:24:00,FL,Debit Card,Approved,False,None
1016,206,Grocery,567.95,2026-04-06,10:10:00,FL,Debit Card,Approved,False,None
1130,209,Gas,74.8,2025-10-13,00:18:00,TX,Credit Card,Approved,False,None
1306,243,Electronics,1751.93,2025-10-16,01:40:00,IL,Debit Card,Approved,False,None
1011,231,Electronics,1783.93,2026-01-28,19:50:00,CA,Mobile Wallet,Approved,False,None
1259,229,Grocery,714.45,2025-07-15,23:47:00,CA,Mobile Wallet,Approved,False,None
1361,217,Electronics,637.98,2026-01-17,23:59:00,NY,Mobile Wallet,Approved,False,None
1411,209,Restaurant,840.69,2025-08-03,19:06:00,IL,Debit Card,Approved,False,None
1412,231,Restaurant,694.78,2026-06-17,19:31:00,NY,Mobile Wallet,Approved,True,Stolen Card
1457,231,Travel,1556.7,2025-11-09,08:28:00,IL,Mobile Wallet,Approved,False,None
1192,212,Gas,1941.88,2026-01-19,10:30:00,IL,Mobile Wallet,Approved,False,None
1489,210,Gas,350.46,2025-11-09,13:39:00,NY,Debit Card,Approved,False,None
1059,215,Grocery,823.16,2026-05-30,05:41:00,NY,Credit Card,Approved,False,None
1392,237,Travel,922.96,2026-06-15,04:08:00,IL,Credit Card,Approved,False,None
1298,237,Grocery,1223.34,2025-10-20,17:04:00,FL,Debit Card,Approved,False,None
1116,240,Retail,375.73,2026-04-13,20:26:00,IL,Credit Card,Approved,False,None
1328,210,Electronics,392.92,2025-07-24,01:10:00,FL,Mobile Wallet,Approved,False,None
1475,228,Electronics,153.93,2025-11-01,15:33:00,NY,Mobile Wallet,Approved,False,None
1011,223,Travel,442.38,2025-07-07,21:02:00,TX,Credit Card,Approved,False,None
1267,235,Restaurant,1751.48,2025-11-26,00:44:00,CA,Credit Card,Approved,False,None
1444,213,Grocery,1804.12,2025-12-19,11:44:00,CA,Credit Card,Approved,True,Account Takeover
1371,239,Retail,1724.12,2025-12-16,02:58:00,IL,Debit Card,Approved,False,None
1279,206,Restaurant,874.77,2026-06-18,22:46:00,CA,Credit Card,Approved,False,None
1397,220,Travel,1009.82,2025-09-10,06:29:00,IL,Debit Card,Approved,False,None
1371,213,Retail,750.97,2026-03-14,00:37:00,FL,Credit Card,Approved,False,None
1068,222,Retail,1076.54,2026-06-22,03:08:00,IL,Mobile Wallet,Approved,False,None
1431,216,Electronics,673.24,2026-05-25,22:46:00,FL,Debit Card,Approved,False,None
1041,229,Gas,1692.51,2026-04-03,10:51:00,FL,Credit Card,Approved,False,None
1490,213,Electronics,1862.94,2025-07-11,12:44:00,CA,Credit Card,Approved,False,None
1238,233,Gas,1952.15,2026-04-06,09:53:00,NY,Mobile Wallet,Approved,False,None
1314,221,Grocery,1565.97,2025-08-21,04:22:00,TX,Mobile Wallet,Approved,False,None
1050,230,Electronics,1721.07,2026-05-24,18:10:00,NY,Mobile Wallet,Approved,False,None
1111,237,Gas,1570.82,2026-01-09,18:07:00,FL,Debit Card,Approved,False,None
1449,205,Gas,253.48,2026-02-21,10:30:00,NY,Credit Card,Approved,False,None
1008,211,Retail,910.64,2026-02-14,17:24:00,TX,Mobile Wallet,Approved,False,None
1453,245,Travel,656.69,2026-03-28,19:07:00,TX,Mobile Wallet,Approved,False,None
1064,208,Grocery,1375.08,2026-06-12,22:52:00,IL,Debit Card,Approved,True,Friendly Fraud
1374,227,Travel,1114.6,2026-03-31,17:59:00,NY,Credit Card,Approved,False,None
1051,240,Travel,762.66,2025-12-24,21:00:00,IL,Mobile Wallet,Approved,False,None
1038,243,Gas,1725.36,2025-10-31,07:44:00,CA,Credit Card,Approved,False,None
1177,225,Travel,1784.56,2026-03-27,03:07:00,FL,Debit Card,Approved,False,None
1197,229,Travel,283.84,2026-01-01,09:59:00,IL,Debit Card,Approved,False,None
1463,228,Retail,528.77,2025-09-16,04:51:00,CA,Debit Card,Approved,False,None
1041,202,Travel,1845.04,2026-02-23,10:36:00,CA,Mobile Wallet,Approved,False,None
1380,210,Retail,467.19,2026-03-19,12:00:00,NY,Debit Card,Approved,False,None
1208,231,Gas,245.23,2026-05-30,18:05:00,CA,Mobile Wallet,Approved,False,None
1256,222,Electronics,1479.59,2025-08-08,03:10:00,IL,Debit Card,Approved,False,None
1051,218,Restaurant,345.71,2026-03-15,21:10:00,NY,Mobile Wallet,Approved,False,None
1236,235,Gas,410.91,2026-06-11,23:54:00,TX,Mobile Wallet,Approved,False,None
1488,214,Electronics,1125.55,2026-05-12,03:27:00,IL,Credit Card,Approved,False,None
1392,202,Travel,340.4,2025-07-15,12:43:00,IL,Debit Card,Approved,False,None
1298,232,Grocery,1070.9,2025-06-26,19:46:00,CA,Mobile Wallet,Approved,False,None
1148,239,Retail,633.36,2025-08-06,00:35:00,CA,Debit Card,Approved,False,None
1224,200,Retail,276.39,2026-03-30,06:02:00,TX,Mobile Wallet,Approved,False,None
1136,208,Gas,1094.64,2026-05-26,22:46:00,FL,Debit Card,Approved,False,None
1282,203,Retail,1701.1,2025-10-13,06:31:00,FL,Debit Card,Approved,False,None
1161,231,Retail,1351.02,2026-05-16,13:14:00,CA,Mobile Wallet,Approved,False,None
1200,246,Retail,1926.94,2026-04-12,19:32:00,TX,Mobile Wallet,Approved,False,None
1411,245,Grocery,1586.25,2025-10-14,07:03:00,TX,Debit Card,Approved,False,None
1163,235,Retail,595.88,2025-07-18,11:59:00,FL,Mobile Wallet,Approved,False,None
1483,248,Travel,398.71,2025-10-04,15:59:00,IL,Mobile Wallet,Approved,False,None
1154,246,Grocery,1776.53,2026-02-24,22:49:00,NY,Debit Card,Approved,False,None
1287,219,Gas,1804.37,2026-04-09,16:58:00,FL,Debit Card,Approved,False,None
1487,208,Grocery,1852.03,2025-10-31,15:23:00,IL,Debit Card,Approved,False,None
1340,243,Retail,1411.8,2026-05-28,00:27:00,NY,Debit Card,Approved,False,None
1019,232,Retail,334.22,2025-11-03,09:46:00,CA,Debit Card,Approved,True,Account Takeover
1080,200,Travel,845.5,2025-12-27,03:39:00,NY,Mobile Wallet,Approved,False,None
1435,246,Electronics,1436.95,2025-07-07,03:35:00,CA,Mobile Wallet,Approved,False,None
1434,237,Electronics,248.25,2026-04-13,09:36:00,IL,Debit Card,Approved,False,None
1426,225,Restaurant,473.18,2026-01-21,18:55:00,TX,Mobile Wallet,Approved,False,None
1459,205,Grocery,1692.0,2025-09-13,20:44:00,IL,Credit Card,Approved,False,None
1015,220,Electronics,602.22,2025-11-08,06:36:00,CA,Debit Card,Approved,True,Account Takeover
1236,245,Grocery,327.46,2025-09-27,07:59:00,NY,Mobile Wallet,Approved,False,None
1176,203,Retail,1730.14,2026-04-19,21:13:00,NY,Credit Card,Approved,False,None
1136,223,Retail,1300.85,2026-02-16,21:48:00,TX,Mobile Wallet,Approved,False,None
1126,218,Electronics,1348.72,2026-03-20,21:19:00,CA,Mobile Wallet,Approved,False,None
1386,228,Retail,1938.69,2025-11-27,17:13:00,CA,Debit Card,Approved,False,None
1184,226,Retail,882.76,2026-02-26,16:47:00,TX,Mobile Wallet,Approved,False,None
1226,215,Gas,1055.03,2025-11-11,12:30:00,CA,Mobile Wallet,Approved,False,None
1355,215,Travel,1432.07,2026-03-01,10:51:00,IL,Mobile Wallet,Approved,False,None
1489,248,Grocery,1954.66,2025-12-26,01:54:00,TX,Mobile Wallet,Approved,True,Account Takeover
1019,243,Gas,1134.35,2025-09-17,16:07:00,IL,Credit Card,Approved,False,None
1195,240,Gas,1462.5,2026-03-27,15:37:00,IL,Debit Card,Approved,False,None
1238,240,Travel,420.42,2026-05-26,02:27:00,IL,Credit Card,Approved,False,None
1244,237,Gas,1542.64,2025-08-29,13:53:00,IL,Debit Card,Approved,False,None
1074,218,Retail,1870.92,2025-08-19,19:17:00,TX,Credit Card,Approved,False,None
1032,244,Grocery,1113.3,2026-01-02,13:25:00,FL,Mobile Wallet,Approved,False,None
1286,202,Travel,1183.21,2025-08-09,09:33:00,IL,Credit Card,Approved,True,Account Takeover
1115,217,Grocery,797.28,2026-03-23,21:14:00,NY,Mobile Wallet,Approved,True,Friendly Fraud
1331,209,Electronics,1125.72,2025-12-17,07:10:00,TX,Mobile Wallet,Approved,False,None
1284,242,Retail,727.97,2025-10-15,02:10:00,IL,Debit Card,Approved,False,None
1229,245,Retail,116.62,2025-12-04,17:06:00,NY,Mobile Wallet,Approved,False,None
1226,249,Electronics,1594.38,2025-07-13,06:54:00,NY,Credit Card,Approved,False,None
1199,201,Travel,702.86,2025-11-14,05:03:00,CA,Mobile Wallet,Approved,False,None
1054,210,Retail,1172.61,2025-08-28,13:30:00,FL,Mobile Wallet,Approved,False,None
1371,225,Travel,554.92,2026-04-12,22:55:00,TX,Mobile Wallet,Approved,False,None
1266,203,Electronics,403.88,2026-06-19,08:34:00,IL,Credit Card,Approved,False,None
1438,245,Electronics,1130.19,2026-03-04,04:37:00,FL,Credit Card,Approved,False,None
1084,206,Grocery,1916.94,2026-05-26,22:52:00,TX,Credit Card,Approved,False,None
1271,215,Retail,270.98,2026-05-04,07:55:00,FL,Debit Card,Approved,False,None
1143,234,Travel,475.43,2025-11-29,19:00:00,FL,Debit Card,Approved,False,None
1332,223,Travel,1848.26,2025-09-12,21:06:00,FL,Debit Card,Approved,False,None
1084,226,Travel,1537.71,2026-01-17,06:49:00,IL,Credit Card,Approved,False,None
1468,216,Gas,903.63,2025-09-30,08:27:00,TX,Credit Card,Approved,False,None
1026,213,Restaurant,945.02,2025-09-29,23:48:00,NY,Credit Card,Approved,False,None
1242,215,Travel,800.38,2026-03-01,19:27:00,TX,Mobile Wallet,Approved,False,None
1420,205,Travel,1297.11,2026-03-02,06:18:00,CA,Debit Card,Approved,False,None
1300,203,Restaurant,827.71,2026-04-08,21:24:00,CA,Debit Card,Approved,False,None
1477,231,Grocery,817.05,2025-11-28,09:19:00,NY,Debit Card,Approved,False,None
1197,222,Grocery,766.81,2025-10-29,20:54:00,FL,Credit Card,Approved,False,None
1106,208,Retail,1833.25,2025-12-15,15:11:00,FL,Debit Card,Approved,False,None
1378,248,Retail,1960.78,2026-04-21,23:45:00,IL,Mobile Wallet,Approved,False,None
1237,219,Retail,323.38,2025-09-08,21:51:00,CA,Debit Card,Approved,False,None
1182,244,Electronics,969.12,2025-11-15,20:41:00,IL,Mobile Wallet,Approved,False,None
1471,240,Travel,1796.87,2025-11-15,15:26:00,NY,Debit Card,Approved,False,None
1196,248,Restaurant,451.53,2026-05-21,08:42:00,FL,Mobile Wallet,Approved,False,None
1385,201,Restaurant,472.92,2026-01-13,23:09:00,CA,Debit Card,Approved,False,None
1472,202,Retail,1534.47,2026-02-20,18:22:00,CA,Debit Card,Approved,False,None
1015,217,Travel,5.86,2025-12-09,02:32:00,NY,Mobile Wallet,Approved,False,None
1216,249,Gas,328.97,2025-07-06,17:51:00,CA,Mobile Wallet,Approved,False,None
1005,222,Electronics,742.24,2026-03-17,10:59:00,CA,Debit Card,Approved,False,None
1138,240,Gas,200.47,2025-06-25,02:38:00,FL,Credit Card,Approved,False,None
1034,241,Gas,39.62,2025-12-08,07:05:00,NY,Mobile Wallet,Approved,False,None
1202,207,Travel,1253.32,2025-07-14,01:36:00,TX,Credit Card,Approved,True,Friendly Fraud
1265,221,Grocery,178.72,2025-11-11,09:00:00,NY,Debit Card,Approved,False,None
1098,203,Gas,1089.07,2026-05-20,09:35:00,IL,Debit Card,Approved,False,None
1413,244,Travel,1438.9,2025-10-26,16:29:00,CA,Mobile Wallet,Approved,False,None
1130,215,Electronics,1688.2,2025-07-21,22:39:00,FL,Debit Card,Approved,False,None
1498,241,Grocery,1928.74,2025-11-14,08:09:00,IL,Credit Card,Approved,False,None
1315,235,Travel,1682.5,2026-06-02,18:03:00,FL,Debit Card,Approved,False,None
1117,201,Retail,736.49,2026-05-14,12:06:00,TX,Mobile Wallet,Approved,False,None
1412,239,Electronics,657.71,2025-07-23,10:12:00,CA,Debit Card,Approved,False,None
1346,207,Electronics,205.74,2025-08-29,22:31:00,FL,Credit Card,Approved,False,None
1359,204,Electronics,1237.72,2025-08-28,12:39:00,CA,Debit Card,Approved,False,None
1008,245,Gas,710.87,2025-12-26,14:36:00,CA,Debit Card,Approved,False,None
1329,235,Electronics,1178.88,2025-10-17,12:42:00,IL,Mobile Wallet,Approved,False,None
1200,218,Restaurant,1722.92,2025-10-11,20:04:00,IL,Debit Card,Approved,True,Friendly Fraud
1073,221,Travel,254.16,2025-08-03,00:55:00,CA,Credit Card,Approved,False,None
1455,247,Travel,1875.58,2026-01-15,07:12:00,FL,Debit Card,Approved,False,None
1146,221,Gas,904.25,2026-01-18,17:23:00,FL,Debit Card,Approved,False,None
1494,240,Electronics,1307.78,2026-05-30,19:39:00,NY,Mobile Wallet,Approved,False,None
1224,228,Travel,1152.88,2026-01-18,19:49:00,TX,Mobile Wallet,Approved,False,None
1003,249,Grocery,1917.12,2025-08-11,01:13:00,TX,Mobile Wallet,Approved,False,None
1290,212,Electronics,186.49,2025-07-26,20:52:00,CA,Credit Card,Approved,False,None
1371,249,Electronics,1508.87,2025-12-28,00:11:00,TX,Debit Card,Approved,False,None
1279,215,Travel,94.87,2026-01-02,19:29:00,TX,Mobile Wallet,Approved,False,None
1059,236,Gas,744.2,2025-07-09,08:20:00,IL,Debit Card,Approved,False,None
1003,247,Travel,668.66,2025-12-14,12:50:00,FL,Credit Card,Approved,False,None
1491,236,Restaurant,787.95,2025-08-24,13:33:00,IL,Mobile Wallet,Approved,False,None
1294,246,Grocery,22.6,2026-05-07,22:50:00,NY,Mobile Wallet,Approved,False,None
1258,200,Grocery,563.62,2026-06-10,19:24:00,NY,Debit Card,Approved,False,None
1316,205,Electronics,255.08,2026-01-15,03:54:00,CA,Mobile Wallet,Approved,False,None
1423,237,Retail,1717.76,2025-09-16,02:40:00,NY,Debit Card,Approved,False,None
1309,218,Travel,1653.81,2025-07-17,16:59:00,IL,Debit Card,Approved,False,None
1026,212,Restaurant,84.8,2026-01-26,11:58:00,CA,Credit Card,Approved,False,None
1482,214,Gas,765.05,2025-09-11,05:50:00,TX,Mobile Wallet,Approved,False,None
1318,239,Restaurant,1961.07,2025-11-24,14:29:00,IL,Credit Card,Approved,False,None
1189,206,Electronics,916.33,2026-02-07,10:19:00,TX,Mobile Wallet,Approved,False,None
1443,212,Grocery,202.1,2026-05-23,18:53:00,TX,Debit Card,Approved,False,None
1002,201,Retail,837.98,2025-10-17,16:39:00,IL,Debit Card,Approved,False,None
1313,249,Retail,1804.58,2026-03-13,15:44:00,IL,Debit Card,Approved,False,None
1108,235,Grocery,455.47,2026-04-08,09:02:00,FL,Debit Card,Approved,False,None
1404,243,Electronics,836.8,2026-04-12,01:06:00,TX,Credit Card,Approved,False,None
1499,209,Gas,248.71,2025-08-05,18:18:00,TX,Mobile Wallet,Approved,False,None
1092,239,Gas,1146.39,2025-12-11,07:35:00,CA,Debit Card,Approved,False,None
1436,241,Travel,970.12,2026-02-27,01:29:00,NY,Mobile Wallet,Approved,True,Account Takeover
1069,216,Electronics,1646.53,2025-07-06,19:27:00,IL,Credit Card,Approved,False,None
1476,234,Grocery,1935.29,2025-12-23,17:56:00,TX,Mobile Wallet,Approved,False,None
1460,233,Retail,124.5,2025-12-31,14:11:00,TX,Debit Card,Approved,False,None
1058,202,Electronics,556.39,2026-02-28,21:10:00,CA,Debit Card,Approved,False,None
1185,232,Restaurant,1042.29,2026-02-10,11:29:00,IL,Debit Card,Approved,False,None
1403,200,Electronics,1100.25,2026-03-31,09:56:00,TX,Mobile Wallet,Approved,False,None
1303,231,Restaurant,14.14,2025-11-06,21:57:00,FL,Mobile Wallet,Approved,False,None
1329,221,Retail,220.96,2025-07-31,15:49:00,CA,Credit Card,Approved,False,None
1472,249,Gas,1989.78,2025-12-21,01:02:00,IL,Debit Card,Approved,False,None
1132,240,Travel,857.19,2026-01-25,09:07:00,FL,Debit Card,Approved,False,None
1315,229,Gas,773.54,2025-07-22,11:58:00,CA,Debit Card,Approved,False,None
1194,245,Retail,1970.85,2026-01-28,03:04:00,CA,Credit Card,Approved,False,None
1380,225,Gas,530.63,2025-07-22,22:13:00,FL,Mobile Wallet,Approved,False,None
1223,222,Grocery,619.8,2025-11-26,02:01:00,FL,Debit Card,Approved,False,None
1088,212,Grocery,1601.59,2026-04-12,09:46:00,IL,Mobile Wallet,Approved,False,None
1021,249,Gas,1145.82,2025-09-12,09:05:00,CA,Debit Card,Approved,False,None
1224,225,Grocery,1736.42,2026-05-09,21:18:00,CA,Mobile Wallet,Approved,False,None
1367,208,Travel,877.26,2026-05-02,20:18:00,IL,Credit Card,Approved,False,None
1404,207,Travel,525.15,2025-12-31,10:48:00,NY,Credit Card,Approved,False,None
1453,227,Electronics,660.15,2026-05-05,08:10:00,FL,Debit Card,Approved,False,None
1161,209,Restaurant,1769.34,2026-03-14,14:53:00,FL,Credit Card,Approved,False,None
1425,223,Travel,349.61,2025-09-24,21:26:00,FL,Debit Card,Approved,False,None
1264,201,Electronics,834.7,2025-09-06,18:55:00,CA,Credit Card,Approved,False,None
1019,231,Retail,1596.83,2025-10-13,15:49:00,NY,Credit Card,Approved,False,None
1295,221,Retail,236.54,2026-06-02,11:57:00,TX,Credit Card,Approved,False,None
1265,218,Electronics,1402.98,2025-12-26,13:26:00,CA,Credit Card,Approved,False,None
1429,209,Grocery,834.24,2025-08-27,12:46:00,TX,Credit Card,Approved,False,None
1239,239,Grocery,503.14,2026-02-26,00:49:00,TX,Mobile Wallet,Approved,False,None
1398,243,Retail,1648.75,2025-10-31,04:46:00,TX,Debit Card,Approved,False,None
1000,242,Gas,608.45,2025-10-28,03:15:00,CA,Mobile Wallet,Approved,False,None
1271,201,Travel,1947.75,2025-11-29,10:42:00,IL,Mobile Wallet,Approved,False,None
1374,219,Electronics,846.22,2026-01-25,23:16:00,NY,Mobile Wallet,Approved,False,None
1237,205,Grocery,1377.51,2026-02-07,13:18:00,CA,Debit Card,Approved,False,None
1292,205,Retail,1487.29,2026-02-16,05:20:00,NY,Credit Card,Approved,False,None
1304,239,Electronics,22.78,2026-05-28,12:25:00,TX,Credit Card,Approved,False,None
1491,240,Retail,1607.05,2026-01-31,01:49:00,TX,Mobile Wallet,Approved,False,None
1059,249,Travel,378.42,2025-09-23,19:25:00,FL,Credit Card,Approved,False,None
1154,219,Travel,423.14,2026-06-18,12:43:00,IL,Debit Card,Approved,True,Stolen Card
1178,235,Gas,1277.07,2026-03-01,06:15:00,NY,Debit Card,Approved,False,None
1435,221,Grocery,219.08,2025-09-24,22:32:00,NY,Mobile Wallet,Approved,False,None
1092,232,Retail,1330.47,2025-11-20,05:40:00,NY,Debit Card,Approved,False,None
1356,211,Grocery,592.5,2026-03-29,09:34:00,TX,Credit Card,Approved,False,None
1175,206,Grocery,405.83,2026-06-07,10:09:00,FL,Debit Card,Approved,False,None
1064,241,Restaurant,548.98,2025-10-25,21:12:00,IL,Debit Card,Approved,False,None
1351,247,Gas,1298.39,2025-11-20,17:48:00,CA,Debit Card,Approved,False,None
1156,206,Gas,1666.38,2026-03-18,21:57:00,TX,Mobile Wallet,Approved,False,None
1470,235,Grocery,1473.86,2025-08-01,11:08:00,NY,Debit Card,Approved,False,None
1236,206,Restaurant,1507.72,2026-05-01,05:12:00,NY,Credit Card,Approved,False,None
1466,233,Retail,1532.49,2026-06-20,23:09:00,CA,Mobile Wallet,Approved,False,None
1093,215,Retail,1745.34,2026-06-18,20:46:00,TX,Credit Card,Approved,False,None
1451,242,Grocery,999.6,2026-04-08,00:53:00,CA,Mobile Wallet,Approved,False,None
1412,243,Electronics,1411.86,2025-10-30,06:03:00,IL,Credit Card,Approved,False,None
1248,240,Retail,1289.53,2025-07-09,22:23:00,TX,Debit Card,Approved,False,None
1352,224,Gas,1417.65,2025-09-17,17:10:00,CA,Credit Card,Approved,False,None
1098,226,Travel,54.79,2025-12-01,00:00:00,TX,Debit Card,Approved,False,None
1462,222,Retail,591.34,2025-09-12,14:09:00,FL,Debit Card,Approved,False,None
1122,250,Restaurant,692.24,2026-02-17,12:00:00,TX,Mobile Wallet,Approved,False,None
1428,238,Restaurant,505.35,2026-02-08,06:36:00,NY,Debit Card,Approved,False,None
1126,243,Electronics,1097.7,2025-07-13,08:21:00,NY,Mobile Wallet,Approved,False,None
1082,204,Travel,1800.01,2025-07-31,02:44:00,CA,Mobile Wallet,Approved,False,None
1483,207,Travel,482.02,2025-06-25,10:16:00,CA,Mobile Wallet,Approved,False,None
1226,230,Travel,916.66,2025-12-01,13:56:00,CA,Mobile Wallet,Approved,False,None
1176,245,Retail,457.89,2026-04-10,03:41:00,NY,Debit Card,Approved,False,None
1072,250,Gas,468.23,2025-10-11,15:35:00,FL,Debit Card,Approved,False,None
1287,210,Electronics,837.17,2025-08-26,10:50:00,IL,Credit Card,Approved,False,None
1270,240,Retail,477.17,2026-03-21,08:55:00,TX,Mobile Wallet,Approved,False,None
1226,206,Gas,1799.22,2025-10-18,20:31:00,FL,Credit Card,Approved,False,None
1396,210,Retail,687.76,2025-11-24,16:45:00,CA,Debit Card,Approved,False,None
1051,220,Travel,1613.71,2026-03-21,12:07:00,FL,Credit Card,Approved,False,None
1106,224,Gas,1374.28,2025-10-04,01:37:00,NY,Mobile Wallet,Approved,False,None
1220,250,Travel,521.5,2025-12-29,11:47:00,NY,Credit Card,Approved,False,None
1071,237,Retail,538.9,2025-09-07,07:48:00,CA,Debit Card,Approved,False,None
1177,212,Restaurant,1667.65,2025-11-27,15:15:00,CA,Mobile Wallet,Approved,False,None
1058,200,Gas,1426.34,2026-01-18,14:13:00,FL,Debit Card,Approved,False,None
1487,210,Restaurant,255.8,2026-01-09,05:20:00,FL,Credit Card,Approved,False,None
1053,245,Gas,991.11,2026-04-10,14:57:00,CA,Debit Card,Approved,False,None
1336,223,Travel,296.51,2026-06-03,12:59:00,CA,Debit Card,Approved,False,None
1283,215,Retail,361.93,2026-04-24,10:27:00,CA,Credit Card,Approved,False,None
1127,247,Travel,17.02,2026-06-06,22:24:00,CA,Debit Card,Approved,False,None
1428,229,Grocery,1590.34,2025-11-14,22:20:00,FL,Debit Card,Approved,False,None
1179,245,Restaurant,1635.87,2026-02-14,18:09:00,FL,Mobile Wallet,Approved,False,None
1265,249,Gas,1326.72,2025-12-04,01:53:00,TX,Mobile Wallet,Approved,False,None
1276,238,Electronics,1915.3,2025-11-20,04:09:00,IL,Mobile Wallet,Approved,False,None
1369,214,Restaurant,1295.57,2025-07-05,09:34:00,TX,Credit Card,Approved,False,None
1107,236,Retail,1998.98,2025-10-12,06:30:00,TX,Debit Card,Approved,False,None
1179,223,Restaurant,1420.8,2025-08-28,06:41:00,NY,Mobile Wallet,Approved,False,None
1495,239,Travel,44.44,2025-07-10,07:47:00,CA,Debit Card,Approved,False,None
1373,210,Electronics,1265.42,2026-03-24,07:01:00,CA,Mobile Wallet,Approved,False,None
1173,222,Electronics,130.27,2025-11-25,09:45:00,TX,Debit Card,Approved,False,None
1012,205,Restaurant,1827.47,2026-02-04,13:09:00,CA,Mobile Wallet,Approved,False,None
1075,246,Travel,1356.89,2026-01-07,05:24:00,FL,Debit Card,Approved,False,None
1254,231,Restaurant,1383.48,2026-05-26,10:58:00,TX,Credit Card,Approved,False,None
1353,233,Travel,1289.08,2025-07-20,20:42:00,NY,Credit Card,Approved,False,None
1171,243,Grocery,1099.42,2025-10-29,17:17:00,IL,Mobile Wallet,Approved,False,None
1390,222,Grocery,1887.93,2026-06-24,23:52:00,TX,Mobile Wallet,Approved,False,None
1493,220,Electronics,18.91,2025-12-13,14:23:00,CA,Mobile Wallet,Approved,False,None
1468,232,Grocery,713.85,2026-02-15,03:23:00,CA,Credit Card,Approved,False,None
1420,250,Restaurant,193.3,2026-01-04,18:48:00,FL,Credit Card,Approved,False,None
1385,200,Restaurant,577.73,2025-11-18,22:17:00,CA,Mobile Wallet,Approved,False,None
1075,239,Travel,542.32,2026-03-03,21:52:00,FL,Debit Card,Approved,False,None
1081,210,Restaurant,1616.24,2025-12-19,12:24:00,TX,Credit Card,Approved,False,None
1172,245,Retail,1433.51,2025-07-15,11:14:00,IL,Mobile Wallet,Approved,False,None
1270,234,Grocery,921.71,2025-11-02,17:30:00,CA,Credit Card,Approved,False,None
1264,201,Electronics,199.48,2025-09-04,03:21:00,FL,Credit Card,Approved,False,None
1409,227,Travel,1092.44,2025-08-28,15:53:00,TX,Debit Card,Approved,False,None
1321,226,Grocery,1408.02,2026-02-05,01:31:00,NY,Credit Card,Approved,False,None
1260,219,Grocery,1039.84,2025-08-01,22:57:00,TX,Mobile Wallet,Approved,True,Account Takeover
1473,206,Grocery,707.84,2025-10-22,15:29:00,NY,Credit Card,Approved,False,None
1270,239,Electronics,1627.72,2025-12-07,17:20:00,FL,Debit Card,Approved,False,None
1139,217,Restaurant,335.47,2026-04-19,11:21:00,IL,Credit Card,Approved,False,None
1439,204,Travel,865.71,2026-05-30,14:41:00,NY,Credit Card,Approved,False,None
1217,221,Restaurant,1795.26,2025-09-23,18:33:00,CA,Mobile Wallet,Approved,False,None
1265,212,Gas,785.0,2026-03-19,09:11:00,TX,Credit Card,Approved,False,None
1242,216,Grocery,1892.83,2026-03-06,01:49:00,FL,Debit Card,Approved,False,None
1155,224,Retail,530.72,2026-05-16,03:08:00,TX,Debit Card,Approved,False,None
1289,239,Retail,929.35,2025-11-07,23:31:00,IL,Debit Card,Approved,False,None
1194,212,Electronics,612.81,2026-03-05,16:53:00,TX,Credit Card,Approved,False,None
1322,204,Electronics,505.01,2026-04-29,16:41:00,IL,Mobile Wallet,Approved,False,None
1109,209,Travel,693.77,2025-07-12,17:08:00,FL,Mobile Wallet,Approved,False,None
1014,226,Travel,411.96,2025-11-12,19:21:00,NY,Credit Card,Approved,False,None
1221,246,Grocery,858.55,2025-10-01,12:09:00,FL,Mobile Wallet,Approved,False,None
1408,217,Gas,541.92,2026-06-08,01:55:00,IL,Credit Card,Approved,False,None
1200,242,Retail,1354.15,2025-09-05,22:54:00,NY,Debit Card,Approved,False,None
1153,201,Travel,175.74,2025-11-13,13:35:00,TX,Mobile Wallet,Approved,False,None
1426,227,Gas,1345.65,2026-03-08,12:48:00,FL,Credit Card,Approved,False,None
1195,249,Grocery,126.2,2025-11-14,02:20:00,IL,Credit Card,Approved,False,None
1110,206,Grocery,696.54,2025-12-02,03:52:00,IL,Debit Card,Approved,False,None
1110,248,Electronics,1599.36,2025-11-27,04:07:00,TX,Credit Card,Approved,False,None
1217,238,Travel,736.24,2025-11-07,11:55:00,FL,Credit Card,Approved,False,None
1248,201,Travel,132.59,2026-03-21,08:43:00,CA,Mobile Wallet,Approved,False,None
1418,236,Grocery,903.25,2025-12-21,12:15:00,CA,Debit Card,Approved,False,None
1089,205,Grocery,995.38,2026-01-02,19:32:00,FL,Credit Card,Approved,False,None
1151,233,Travel,1734.18,2025-08-05,22:03:00,CA,Debit Card,Approved,False,None
1321,223,Grocery,130.99,2026-02-06,20:49:00,CA,Mobile Wallet,Approved,True,Friendly Fraud
1286,230,Travel,1254.73,2026-03-25,10:25:00,NY,Mobile Wallet,Approved,True,Stolen Card
1400,206,Restaurant,1911.83,2025-07-23,22:55:00,IL,Debit Card,Approved,False,None
1372,233,Travel,1053.68,2025-08-28,03:52:00,TX,Credit Card,Approved,False,None
1374,204,Restaurant,275.11,2026-01-24,07:57:00,NY,Mobile Wallet,Approved,True,Stolen Card
1403,235,Grocery,344.67,2025-11-16,13:51:00,CA,Credit Card,Approved,False,None
1036,230,Travel,611.68,2025-09-06,15:36:00,FL,Mobile Wallet,Approved,False,None
1396,211,Electronics,251.16,2025-06-25,10:41:00,FL,Mobile Wallet,Approved,False,None
1475,201,Grocery,1324.58,2025-10-11,19:24:00,IL,Debit Card,Approved,False,None
1108,218,Retail,372.4,2025-10-05,13:06:00,FL,Credit Card,Approved,False,None
1316,230,Retail,397.12,2025-11-23,21:03:00,TX,Mobile Wallet,Approved,False,None
1109,206,Travel,699.98,2025-10-24,00:17:00,IL,Credit Card,Approved,False,None
1199,221,Restaurant,1527.7,2026-04-13,02:00:00,TX,Mobile Wallet,Approved,False,None
1413,243,Travel,180.29,2026-02-23,11:58:00,FL,Debit Card,Approved,False,None
1162,239,Travel,1359.87,2026-05-01,08:38:00,TX,Debit Card,Approved,False,None
1185,235,Gas,1628.14,2025-09-15,02:06:00,CA,Credit Card,Approved,False,None
1441,234,Travel,1659.59,2026-02-26,18:14:00,TX,Debit Card,Approved,False,None
1474,202,Gas,1699.5,2025-08-05,02:48:00,IL,Debit Card,Approved,False,None
1082,203,Restaurant,1552.89,2025-09-23,01:02:00,NY,Debit Card,Approved,False,None
1451,200,Gas,1595.17,2026-06-05,03:47:00,IL,Mobile Wallet,Approved,False,None
1430,207,Retail,536.83,2025-07-24,12:08:00,CA,Credit Card,Approved,False,None
1362,215,Grocery,1051.46,2025-10-18,07:06:00,TX,Mobile Wallet,Approved,False,None
1421,250,Electronics,467.72,2025-10-18,12:05:00,IL,Credit Card,Approved,False,None
1085,243,Restaurant,1894.01,2026-04-14,19:42:00,FL,Mobile Wallet,Approved,False,None
1201,225,Grocery,1802.96,2026-05-29,06:45:00,FL,Debit Card,Approved,False,None
1442,201,Gas,1668.3,2025-08-22,07:24:00,IL,Debit Card,Approved,False,None
1423,246,Retail,1691.43,2026-01-23,14:46:00,NY,Debit Card,Approved,False,None
1042,244,Restaurant,857.16,2025-12-30,22:56:00,CA,Mobile Wallet,Approved,False,None
1234,232,Retail,1763.94,2025-10-22,04:45:00,IL,Mobile Wallet,Approved,False,None
1338,237,Travel,627.28,2025-08-04,01:06:00,CA,Debit Card,Approved,False,None
1422,220,Restaurant,183.26,2025-09-21,04:44:00,NY,Credit Card,Approved,False,None
1354,206,Restaurant,369.77,2025-10-29,19:33:00,FL,Mobile Wallet,Approved,False,None
1160,202,Grocery,1070.28,2026-01-17,18:39:00,TX,Mobile Wallet,Approved,False,None
1130,249,Grocery,1377.49,2026-04-25,22:14:00,FL,Credit Card,Approved,False,None
1192,201,Retail,1362.24,2026-04-14,14:34:00,CA,Credit Card,Approved,False,None
1100,236,Retail,299.61,2026-05-27,18:38:00,CA,Debit Card,Approved,False,None
1497,225,Electronics,1485.32,2026-02-03,04:04:00,NY,Debit Card,Approved,False,None
1270,207,Retail,490.61,2025-07-07,12:13:00,FL,Mobile Wallet,Approved,False,None
1023,203,Grocery,169.75,2025-12-01,10:04:00,NY,Mobile Wallet,Approved,False,None
1460,245,Retail,643.99,2025-09-26,15:34:00,CA,Debit Card,Approved,False,None
1491,224,Restaurant,184.59,2026-02-10,16:09:00,FL,Mobile Wallet,Approved,False,None
1021,215,Gas,143.0,2026-05-15,11:09:00,NY,Mobile Wallet,Approved,False,None
1188,236,Electronics,612.25,2026-06-06,23:32:00,NY,Mobile Wallet,Approved,False,None
1431,234,Grocery,1681.37,2026-02-05,10:28:00,NY,Debit Card,Approved,False,None
1474,209,Restaurant,580.17,2025-09-09,12:03:00,IL,Debit Card,Approved,False,None
1319,241,Retail,1195.24,2025-12-13,23:32:00,FL,Credit Card,Approved,False,None
1168,237,Retail,384.08,2025-08-17,03:25:00,IL,Mobile Wallet,Approved,False,None
1155,242,Retail,534.18,2026-01-31,21:20:00,IL,Debit Card,Approved,False,None
1458,239,Grocery,1743.92,2025-11-13,03:16:00,CA,Debit Card,Approved,False,None
1399,248,Travel,1578.68,2026-05-10,08:12:00,FL,Debit Card,Approved,False,None
1315,225,Electronics,1652.7,2026-06-18,11:14:00,IL,Debit Card,Approved,False,None
1115,205,Grocery,1326.16,2026-05-27,01:33:00,FL,Debit Card,Approved,False,None
1387,234,Electronics,1180.31,2026-03-08,08:29:00,TX,Credit Card,Approved,False,None
1444,238,Grocery,296.8,2026-06-09,12:54:00,CA,Mobile Wallet,Approved,False,None
1301,206,Retail,708.64,2026-01-24,06:22:00,TX,Mobile Wallet,Approved,False,None
1395,205,Grocery,249.1,2025-12-08,05:31:00,CA,Debit Card,Approved,False,None
1378,244,Restaurant,1577.93,2025-08-22,23:13:00,NY,Debit Card,Approved,False,None
1355,215,Gas,75.74,2026-05-25,14:34:00,NY,Mobile Wallet,Approved,False,None
1142,229,Travel,453.31,2025-10-20,10:50:00,CA,Debit Card,Approved,False,None
1095,230,Retail,1934.0,2026-03-25,21:34:00,IL,Mobile Wallet,Approved,False,None
1105,213,Restaurant,1975.93,2025-06-26,16:36:00,TX,Debit Card,Approved,False,None
1134,236,Electronics,1435.62,2026-02-27,20:00:00,NY,Debit Card,Approved,False,None
1247,205,Electronics,234.54,2025-12-22,03:58:00,IL,Mobile Wallet,Approved,False,None
1484,217,Retail,453.09,2025-07-15,19:06:00,CA,Debit Card,Approved,False,None
1379,207,Retail,386.49,2025-07-04,06:01:00,NY,Debit Card,Approved,False,None
1489,215,Electronics,10.45,2026-04-15,11:03:00,FL,Debit Card,Approved,False,None
1102,229,Grocery,596.43,2025-10-07,04:59:00,TX,Credit Card,Approved,False,None
1353,230,Restaurant,1489.87,2025-11-13,07:53:00,TX,Credit Card,Approved,False,None
1462,221,Grocery,1607.05,2026-01-06,09:01:00,IL,Debit Card,Approved,False,None
1365,233,Restaurant,754.46,2026-02-04,10:23:00,NY,Mobile Wallet,Approved,False,None
1089,217,Grocery,658.48,2026-04-23,01:54:00,TX,Mobile Wallet,Approved,False,None
1147,229,Grocery,281.01,2025-10-23,02:57:00,CA,Debit Card,Approved,False,None
1412,241,Gas,1562.08,2025-10-18,14:59:00,IL,Debit Card,Approved,False,None
1187,224,Grocery,1033.94,2026-05-15,12:58:00,CA,Mobile Wallet,Approved,False,None
1420,236,Gas,1917.41,2025-08-04,04:09:00,NY,Credit Card,Approved,False,None
1331,240,Retail,864.18,2026-04-19,02:52:00,CA,Debit Card,Approved,False,None
1244,224,Restaurant,171.28,2025-07-07,13:41:00,NY,Debit Card,Approved,False,None
1043,216,Grocery,729.33,2025-10-11,03:15:00,NY,Mobile Wallet,Approved,False,None
1496,208,Retail,172.66,2025-07-03,17:51:00,FL,Credit Card,Approved,False,None
1159,247,Gas,1541.15,2026-01-15,23:12:00,CA,Mobile Wallet,Approved,False,None
1395,216,Electronics,134.29,2026-01-20,16:20:00,IL,Debit Card,Approved,False,None
1056,213,Retail,1396.21,2025-08-16,19:03:00,FL,Credit Card,Approved,False,None
1471,209,Gas,908.43,2026-06-09,02:57:00,NY,Credit Card,Approved,False,None
1353,245,Grocery,1371.33,2025-06-30,11:31:00,TX,Credit Card,Approved,False,None
1470,217,Restaurant,1746.44,2025-07-27,21:33:00,NY,Mobile Wallet,Approved,False,None
1195,207,Restaurant,933.88,2026-03-29,20:39:00,FL,Debit Card,Approved,False,None
1498,216,Electronics,1677.74,2025-09-28,02:26:00,IL,Debit Card,Approved,False,None
1129,219,Gas,689.36,2025-07-06,20:41:00,NY,Mobile Wallet,Approved,False,None
1079,213,Restaurant,250.63,2025-07-31,06:04:00,FL,Mobile Wallet,Approved,False,None
1318,220,Grocery,348.22,2026-01-23,22:34:00,IL,Credit Card,Approved,False,None
1146,229,Restaurant,1473.45,2025-07-02,21:18:00,FL,Mobile Wallet,Approved,False,None
1126,250,Retail,1992.9,2025-09-17,23:14:00,TX,Debit Card,Approved,False,None
1451,222,Electronics,1617.99,2025-09-11,14:25:00,TX,Mobile Wallet,Approved,False,None
1367,206,Restaurant,1091.35,2026-04-03,19:47:00,CA,Debit Card,Approved,False,None
1333,216,Travel,353.89,2026-02-03,07:51:00,NY,Credit Card,Approved,False,None
1361,217,Travel,289.97,2026-01-07,11:33:00,IL,Debit Card,Approved,False,None
1059,201,Restaurant,852.34,2026-01-29,08:23:00,FL,Credit Card,Approved,False,None
1257,216,Restaurant,1241.1,2025-07-25,13:54:00,IL,Mobile Wallet,Approved,False,None
1218,209,Retail,1183.85,2025-06-26,12:28:00,CA,Debit Card,Approved,False,None
1311,228,Retail,1160.17,2025-07-17,07:52:00,NY,Mobile Wallet,Approved,False,None
1403,249,Retail,188.71,2025-11-14,18:11:00,CA,Debit Card,Approved,False,None
1010,243,Retail,555.09,2025-09-25,22:48:00,NY,Credit Card,Approved,False,None
1494,215,Travel,372.19,2025-07-20,01:34:00,CA,Mobile Wallet,Approved,False,None
1266,217,Retail,864.18,2026-03-08,07:32:00,TX,Debit Card,Approved,False,None
1334,238,Electronics,1171.48,2025-09-20,06:20:00,TX,Credit Card,Approved,False,None
1344,238,Travel,1540.82,2026-02-04,03:49:00,FL,Mobile Wallet,Approved,False,None
1333,229,Retail,1239.83,2026-02-15,06:00:00,TX,Mobile Wallet,Approved,False,None
1330,204,Travel,975.76,2025-10-04,06:05:00,CA,Debit Card,Approved,False,None
1366,244,Gas,1053.39,2025-08-10,23:50:00,NY,Mobile Wallet,Approved,False,None
1121,223,Retail,1421.94,2026-03-29,07:48:00,IL,Mobile Wallet,Approved,False,None
1499,248,Gas,1382.02,2025-12-13,15:21:00,CA,Mobile Wallet,Approved,False,None
1038,204,Restaurant,1382.17,2026-05-10,13:11:00,NY,Credit Card,Approved,False,None
1356,204,Restaurant,1315.92,2026-04-24,00:01:00,IL,Debit Card,Approved,False,None
1177,202,Retail,818.77,2025-08-25,10:46:00,NY,Debit Card,Approved,False,None
1392,243,Gas,41.66,2025-11-05,21:48:00,NY,Mobile Wallet,Approved,False,None
1291,211,Retail,1943.7,2026-02-02,09:43:00,FL,Credit Card,Approved,False,None
1239,224,Gas,1256.3,2025-11-05,18:43:00,NY,Debit Card,Approved,False,None
1113,209,Gas,1427.91,2026-02-12,02:35:00,CA,Mobile Wallet,Approved,False,None
1259,220,Gas,512.05,2026-03-04,07:52:00,IL,Credit Card,Approved,False,None
1101,202,Grocery,1252.97,2025-11-03,11:51:00,TX,Debit Card,Approved,False,None
1342,245,Restaurant,981.9,2025-12-01,01:26:00,FL,Mobile Wallet,Approved,False,None
1103,246,Retail,1352.69,2026-01-11,13:08:00,FL,Mobile Wallet,Approved,False,None
1025,221,Grocery,1868.84,2025-12-14,13:33:00,CA,Credit Card,Approved,False,None
1244,207,Restaurant,1933.67,2025-08-05,16:37:00,CA,Mobile Wallet,Approved,False,None
1209,240,Electronics,1334.68,2026-04-02,17:09:00,CA,Mobile Wallet,Approved,False,None
1405,232,Electronics,690.33,2025-09-30,05:47:00,NY,Debit Card,Approved,False,None
1175,204,Grocery,582.15,2025-12-09,20:20:00,CA,Mobile Wallet,Approved,False,None
1024,249,Travel,871.66,2026-06-13,04:55:00,IL,Mobile Wallet,Approved,False,None
1374,224,Travel,716.4,2025-11-15,00:15:00,CA,Debit Card,Approved,False,None
1008,222,Gas,365.8,2026-02-14,01:42:00,FL,Mobile Wallet,Approved,False,None
1495,217,Restaurant,1652.98,2026-06-12,00:30:00,FL,Debit Card,Approved,False,None
1118,228,Retail,1992.45,2026-01-12,17:00:00,CA,Mobile Wallet,Approved,False,None
1452,247,Grocery,707.0,2026-02-10,14:58:00,FL,Credit Card,Approved,False,None
1093,228,Gas,1977.6,2026-04-20,14:39:00,TX,Mobile Wallet,Approved,False,None
1314,232,Retail,174.91,2025-07-06,23:54:00,TX,Debit Card,Approved,False,None
1177,243,Retail,215.53,2026-01-19,23:38:00,IL,Mobile Wallet,Approved,False,None
1142,209,Electronics,614.66,2025-11-25,06:07:00,NY,Mobile Wallet,Approved,False,None
1411,203,Grocery,1778.23,2026-03-21,12:00:00,NY,Credit Card,Approved,False,None
1032,239,Travel,1779.65,2026-03-18,02:38:00,FL,Credit Card,Approved,False,None
1321,249,Restaurant,1512.41,2026-03-28,07:40:00,IL,Debit Card,Approved,False,None
1070,205,Travel,1140.98,2025-12-30,08:24:00,NY,Mobile Wallet,Approved,True,Account Takeover
1294,231,Gas,370.79,2026-01-19,11:47:00,CA,Credit Card,Approved,False,None
1285,237,Restaurant,422.63,2025-08-25,21:26:00,CA,Credit Card,Approved,False,None
1018,209,Grocery,796.57,2026-03-21,09:27:00,CA,Credit Card,Approved,False,None
1192,230,Travel,515.85,2026-04-23,15:10:00,TX,Mobile Wallet,Approved,False,None
1090,220,Grocery,725.04,2026-02-20,10:51:00,CA,Credit Card,Approved,False,None
1458,217,Electronics,761.69,2025-08-22,20:01:00,FL,Credit Card,Approved,False,None
1147,201,Restaurant,972.67,2025-09-06,12:50:00,TX,Mobile Wallet,Approved,False,None
1479,214,Gas,664.13,2026-04-02,20:36:00,NY,Debit Card,Approved,False,None
1226,205,Travel,1251.35,2025-11-09,12:59:00,FL,Credit Card,Approved,False,None
1325,228,Restaurant,1206.28,2025-07-10,02:33:00,FL,Credit Card,Approved,False,None
1451,211,Restaurant,1504.66,2025-07-15,19:42:00,IL,Mobile Wallet,Approved,False,None
1177,226,Retail,1391.88,2026-03-20,15:38:00,CA,Mobile Wallet,Approved,False,None
1052,210,Grocery,1013.58,2026-01-31,18:47:00,IL,Mobile Wallet,Approved,False,None
1163,249,Electronics,1716.6,2026-05-31,08:19:00,NY,Credit Card,Approved,False,None
1002,227,Electronics,685.8,2026-03-06,16:08:00,NY,Credit Card,Approved,False,None
1052,216,Retail,697.65,2026-01-04,00:46:00,CA,Mobile Wallet,Approved,False,None
1062,231,Electronics,1646.16,2025-11-13,11:22:00,NY,Credit Card,Approved,False,None
1185,233,Gas,225.31,2025-08-24,15:27:00,NY,Mobile Wallet,Approved,False,None
1499,239,Retail,1133.62,2025-08-01,16:11:00,IL,Credit Card,Approved,False,None
1221,237,Electronics,210.6,2025-07-13,19:17:00,IL,Debit Card,Approved,False,None
1044,226,Travel,910.96,2025-10-04,21:25:00,NY,Credit Card,Approved,False,None
1425,212,Grocery,1339.65,2025-07-27,16:08:00,FL,Credit Card,Approved,False,None
1458,209,Restaurant,539.77,2025-10-23,04:25:00,TX,Debit Card,Approved,False,None
1109,222,Grocery,903.34,2025-10-16,16:51:00,TX,Credit Card,Approved,False,None
1046,213,Gas,1963.53,2026-06-20,04:32:00,CA,Credit Card,Approved,False,None
1057,244,Restaurant,1983.74,2026-05-30,11:14:00,IL,Debit Card,Approved,False,None
1023,200,Electronics,515.46,2025-08-02,14:33:00,IL,Debit Card,Approved,True,Stolen Card
1057,240,Restaurant,165.69,2025-12-21,23:37:00,CA,Credit Card,Approved,False,None
1204,231,Gas,880.29,2025-12-12,00:31:00,FL,Mobile Wallet,Approved,True,Account Takeover
1174,226,Grocery,788.7,2026-02-04,14:37:00,IL,Mobile Wallet,Approved,False,None
1410,211,Electronics,31.7,2025-11-27,15:49:00,CA,Mobile Wallet,Approved,False,None
1214,226,Gas,155.3,2025-08-09,21:44:00,FL,Mobile Wallet,Approved,False,None
1112,212,Retail,1724.46,2025-12-20,07:35:00,NY,Debit Card,Approved,False,None
1412,224,Restaurant,1920.16,2026-04-09,09:06:00,TX,Debit Card,Approved,False,None
1491,207,Gas,1368.5,2026-06-02,20:25:00,IL,Mobile Wallet,Approved,False,None
1325,233,Grocery,615.94,2026-05-09,05:47:00,NY,Credit Card,Approved,False,None
1354,217,Restaurant,468.87,2026-03-06,11:42:00,TX,Mobile Wallet,Approved,False,None
1326,219,Grocery,1764.46,2026-02-08,18:58:00,NY,Credit Card,Approved,False,None
1048,248,Restaurant,1462.51,2025-12-15,00:15:00,FL,Debit Card,Approved,False,None
1181,247,Travel,1973.58,2025-06-25,12:24:00,CA,Debit Card,Approved,False,None
1037,223,Retail,1602.93,2026-03-21,07:31:00,FL,Mobile Wallet,Approved,False,None
1177,237,Gas,975.77,2025-12-29,08:50:00,IL,Debit Card,Approved,False,None
1173,229,Gas,1714.14,2026-02-24,22:33:00,CA,Mobile Wallet,Approved,False,None
1404,203,Gas,153.63,2025-07-05,06:07:00,CA,Mobile Wallet,Approved,False,None
1077,238,Grocery,1670.81,2026-01-10,05:43:00,IL,Debit Card,Approved,False,None
1397,226,Electronics,1493.22,2025-08-31,17:57:00,FL,Mobile Wallet,Approved,False,None
1140,211,Electronics,40.5,2026-02-21,15:37:00,CA,Credit Card,Approved,False,None
1086,246,Travel,639.53,2026-03-19,21:45:00,FL,Mobile Wallet,Approved,False,None
1305,241,Gas,457.69,2025-12-06,02:48:00,NY,Debit Card,Approved,False,None
1043,248,Restaurant,136.4,2025-08-12,13:12:00,TX,Credit Card,Approved,False,None
1098,208,Restaurant,213.29,2025-10-14,09:35:00,NY,Mobile Wallet,Approved,False,None
1004,229,Travel,556.77,2025-12-18,15:37:00,TX,Credit Card,Approved,False,None
1043,203,Electronics,1373.3,2026-03-13,05:47:00,IL,Debit Card,Approved,False,None
1000,237,Gas,1554.84,2025-08-09,16:57:00,IL,Credit Card,Approved,False,None
1219,239,Electronics,710.2,2025-12-26,13:47:00,CA,Debit Card,Approved,False,None
1178,232,Grocery,499.01,2026-01-20,01:09:00,CA,Mobile Wallet,Approved,False,None
1163,223,Grocery,1365.84,2026-04-26,12:33:00,CA,Debit Card,Approved,False,None
1405,245,Restaurant,1277.74,2025-12-27,08:02:00,IL,Mobile Wallet,Approved,False,None
1323,205,Restaurant,1951.81,2026-05-04,13:24:00,CA,Debit Card,Approved,False,None
1247,240,Electronics,1292.83,2025-08-20,10:55:00,IL,Credit Card,Approved,False,None
1288,200,Travel,1615.57,2025-07-26,22:17:00,TX,Mobile Wallet,Approved,False,None
1361,219,Retail,201.17,2026-03-30,00:09:00,TX,Debit Card,Approved,False,None
1455,216,Grocery,675.88,2026-01-07,07:09:00,FL,Mobile Wallet,Approved,False,None
1317,220,Gas,711.27,2025-11-22,16:28:00,TX,Credit Card,Approved,False,None
1447,209,Travel,326.65,2026-06-11,12:02:00,FL,Mobile Wallet,Approved,True,Stolen Card
1500,243,Retail,1888.75,2025-08-23,22:58:00,TX,Debit Card,Approved,False,None
1486,227,Gas,1114.44,2025-10-19,02:52:00,IL,Debit Card,Approved,False,None
1079,223,Electronics,171.17,2025-09-07,06:48:00,FL,Credit Card,Approved,False,None
1407,213,Travel,1327.14,2025-08-04,03:02:00,FL,Mobile Wallet,Approved,False,None
1341,232,Restaurant,900.96,2025-10-23,22:59:00,NY,Credit Card,Approved,False,None
1448,223,Electronics,1739.22,2025-06-28,21:49:00,CA,Mobile Wallet,Approved,False,None
1372,249,Retail,1846.7,2025-09-29,08:36:00,NY,Credit Card,Approved,False,None
1441,239,Electronics,922.8,2025-08-18,03:05:00,CA,Mobile Wallet,Approved,False,None
1311,221,Grocery,838.24,2026-05-13,06:57:00,NY,Debit Card,Approved,False,None
1057,200,Gas,1149.71,2026-01-22,16:06:00,TX,Debit Card,Approved,False,None
1220,250,Grocery,1485.44,2025-11-03,11:07:00,FL,Debit Card,Approved,False,None
1360,205,Grocery,1063.79,2026-01-23,15:23:00,TX,Debit Card,Approved,True,Stolen Card
1406,243,Travel,1367.24,2026-06-21,23:29:00,FL,Credit Card,Approved,False,None
1042,217,Travel,684.62,2026-05-07,03:52:00,TX,Mobile Wallet,Approved,False,None
1115,205,Travel,1534.86,2026-02-26,22:57:00,IL,Debit Card,Approved,False,None
1108,205,Electronics,1076.59,2025-10-10,08:20:00,FL,Mobile Wallet,Approved,False,None
1447,210,Restaurant,793.34,2025-07-22,03:17:00,NY,Credit Card,Approved,False,None
1262,216,Grocery,248.83,2025-09-19,23:35:00,FL,Debit Card,Approved,False,None
1020,208,Grocery,7.96,2026-05-16,20:44:00,NY,Debit Card,Approved,False,None
1249,217,Grocery,108.52,2026-02-22,07:13:00,NY,Debit Card,Approved,False,None
1038,232,Gas,967.13,2025-07-24,22:19:00,TX,Mobile Wallet,Approved,False,None
1007,202,Retail,1573.91,2026-03-22,15:19:00,TX,Mobile Wallet,Approved,False,None
1160,227,Electronics,1471.93,2025-09-06,19:38:00,IL,Mobile Wallet,Approved,False,None
1115,221,Electronics,165.14,2025-11-08,22:31:00,IL,Credit Card,Approved,False,None
1432,230,Gas,1677.55,2026-03-04,20:08:00,IL,Credit Card,Approved,False,None
1018,222,Gas,435.97,2026-02-04,19:16:00,NY,Credit Card,Approved,False,None
1097,210,Retail,110.74,2025-10-17,02:04:00,CA,Credit Card,Approved,False,None
1042,210,Restaurant,1530.23,2025-07-09,20:31:00,CA,Debit Card,Approved,False,None
1004,235,Restaurant,1192.43,2025-09-01,02:12:00,NY,Mobile Wallet,Approved,False,None
1275,215,Retail,602.84,2025-10-17,17:02:00,FL,Credit Card,Approved,False,None
1211,228,Electronics,1097.59,2025-07-13,09:16:00,FL,Debit Card,Approved,False,None
1466,238,Electronics,1871.17,2026-01-11,07:45:00,IL,Mobile Wallet,Approved,False,None
1101,233,Retail,79.98,2026-06-01,03:42:00,TX,Debit Card,Approved,False,None
1420,230,Grocery,1166.25,2026-05-18,13:12:00,IL,Debit Card,Approved,False,None
1200,219,Gas,1277.93,2025-08-18,04:59:00,IL,Credit Card,Approved,False,None
1361,203,Gas,1496.39,2025-11-28,07:27:00,CA,Debit Card,Approved,False,None
1304,203,Grocery,326.4,2025-08-12,22:14:00,CA,Debit Card,Approved,False,None
1024,209,Retail,273.62,2026-05-14,11:09:00,CA,Debit Card,Approved,False,None
1311,249,Restaurant,19.61,2025-08-30,05:02:00,FL,Debit Card,Approved,False,None
1227,227,Retail,585.32,2026-03-25,12:18:00,CA,Credit Card,Approved,True,Friendly Fraud
1399,224,Retail,50.21,2026-06-05,10:36:00,IL,Mobile Wallet,Approved,False,None
1085,202,Grocery,999.2,2025-10-11,12:10:00,CA,Debit Card,Approved,False,None
1402,239,Travel,1898.15,2025-07-14,13:05:00,FL,Credit Card,Approved,False,None
1340,211,Electronics,1593.67,2025-08-09,19:43:00,NY,Debit Card,Approved,False,None
1098,232,Travel,661.56,2026-04-18,14:29:00,IL,Debit Card,Approved,False,None
1277,238,Grocery,1295.75,2025-11-06,18:45:00,IL,Mobile Wallet,Approved,False,None
1472,232,Travel,1592.88,2025-10-31,12:55:00,CA,Debit Card,Approved,False,None
1052,237,Grocery,1418.74,2026-02-19,22:04:00,FL,Mobile Wallet,Approved,False,None
1335,246,Electronics,46.5,2025-12-21,15:13:00,NY,Debit Card,Approved,False,None
1133,200,Restaurant,1953.39,2026-04-07,06:39:00,NY,Debit Card,Approved,False,None
1281,235,Retail,1739.16,2026-02-16,01:10:00,FL,Credit Card,Approved,False,None
1175,242,Retail,1628.01,2026-05-11,23:58:00,TX,Mobile Wallet,Approved,False,None
1150,205,Gas,734.19,2025-08-08,08:48:00,IL,Debit Card,Approved,False,None
1106,232,Travel,157.74,2025-08-05,07:07:00,CA,Mobile Wallet,Approved,False,None
1150,205,Restaurant,295.26,2025-12-07,11:47:00,NY,Credit Card,Approved,False,None
1058,249,Grocery,1759.33,2025-08-20,02:11:00,TX,Debit Card,Approved,False,None
1464,200,Grocery,1326.96,2025-06-28,00:35:00,TX,Debit Card,Approved,False,None
1188,212,Gas,61.11,2026-06-24,11:36:00,TX,Credit Card,Approved,False,None
1311,200,Gas,60.09,2026-05-24,21:45:00,NY,Mobile Wallet,Approved,False,None
1191,207,Electronics,1473.2,2026-03-14,03:37:00,CA,Debit Card,Approved,False,None
1017,246,Electronics,480.67,2025-07-23,07:40:00,TX,Credit Card,Approved,False,None
1335,235,Travel,913.79,2025-07-16,01:37:00,NY,Mobile Wallet,Approved,False,None
1459,235,Restaurant,438.5,2026-06-13,05:10:00,NY,Credit Card,Approved,False,None
1004,223,Restaurant,145.87,2026-01-29,03:06:00,FL,Debit Card,Approved,False,None
1403,203,Grocery,1768.57,2026-04-26,00:02:00,TX,Mobile Wallet,Approved,False,None
1134,243,Restaurant,979.83,2026-02-28,20:40:00,FL,Debit Card,Approved,False,None
1057,205,Restaurant,236.43,2025-07-17,20:49:00,NY,Debit Card,Approved,False,None
1118,224,Grocery,984.33,2026-02-18,03:18:00,FL,Debit Card,Approved,False,None
1270,250,Grocery,1377.59,2025-07-03,10:28:00,TX,Credit Card,Approved,False,None
1284,224,Electronics,278.48,2025-09-25,07:42:00,FL,Mobile Wallet,Approved,False,None
1353,204,Restaurant,565.96,2025-12-23,11:55:00,FL,Credit Card,Approved,False,None
1304,235,Gas,681.24,2025-06-29,16:59:00,IL,Credit Card,Approved,False,None
1224,210,Travel,1863.56,2026-04-14,16:17:00,TX,Debit Card,Approved,False,None
1417,211,Travel,784.48,2026-01-16,13:58:00,CA,Credit Card,Approved,False,None
1394,244,Retail,166.0,2026-02-24,16:19:00,IL,Credit Card,Approved,False,None
1466,242,Travel,1651.39,2026-05-21,18:47:00,CA,Mobile Wallet,Approved,False,None
1209,218,Retail,1157.62,2025-09-01,14:35:00,TX,Credit Card,Approved,False,None
1133,235,Electronics,1600.83,2025-08-10,10:38:00,TX,Mobile Wallet,Approved,False,None
1100,222,Gas,1883.21,2025-07-29,06:04:00,TX,Debit Card,Approved,False,None
1225,248,Restaurant,1516.96,2026-05-23,21:31:00,FL,Debit Card,Approved,False,None
1112,225,Restaurant,1797.52,2025-06-30,12:48:00,IL,Debit Card,Approved,False,None
1142,246,Grocery,1202.93,2026-02-07,09:45:00,IL,Mobile Wallet,Approved,False,None
1164,213,Travel,995.63,2025-10-05,16:26:00,FL,Credit Card,Approved,False,None
1323,244,Retail,1269.46,2025-07-25,03:24:00,IL,Mobile Wallet,Approved,False,None
1479,235,Retail,824.7,2025-11-29,10:56:00,FL,Mobile Wallet,Approved,False,None
1019,228,Electronics,1601.01,2026-06-20,10:39:00,NY,Credit Card,Approved,False,None
1437,236,Grocery,19.65,2026-01-11,19:38:00,FL,Credit Card,Approved,False,None
1334,214,Gas,14.88,2025-10-31,08:09:00,TX,Debit Card,Approved,False,None
1031,238,Grocery,1734.22,2026-05-14,18:32:00,CA,Mobile Wallet,Approved,False,None
1474,232,Retail,9.58,2025-12-01,15:32:00,IL,Credit Card,Approved,False,None
1048,225,Travel,1917.6,2025-09-10,07:17:00,CA,Debit Card,Approved,False,None
1290,234,Electronics,1617.71,2026-01-08,09:00:00,FL,Debit Card,Approved,False,None
1030,230,Gas,728.91,2026-02-11,13:10:00,NY,Mobile Wallet,Approved,False,None
1232,231,Electronics,867.26,2025-10-24,16:26:00,CA,Credit Card,Approved,False,None
1167,218,Retail,340.0,2025-07-16,07:08:00,TX,Credit Card,Approved,False,None
1017,234,Electronics,823.05,2025-11-23,18:59:00,TX,Mobile Wallet,Approved,False,None
1261,223,Gas,837.07,2025-08-16,23:04:00,FL,Mobile Wallet,Approved,False,None
1457,221,Restaurant,869.9,2025-12-16,16:58:00,TX,Credit Card,Approved,False,None
1295,219,Electronics,835.49,2026-01-27,14:24:00,NY,Credit Card,Approved,False,None
1306,236,Gas,1263.74,2025-09-21,06:47:00,NY,Debit Card,Approved,False,None
1158,249,Retail,1238.78,2026-03-03,03:50:00,TX,Credit Card,Approved,False,None
1176,200,Gas,1019.51,2026-05-06,19:56:00,IL,Credit Card,Approved,False,None
1353,202,Grocery,1678.15,2026-02-04,15:43:00,CA,Mobile Wallet,Approved,False,None
1191,202,Travel,340.37,2025-11-10,17:38:00,CA,Credit Card,Approved,False,None
1488,228,Electronics,493.96,2025-09-19,13:30:00,NY,Mobile Wallet,Approved,False,None
1127,226,Retail,1818.07,2025-07-03,02:21:00,TX,Debit Card,Approved,False,None
1464,203,Grocery,40.52,2025-10-27,16:31:00,FL,Mobile Wallet,Approved,False,None
1405,212,Travel,81.23,2025-09-30,09:22:00,TX,Mobile Wallet,Approved,False,None
1230,208,Grocery,892.69,2026-05-24,14:55:00,CA,Credit Card,Approved,False,None
1490,206,Electronics,151.1,2026-02-19,12:44:00,TX,Debit Card,Approved,False,None
1342,238,Retail,1715.99,2025-12-24,20:59:00,NY,Mobile Wallet,Approved,False,None
1178,203,Travel,1551.98,2026-02-26,21:29:00,FL,Mobile Wallet,Approved,False,None
1382,203,Restaurant,432.48,2025-08-22,22:19:00,TX,Credit Card,Approved,False,None
1358,201,Grocery,737.08,2026-01-24,22:37:00,TX,Debit Card,Approved,False,None
1051,247,Retail,791.63,2025-07-03,07:52:00,FL,Credit Card,Approved,True,Account Takeover
1473,217,Grocery,318.95,2026-02-24,22:14:00,NY,Credit Card,Approved,True,Friendly Fraud
1295,231,Retail,594.04,2025-11-09,05:51:00,NY,Mobile Wallet,Approved,False,None
1216,243,Grocery,1043.9,2025-12-07,06:30:00,FL,Debit Card,Approved,False,None
1374,247,Retail,73.84,2026-02-07,06:07:00,NY,Debit Card,Approved,False,None
1148,247,Grocery,278.41,2026-01-21,12:07:00,NY,Debit Card,Approved,False,None
1008,239,Restaurant,1728.51,2025-07-27,09:49:00,IL,Mobile Wallet,Approved,False,None
1441,204,Travel,189.11,2026-02-02,13:15:00,IL,Debit Card,Approved,False,None
1360,200,Electronics,1902.84,2025-11-11,02:36:00,CA,Credit Card,Approved,False,None
1014,205,Electronics,1647.05,2025-08-29,07:04:00,IL,Debit Card,Approved,False,None
1212,242,Grocery,1628.24,2026-02-02,22:36:00,FL,Mobile Wallet,Approved,False,None
1343,215,Travel,139.45,2026-06-03,13:51:00,FL,Mobile Wallet,Approved,False,None
1381,229,Grocery,978.18,2025-12-21,15:42:00,IL,Debit Card,Approved,False,None
1076,247,Gas,1610.19,2025-07-14,05:48:00,NY,Debit Card,Approved,False,None
1198,222,Electronics,453.94,2025-12-04,17:13:00,CA,Mobile Wallet,Approved,False,None
1324,221,Grocery,393.73,2025-08-20,19:20:00,IL,Credit Card,Approved,False,None
1303,207,Electronics,1177.63,2026-02-03,10:07:00,CA,Credit Card,Approved,False,None
1478,244,Travel,1077.24,2026-05-07,23:29:00,TX,Credit Card,Approved,False,None
1355,224,Gas,1520.3,2025-08-19,00:07:00,NY,Credit Card,Approved,False,None
1030,250,Grocery,1309.53,2025-09-20,22:54:00,NY,Mobile Wallet,Approved,False,None
1038,234,Travel,739.04,2026-04-25,18:53:00,NY,Credit Card,Approved,False,None
1278,218,Grocery,326.86,2025-09-23,21:00:00,FL,Debit Card,Approved,False,None
1319,234,Electronics,391.86,2026-05-14,20:06:00,IL,Debit Card,Approved,False,None
1139,229,Electronics,295.33,2026-05-24,00:57:00,TX,Mobile Wallet,Approved,False,None
1141,221,Travel,806.99,2025-11-16,16:53:00,NY,Credit Card,Approved,False,None
1166,238,Restaurant,781.62,2025-11-02,04:58:00,FL,Mobile Wallet,Approved,False,None
1294,249,Grocery,800.11,2025-10-18,02:37:00,FL,Mobile Wallet,Approved,False,None
1332,244,Restaurant,238.53,2026-04-11,17:24:00,TX,Credit Card,Approved,False,None
1335,244,Retail,985.33,2025-07-15,10:24:00,TX,Credit Card,Approved,False,None
1487,237,Restaurant,205.36,2025-09-08,05:48:00,IL,Debit Card,Approved,False,None
1082,208,Grocery,28.76,2026-05-24,16:48:00,IL,Mobile Wallet,Approved,False,None
1369,204,Gas,1321.49,2025-12-18,19:13:00,TX,Mobile Wallet,Approved,False,None
1159,233,Electronics,88.22,2026-03-20,05:17:00,IL,Debit Card,Approved,False,None
1080,228,Grocery,86.21,2026-03-26,02:08:00,IL,Debit Card,Approved,False,None
1006,223,Gas,1525.23,2026-04-16,10:25:00,FL,Debit Card,Approved,False,None
1219,235,Electronics,675.21,2026-02-17,00:55:00,TX,Mobile Wallet,Approved,False,None
1053,241,Retail,56.62,2025-12-29,09:41:00,NY,Credit Card,Approved,True,Account Takeover
1027,226,Gas,1140.52,2025-08-02,14:27:00,FL,Credit Card,Approved,False,None
1423,234,Gas,1376.06,2025-07-16,08:49:00,NY,Debit Card,Approved,False,None
1103,227,Grocery,857.36,2026-01-16,01:33:00,TX,Mobile Wallet,Approved,False,None
1305,227,Restaurant,685.57,2025-08-16,11:56:00,FL,Debit Card,Approved,False,None
1039,222,Retail,1710.6,2026-06-21,10:48:00,TX,Credit Card,Approved,False,None
1439,229,Retail,1942.98,2025-07-27,07:50:00,NY,Credit Card,Approved,False,None
1198,215,Travel,1470.94,2025-07-09,09:39:00,NY,Credit Card,Approved,False,None
1094,206,Gas,157.81,2025-11-19,21:36:00,IL,Debit Card,Approved,False,None
1237,204,Retail,1438.09,2026-01-17,04:42:00,TX,Credit Card,Approved,False,None
1400,236,Retail,304.97,2026-02-04,12:38:00,IL,Debit Card,Approved,False,None
1418,229,Grocery,490.65,2025-11-22,18:31:00,NY,Debit Card,Approved,False,None
1348,238,Electronics,627.42,2025-11-12,16:19:00,TX,Debit Card,Approved,False,None
1302,220,Restaurant,324.33,2025-06-28,04:14:00,TX,Mobile Wallet,Approved,False,None
1076,242,Gas,240.62,2025-08-15,04:54:00,FL,Mobile Wallet,Approved,False,None
1410,210,Grocery,1580.44,2026-03-23,14:50:00,NY,Mobile Wallet,Approved,False,None
1018,212,Grocery,348.9,2025-06-28,10:22:00,TX,Credit Card,Approved,False,None
1125,203,Grocery,1414.51,2025-08-14,03:42:00,IL,Mobile Wallet,Approved,False,None
1420,210,Retail,1918.34,2026-05-28,22:47:00,IL,Credit Card,Approved,False,None
1235,201,Restaurant,58.64,2026-02-03,13:51:00,CA,Credit Card,Approved,False,None
1202,234,Gas,1969.22,2026-03-30,03:13:00,NY,Debit Card,Approved,False,None
1200,249,Gas,1731.01,2026-03-12,01:03:00,CA,Debit Card,Approved,False,None
1212,219,Travel,139.08,2025-11-13,03:38:00,TX,Mobile Wallet,Approved,False,None
1160,206,Retail,1781.86,2026-02-23,00:06:00,FL,Mobile Wallet,Approved,False,None
1090,224,Retail,475.04,2026-05-16,01:56:00,NY,Debit Card,Approved,False,None
1332,200,Restaurant,826.93,2026-01-02,18:44:00,TX,Debit Card,Approved,False,None
1096,210,Electronics,1184.62,2025-11-21,14:49:00,NY,Mobile Wallet,Approved,False,None
1479,211,Electronics,738.34,2025-09-20,21:02:00,TX,Credit Card,Approved,False,None
1221,234,Retail,161.83,2025-08-05,23:37:00,TX,Credit Card,Approved,False,None
1320,228,Grocery,286.07,2026-06-19,18:51:00,TX,Debit Card,Approved,False,None
1032,233,Electronics,1076.99,2026-04-13,12:43:00,CA,Credit Card,Approved,False,None
1137,250,Electronics,95.55,2025-07-09,10:39:00,CA,Debit Card,Approved,False,None
1074,205,Restaurant,470.45,2026-04-25,10:31:00,TX,Debit Card,Approved,False,None
1233,214,Electronics,1304.95,2025-08-15,15:48:00,CA,Mobile Wallet,Approved,False,None
1039,214,Restaurant,950.65,2026-05-20,04:52:00,FL,Mobile Wallet,Approved,False,None
1021,227,Retail,1452.48,2025-09-08,20:34:00,IL,Debit Card,Approved,False,None
1433,212,Gas,1240.1,2025-08-07,17:40:00,CA,Debit Card,Approved,False,None
1370,221,Grocery,1992.16,2026-03-05,23:57:00,CA,Credit Card,Approved,False,None
1017,223,Restaurant,54.37,2025-10-13,16:03:00,CA,Credit Card,Approved,False,None
1398,229,Retail,1030.31,2025-10-25,05:09:00,NY,Credit Card,Approved,False,None
1153,215,Electronics,1280.76,2025-09-07,03:03:00,NY,Credit Card,Approved,False,None
1126,204,Restaurant,97.99,2025-11-08,15:13:00,IL,Mobile Wallet,Approved,False,None
1343,250,Electronics,594.53,2025-07-30,15:49:00,NY,Mobile Wallet,Approved,False,None
1128,224,Grocery,518.11,2026-05-17,02:31:00,TX,Credit Card,Approved,False,None
1053,215,Retail,536.94,2026-05-13,23:53:00,IL,Debit Card,Approved,False,None
1442,204,Travel,1573.23,2025-08-15,15:00:00,CA,Mobile Wallet,Approved,False,None
1173,248,Electronics,1759.41,2026-03-26,06:41:00,IL,Credit Card,Approved,False,None
1500,232,Travel,930.91,2026-05-14,17:18:00,TX,Credit Card,Approved,False,None
1381,239,Retail,1247.63,2025-08-31,18:43:00,NY,Debit Card,Approved,False,None
1380,228,Grocery,434.95,2025-10-03,00:05:00,TX,Credit Card,Approved,False,None
1049,241,Grocery,1504.03,2026-05-11,03:24:00,NY,Mobile Wallet,Approved,True,Account Takeover
1311,237,Retail,1358.0,2025-12-04,21:44:00,NY,Debit Card,Approved,False,None
1026,200,Electronics,1842.46,2026-02-19,19:51:00,NY,Mobile Wallet,Approved,False,None
1009,210,Travel,1786.74,2025-09-22,09:22:00,TX,Debit Card,Approved,True,Stolen Card
1446,249,Electronics,1229.17,2025-07-21,21:15:00,FL,Credit Card,Approved,False,None
1118,205,Retail,533.61,2025-10-24,02:27:00,CA,Debit Card,Approved,False,None
1040,212,Grocery,1809.55,2025-10-07,23:03:00,FL,Debit Card,Approved,False,None
1360,203,Gas,1773.48,2025-08-30,16:07:00,FL,Credit Card,Approved,True,Account Takeover
1018,223,Electronics,27.78,2025-10-01,16:36:00,NY,Mobile Wallet,Approved,False,None
1481,244,Retail,1587.07,2026-02-01,20:06:00,IL,Mobile Wallet,Approved,False,None
1407,231,Grocery,1623.02,2026-03-30,13:59:00,IL,Mobile Wallet,Approved,False,None
1071,222,Gas,1311.56,2025-11-14,18:46:00,TX,Debit Card,Approved,False,None
1403,242,Restaurant,11.77,2026-03-28,11:12:00,TX,Debit Card,Approved,False,None
1474,247,Electronics,1484.2,2025-10-23,11:37:00,NY,Mobile Wallet,Approved,False,None
1480,237,Grocery,339.53,2026-03-27,03:17:00,FL,Debit Card,Approved,True,Stolen Card
1190,200,Gas,507.96,2025-08-05,02:00:00,NY,Credit Card,Approved,False,None
1038,221,Electronics,164.62,2025-12-15,21:20:00,NY,Debit Card,Approved,False,None
1193,223,Grocery,929.53,2026-06-06,04:07:00,TX,Mobile Wallet,Approved,False,None
1155,232,Grocery,48.54,2026-04-23,09:51:00,FL,Credit Card,Approved,False,None
1001,243,Restaurant,500.8,2025-07-13,06:00:00,FL,Credit Card,Approved,False,None
1481,221,Gas,1739.45,2026-04-18,12:53:00,IL,Credit Card,Approved,False,None
1118,226,Restaurant,1318.54,2026-05-23,08:13:00,NY,Mobile Wallet,Approved,False,None
1244,202,Restaurant,239.09,2025-07-02,13:24:00,CA,Credit Card,Approved,False,None
1075,229,Restaurant,1764.19,2025-07-10,17:54:00,IL,Credit Card,Approved,False,None
1430,227,Grocery,119.04,2026-06-15,19:18:00,CA,Debit Card,Approved,False,None
1313,248,Retail,869.53,2025-07-11,17:25:00,FL,Credit Card,Approved,True,Friendly Fraud
1388,238,Travel,1729.6,2025-08-26,18:52:00,CA,Debit Card,Approved,False,None
1027,247,Grocery,1673.83,2025-12-17,01:33:00,NY,Mobile Wallet,Approved,False,None
1015,206,Gas,1649.1,2025-08-14,00:52:00,CA,Credit Card,Approved,False,None
1153,220,Travel,940.93,2025-09-07,22:05:00,IL,Mobile Wallet,Approved,False,None
1372,213,Travel,1970.08,2025-10-02,11:33:00,FL,Mobile Wallet,Approved,False,None
1150,221,Gas,1221.18,2026-02-18,05:03:00,TX,Credit Card,Approved,False,None
1010,212,Travel,1187.75,2026-01-05,16:17:00,TX,Debit Card,Approved,False,None
1495,246,Travel,1504.49,2025-12-07,14:20:00,IL,Mobile Wallet,Approved,False,None
1481,234,Gas,1180.3,2025-08-24,00:25:00,CA,Mobile Wallet,Approved,False,None
1069,233,Restaurant,871.63,2025-10-10,05:50:00,TX,Debit Card,Approved,False,None
1167,232,Electronics,1778.47,2025-11-30,15:46:00,CA,Mobile Wallet,Approved,False,None
1048,232,Restaurant,1932.3,2026-05-30,03:03:00,IL,Debit Card,Approved,False,None
1298,201,Electronics,406.77,2025-09-04,23:27:00,FL,Debit Card,Approved,False,None
1468,218,Grocery,1866.91,2025-07-13,17:34:00,TX,Mobile Wallet,Approved,False,None
1193,225,Travel,252.83,2026-06-18,11:02:00,CA,Mobile Wallet,Approved,False,None
1406,231,Electronics,1938.7,2026-05-01,17:43:00,FL,Credit Card,Approved,False,None
1293,240,Electronics,1697.47,2026-01-13,13:04:00,TX,Debit Card,Approved,False,None
1076,218,Gas,866.98,2025-09-01,08:31:00,CA,Debit Card,Approved,False,None
1336,238,Travel,1113.86,2025-12-05,01:07:00,NY,Credit Card,Approved,False,None
1081,225,Grocery,568.02,2025-09-25,14:33:00,NY,Debit Card,Approved,False,None
1143,242,Electronics,569.26,2025-08-23,08:24:00,FL,Mobile Wallet,Approved,False,None
1472,227,Grocery,491.9,2025-08-08,12:10:00,NY,Debit Card,Approved,False,None
1136,245,Grocery,1476.11,2025-12-16,19:24:00,TX,Mobile Wallet,Approved,False,None
1214,218,Restaurant,1817.44,2026-05-05,01:19:00,NY,Mobile Wallet,Approved,False,None
1133,206,Restaurant,250.77,2025-12-01,06:15:00,IL,Credit Card,Approved,False,None
1451,233,Grocery,202.57,2025-11-19,15:48:00,IL,Debit Card,Approved,False,None
1484,225,Gas,988.01,2026-03-10,16:47:00,FL,Mobile Wallet,Approved,False,None
1449,205,Restaurant,1455.84,2026-03-16,17:13:00,IL,Debit Card,Approved,False,None
1471,208,Electronics,1021.91,2025-12-11,13:52:00,CA,Credit Card,Approved,False,None
1046,207,Gas,1053.62,2025-12-24,10:40:00,TX,Debit Card,Approved,False,None
1237,244,Retail,1127.02,2026-06-04,08:09:00,IL,Debit Card,Approved,False,None
1075,239,Gas,1964.26,2026-02-05,01:21:00,TX,Debit Card,Approved,False,None
1123,229,Grocery,698.48,2026-02-13,10:28:00,FL,Credit Card,Approved,False,None
1272,242,Restaurant,1102.66,2026-05-11,21:26:00,NY,Credit Card,Approved,False,None
1479,238,Grocery,152.11,2026-04-24,05:16:00,TX,Credit Card,Approved,False,None
1449,244,Restaurant,218.33,2025-12-13,02:13:00,IL,Debit Card,Approved,False,None
1297,221,Travel,1500.11,2025-09-23,13:42:00,CA,Mobile Wallet,Approved,False,None
1496,207,Gas,903.28,2025-07-02,03:28:00,IL,Mobile Wallet,Approved,False,None
1471,220,Restaurant,1957.99,2026-02-28,20:06:00,FL,Debit Card,Approved,False,None
1371,231,Electronics,1979.78,2025-11-23,06:00:00,CA,Debit Card,Approved,False,None
1250,239,Electronics,1521.08,2026-05-23,09:26:00,IL,Mobile Wallet,Approved,False,None
1435,227,Grocery,1040.22,2026-04-20,16:44:00,NY,Credit Card,Approved,False,None
1310,243,Travel,1613.21,2025-11-30,13:13:00,IL,Debit Card,Approved,False,None
1192,222,Retail,1681.58,2025-07-16,10:25:00,IL,Debit Card,Approved,False,None
1230,215,Retail,597.52,2025-12-01,13:52:00,CA,Debit Card,Approved,False,None
1290,223,Retail,342.09,2025-10-10,03:35:00,NY,Debit Card,Approved,False,None
1246,220,Retail,371.06,2025-07-20,04:27:00,TX,Debit Card,Approved,False,None
1284,243,Travel,24.17,2026-04-24,14:33:00,CA,Debit Card,Approved,False,None
1485,217,Grocery,1317.94,2026-02-05,10:59:00,IL,Credit Card,Approved,False,None
1021,250,Restaurant,140.27,2025-08-07,13:51:00,IL,Credit Card,Approved,False,None
1175,217,Travel,73.98,2026-03-23,11:26:00,CA,Debit Card,Approved,False,None
1164,238,Travel,1167.71,2026-02-04,17:16:00,TX,Credit Card,Approved,False,None
1344,234,Electronics,470.85,2025-11-28,20:21:00,FL,Mobile Wallet,Approved,False,None
1233,250,Gas,401.55,2025-11-21,06:20:00,CA,Mobile Wallet,Approved,False,None
1194,242,Gas,1387.87,2025-10-12,20:55:00,TX,Debit Card,Approved,False,None
1299,221,Grocery,1279.49,2026-04-09,12:55:00,FL,Debit Card,Approved,False,None
1176,207,Retail,1450.55,2025-11-25,19:04:00,TX,Debit Card,Approved,False,None
1433,203,Grocery,1503.45,2026-03-22,14:54:00,CA,Credit Card,Approved,False,None
1264,228,Restaurant,126.3,2026-03-22,23:45:00,TX,Debit Card,Approved,False,None
1224,247,Travel,1692.1,2025-09-11,22:45:00,NY,Credit Card,Approved,False,None
1146,247,Retail,620.69,2025-10-05,00:11:00,IL,Mobile Wallet,Approved,False,None
1170,207,Restaurant,823.94,2026-02-18,13:38:00,CA,Credit Card,Approved,False,None
1456,247,Electronics,559.34,2026-06-15,17:53:00,TX,Debit Card,Approved,False,None
1202,215,Restaurant,698.38,2025-11-24,03:42:00,FL,Credit Card,Approved,False,None
1311,211,Electronics,56.5,2026-02-11,20:25:00,NY,Mobile Wallet,Approved,False,None
1387,224,Restaurant,619.19,2025-12-14,11:06:00,NY,Mobile Wallet,Approved,False,None
1075,239,Grocery,557.4,2025-09-22,08:15:00,NY,Mobile Wallet,Approved,False,None
1321,229,Gas,1641.29,2026-06-03,20:46:00,NY,Mobile Wallet,Approved,False,None
1332,233,Retail,1972.97,2025-07-22,16:14:00,NY,Credit Card,Approved,False,None
1251,246,Restaurant,420.51,2025-08-03,15:10:00,IL,Credit Card,Approved,False,None
1361,204,Restaurant,470.87,2026-01-05,15:30:00,IL,Debit Card,Approved,False,None
1138,246,Restaurant,1705.65,2026-05-08,19:36:00,IL,Mobile Wallet,Approved,False,None
1229,248,Grocery,1876.66,2026-05-22,11:11:00,IL,Credit Card,Approved,False,None
1061,236,Electronics,1333.52,2025-07-09,18:09:00,FL,Credit Card,Approved,False,None
1110,225,Grocery,1360.47,2025-09-12,11:55:00,NY,Credit Card,Approved,False,None
1051,243,Electronics,544.09,2025-12-12,07:21:00,CA,Mobile Wallet,Approved,False,None
1065,215,Travel,976.87,2026-05-10,05:28:00,FL,Debit Card,Approved,False,None
1429,220,Gas,557.55,2025-12-13,01:59:00,IL,Debit Card,Approved,False,None
1031,201,Grocery,1539.36,2026-04-27,09:35:00,FL,Credit Card,Approved,False,None
1412,244,Retail,441.37,2025-08-29,16:51:00,NY,Mobile Wallet,Approved,False,None
1312,234,Grocery,1203.81,2026-05-23,06:56:00,NY,Debit Card,Approved,True,Account Takeover
1102,245,Retail,127.49,2026-03-30,11:32:00,IL,Debit Card,Approved,False,None
1326,249,Electronics,846.85,2025-11-09,20:49:00,FL,Mobile Wallet,Approved,False,None
1421,201,Restaurant,801.33,2025-09-03,13:01:00,TX,Credit Card,Approved,False,None
1334,207,Electronics,34.41,2025-11-24,12:05:00,TX,Credit Card,Approved,False,None
1496,220,Retail,579.12,2026-02-25,01:48:00,FL,Mobile Wallet,Approved,False,None
1062,246,Retail,1688.69,2025-11-15,00:28:00,IL,Mobile Wallet,Approved,False,None
1259,203,Grocery,1067.99,2025-12-01,16:06:00,NY,Credit Card,Approved,False,None
1300,238,Travel,952.38,2025-08-10,19:10:00,IL,Credit Card,Approved,False,None
1389,238,Retail,996.82,2025-08-21,07:15:00,IL,Credit Card,Approved,False,None
1247,213,Retail,1794.74,2026-05-05,20:40:00,CA,Credit Card,Approved,False,None
1197,216,Gas,268.49,2025-08-08,00:14:00,NY,Credit Card,Approved,False,None
1233,200,Gas,139.77,2026-05-08,05:39:00,IL,Debit Card,Approved,False,None
1373,226,Grocery,1895.67,2026-01-19,02:38:00,IL,Credit Card,Approved,False,None
1203,214,Grocery,1834.84,2025-12-08,03:53:00,IL,Credit Card,Approved,False,None
1325,236,Restaurant,1120.75,2026-03-27,12:49:00,IL,Credit Card,Approved,False,None
1237,214,Grocery,1085.77,2026-01-03,00:12:00,TX,Credit Card,Approved,False,None
1185,248,Grocery,659.53,2026-01-25,12:53:00,TX,Debit Card,Approved,False,None
1309,225,Grocery,1903.42,2026-04-11,18:52:00,TX,Mobile Wallet,Approved,False,None
1184,215,Electronics,1918.41,2026-04-10,18:30:00,IL,Credit Card,Approved,False,None
1213,212,Retail,1972.21,2025-11-23,17:25:00,NY,Credit Card,Approved,False,None
1104,244,Gas,1581.83,2026-01-20,21:06:00,FL,Debit Card,Approved,False,None
1359,242,Retail,1820.23,2026-01-24,03:52:00,FL,Mobile Wallet,Approved,False,None
1011,213,Travel,513.42,2025-07-24,17:37:00,IL,Credit Card,Approved,False,None
1442,219,Travel,1622.22,2025-10-04,06:28:00,TX,Debit Card,Approved,True,Friendly Fraud
1176,232,Travel,773.77,2025-11-18,02:08:00,CA,Credit Card,Approved,False,None
1026,200,Gas,932.82,2026-05-05,23:45:00,NY,Mobile Wallet,Approved,False,None
1146,241,Restaurant,78.2,2025-12-25,13:27:00,TX,Mobile Wallet,Approved,False,None
1129,200,Restaurant,364.33,2025-10-03,09:49:00,IL,Mobile Wallet,Approved,False,None
1212,205,Grocery,998.71,2026-03-16,20:45:00,NY,Debit Card,Approved,False,None
1004,249,Electronics,1624.23,2025-12-17,13:47:00,CA,Credit Card,Approved,False,None
1272,229,Electronics,748.43,2026-04-20,05:34:00,IL,Debit Card,Approved,False,None
1195,239,Electronics,1369.41,2025-12-11,01:35:00,IL,Mobile Wallet,Approved,False,None
1343,205,Electronics,1361.46,2025-06-25,21:14:00,NY,Debit Card,Approved,False,None
1103,201,Grocery,30.23,2026-04-22,09:19:00,IL,Mobile Wallet,Approved,False,None
1048,211,Electronics,403.24,2026-02-02,16:27:00,NY,Mobile Wallet,Approved,False,None
1089,242,Travel,114.53,2025-12-20,17:25:00,IL,Credit Card,Approved,False,None
1178,234,Restaurant,838.13,2025-10-04,01:11:00,NY,Credit Card,Approved,False,None
1144,219,Retail,1321.16,2025-08-31,01:54:00,CA,Mobile Wallet,Approved,False,None
1185,249,Grocery,279.12,2025-12-21,16:24:00,FL,Mobile Wallet,Approved,False,None
1426,243,Grocery,731.35,2026-06-04,06:13:00,IL,Debit Card,Approved,True,Friendly Fraud
1004,209,Restaurant,1847.82,2026-02-19,18:24:00,IL,Credit Card,Approved,False,None
1157,250,Gas,1360.98,2026-04-10,09:54:00,IL,Credit Card,Approved,False,None
1036,215,Gas,677.69,2025-12-19,01:45:00,CA,Credit Card,Approved,False,None
1374,235,Electronics,432.4,2025-08-20,17:02:00,TX,Mobile Wallet,Approved,False,None
1320,207,Grocery,1087.15,2025-09-15,10:38:00,IL,Credit Card,Approved,False,None
1126,239,Travel,976.94,2025-09-24,06:34:00,FL,Credit Card,Approved,False,None
1461,201,Electronics,1797.15,2025-07-18,14:06:00,NY,Mobile Wallet,Approved,False,None
1308,239,Retail,435.28,2025-09-20,08:28:00,CA,Mobile Wallet,Approved,False,None
1266,244,Restaurant,1145.36,2025-08-06,15:43:00,IL,Credit Card,Approved,False,None
1150,215,Electronics,1781.76,2026-04-09,13:09:00,CA,Mobile Wallet,Approved,False,None
1344,244,Grocery,1303.97,2026-04-15,17:44:00,CA,Mobile Wallet,Approved,False,None
1463,220,Travel,1414.25,2025-07-04,11:46:00,CA,Mobile Wallet,Approved,False,None
1189,206,Travel,167.76,2025-12-22,22:35:00,IL,Credit Card,Approved,False,None
1265,242,Electronics,1106.11,2026-05-03,05:36:00,NY,Debit Card,Approved,False,None
1345,220,Grocery,977.15,2025-06-29,11:24:00,TX,Mobile Wallet,Approved,False,None
1099,205,Electronics,366.52,2026-04-23,15:32:00,TX,Mobile Wallet,Approved,False,None
1172,235,Retail,937.23,2026-06-01,12:17:00,TX,Debit Card,Approved,False,None
1129,214,Gas,1858.74,2025-09-15,03:02:00,NY,Debit Card,Approved,False,None
1257,239,Electronics,850.6,2026-03-05,10:17:00,IL,Mobile Wallet,Approved,False,None
1202,242,Travel,104.38,2025-11-11,15:21:00,IL,Credit Card,Approved,False,None
1096,207,Gas,70.99,2025-08-04,09:06:00,NY,Debit Card,Approved,False,None
1190,244,Travel,1231.04,2026-02-02,16:32:00,CA,Debit Card,Approved,False,None
1111,202,Grocery,208.37,2025-07-08,00:14:00,FL,Mobile Wallet,Approved,False,None
1235,232,Retail,240.61,2026-01-15,23:16:00,TX,Mobile Wallet,Approved,False,None
1235,238,Restaurant,1039.34,2025-09-14,14:22:00,TX,Debit Card,Approved,False,None
1408,244,Travel,1289.06,2026-04-05,06:59:00,NY,Debit Card,Approved,False,None
1473,246,Gas,1967.12,2026-02-05,07:12:00,NY,Credit Card,Approved,False,None
1338,239,Gas,382.72,2025-12-14,17:35:00,IL,Debit Card,Approved,False,None
1315,236,Retail,907.74,2026-02-27,18:45:00,TX,Mobile Wallet,Approved,False,None
1194,235,Travel,1718.11,2026-01-19,06:01:00,TX,Debit Card,Approved,False,None
1396,232,Gas,328.18,2025-09-27,17:56:00,CA,Mobile Wallet,Approved,False,None
1029,211,Grocery,1957.15,2026-05-07,23:25:00,CA,Credit Card,Approved,False,None
1362,238,Gas,1169.63,2025-07-02,07:26:00,IL,Mobile Wallet,Approved,False,None
1444,244,Retail,475.68,2026-03-18,01:19:00,CA,Debit Card,Approved,False,None
1267,225,Grocery,1180.97,2025-07-01,09:47:00,NY,Debit Card,Approved,False,None
1190,227,Gas,1022.17,2026-01-28,14:02:00,IL,Mobile Wallet,Approved,False,None
1376,200,Restaurant,1099.24,2026-03-17,17:06:00,CA,Mobile Wallet,Approved,False,None
1390,217,Electronics,60.06,2025-09-17,18:30:00,TX,Debit Card,Approved,False,None
1214,233,Grocery,818.87,2025-09-20,22:48:00,TX,Debit Card,Approved,False,None
1007,205,Restaurant,1175.97,2025-07-17,03:59:00,IL,Debit Card,Approved,False,None
1069,250,Electronics,915.2,2026-02-28,17:41:00,TX,Credit Card,Approved,False,None
1321,231,Travel,902.96,2026-03-03,09:44:00,IL,Credit Card,Approved,False,None
1443,219,Travel,1116.4,2025-10-16,20:18:00,FL,Mobile Wallet,Approved,False,None
1077,227,Electronics,889.34,2025-08-20,03:46:00,FL,Debit Card,Approved,False,None
1351,240,Grocery,1370.31,2025-07-14,21:05:00,IL,Credit Card,Approved,False,None
1043,205,Electronics,1303.18,2025-06-29,14:41:00,IL,Credit Card,Approved,False,None
1435,207,Gas,1489.76,2026-03-16,07:07:00,NY,Mobile Wallet,Approved,False,None
1336,245,Retail,604.84,2025-10-05,13:03:00,FL,Credit Card,Approved,False,None
1033,228,Retail,475.76,2025-09-23,12:23:00,FL,Debit Card,Approved,False,None
1304,205,Gas,794.73,2025-07-02,23:14:00,NY,Debit Card,Approved,False,None
1496,222,Restaurant,1701.06,2026-02-18,17:53:00,FL,Credit Card,Approved,False,None
1064,209,Travel,577.64,2026-01-19,21:40:00,CA,Mobile Wallet,Approved,False,None
1309,225,Travel,1529.47,2026-01-08,17:46:00,CA,Mobile Wallet,Approved,False,None
1462,241,Retail,1530.08,2025-08-24,21:59:00,IL,Debit Card,Approved,False,None
1079,203,Grocery,1643.51,2025-06-24,21:18:00,IL,Credit Card,Approved,False,None
1202,239,Retail,741.4,2026-01-22,22:00:00,IL,Credit Card,Approved,False,None
1362,242,Retail,183.1,2025-10-04,19:42:00,TX,Debit Card,Approved,False,None
1352,211,Grocery,1289.37,2025-08-26,13:42:00,NY,Mobile Wallet,Approved,False,None
1013,220,Gas,880.96,2025-08-24,17:38:00,FL,Debit Card,Approved,False,None
1473,205,Electronics,624.67,2025-11-03,21:46:00,CA,Debit Card,Approved,False,None
1112,217,Gas,367.4,2026-01-01,14:48:00,NY,Mobile Wallet,Approved,False,None
1492,238,Restaurant,1339.42,2025-10-06,07:23:00,FL,Credit Card,Approved,False,None
1165,204,Grocery,538.11,2026-02-17,19:39:00,NY,Debit Card,Approved,False,None
1223,222,Travel,1126.67,2025-07-09,05:36:00,FL,Credit Card,Approved,False,None
1416,202,Electronics,1302.35,2025-12-27,19:41:00,NY,Debit Card,Approved,False,None
1069,220,Retail,1666.65,2026-03-05,00:09:00,TX,Credit Card,Approved,False,None
1425,214,Travel,1895.34,2025-08-15,22:55:00,TX,Debit Card,Approved,False,None
1208,231,Electronics,486.22,2026-02-06,00:26:00,FL,Mobile Wallet,Approved,False,None
1306,215,Electronics,704.32,2026-05-02,10:20:00,IL,Debit Card,Approved,False,None
1352,231,Grocery,1935.42,2026-06-13,21:27:00,FL,Credit Card,Approved,False,None
1250,224,Electronics,822.43,2026-05-26,11:14:00,TX,Mobile Wallet,Approved,False,None
1161,242,Travel,122.25,2025-07-03,19:23:00,IL,Mobile Wallet,Approved,False,None
1059,243,Travel,1704.75,2026-05-09,17:16:00,CA,Credit Card,Approved,False,None
1110,217,Retail,588.94,2025-09-08,00:08:00,NY,Debit Card,Approved,False,None
1145,225,Travel,484.28,2025-09-04,22:31:00,CA,Credit Card,Approved,False,None
1256,223,Gas,1581.06,2025-10-12,02:19:00,NY,Debit Card,Approved,False,None
1072,220,Electronics,1245.52,2025-11-08,13:44:00,TX,Mobile Wallet,Approved,False,None
1094,219,Restaurant,1271.2,2025-12-02,04:09:00,TX,Credit Card,Approved,False,None
1015,241,Restaurant,1686.96,2026-05-08,19:52:00,TX,Credit Card,Approved,False,None
1472,223,Restaurant,545.74,2026-05-01,15:13:00,CA,Mobile Wallet,Approved,False,None
1493,245,Restaurant,982.5,2026-05-22,13:20:00,FL,Credit Card,Approved,False,None
1321,216,Grocery,1548.34,2025-07-03,04:14:00,TX,Debit Card,Approved,False,None
1461,232,Restaurant,1830.4,2026-04-12,03:57:00,CA,Debit Card,Approved,False,None
1265,245,Travel,706.51,2025-08-23,01:38:00,CA,Credit Card,Approved,False,None
1194,200,Travel,1029.98,2025-07-26,04:10:00,TX,Credit Card,Approved,False,None
1020,219,Electronics,513.33,2025-09-09,14:40:00,FL,Credit Card,Approved,False,None
1019,234,Restaurant,1261.03,2026-01-01,00:20:00,CA,Credit Card,Approved,False,None
1474,245,Grocery,1982.88,2025-12-22,01:08:00,CA,Credit Card,Approved,False,None
1265,226,Gas,1734.1,2026-03-09,15:56:00,CA,Mobile Wallet,Approved,False,None
1218,201,Retail,583.62,2026-04-26,14:31:00,TX,Debit Card,Approved,False,None
1163,235,Retail,953.9,2025-10-09,14:35:00,TX,Mobile Wallet,Approved,False,None
1107,206,Grocery,1328.32,2026-01-06,00:43:00,CA,Debit Card,Approved,False,None
1329,240,Electronics,5.29,2025-12-04,23:20:00,FL,Debit Card,Approved,False,None
1018,205,Retail,679.86,2025-08-08,08:42:00,TX,Debit Card,Approved,False,None
1441,241,Retail,1629.78,2025-08-01,01:03:00,IL,Mobile Wallet,Approved,False,None
1446,204,Electronics,50.42,2026-01-04,23:09:00,NY,Debit Card,Approved,False,None
1462,219,Grocery,642.74,2025-11-05,22:56:00,FL,Credit Card,Approved,False,None
1270,216,Restaurant,161.38,2026-05-08,04:08:00,TX,Mobile Wallet,Approved,False,None
1264,242,Retail,258.9,2026-02-11,19:54:00,NY,Credit Card,Approved,False,None
1189,249,Restaurant,1866.26,2025-10-30,03:50:00,FL,Credit Card,Approved,False,None
1180,200,Electronics,830.99,2025-10-22,01:56:00,TX,Debit Card,Approved,False,None
1453,201,Grocery,407.36,2026-06-02,04:28:00,CA,Mobile Wallet,Approved,False,None
1489,223,Electronics,338.22,2026-02-20,21:00:00,NY,Mobile Wallet,Approved,False,None
1087,237,Electronics,45.91,2025-07-05,21:59:00,NY,Debit Card,Approved,False,None
1465,204,Restaurant,1043.21,2026-02-16,03:23:00,CA,Debit Card,Approved,False,None
1309,239,Travel,1238.33,2025-10-24,08:43:00,TX,Debit Card,Approved,False,None
1401,205,Retail,445.43,2026-02-06,12:12:00,IL,Mobile Wallet,Approved,False,None
1267,204,Travel,1698.23,2026-01-29,15:29:00,IL,Mobile Wallet,Approved,False,None
1391,202,Travel,943.03,2025-11-18,16:46:00,IL,Mobile Wallet,Approved,False,None
1146,201,Gas,365.86,2026-03-11,21:02:00,TX,Mobile Wallet,Approved,False,None
1463,234,Restaurant,385.56,2025-08-08,00:10:00,IL,Credit Card,Approved,True,Friendly Fraud
1372,202,Gas,120.28,2025-10-21,03:21:00,TX,Debit Card,Approved,False,None
1353,201,Gas,1106.93,2025-10-05,16:51:00,NY,Credit Card,Approved,False,None
1171,213,Restaurant,272.13,2026-02-09,23:16:00,FL,Credit Card,Approved,False,None
1186,206,Gas,501.26,2026-05-17,22:14:00,CA,Mobile Wallet,Approved,False,None
1023,232,Retail,954.95,2026-01-17,13:38:00,CA,Debit Card,Approved,False,None
1042,208,Electronics,340.35,2026-03-30,19:58:00,TX,Debit Card,Approved,False,None
1183,239,Electronics,256.03,2026-06-02,01:38:00,IL,Credit Card,Approved,False,None
1236,206,Retail,174.19,2025-12-02,03:32:00,FL,Mobile Wallet,Approved,False,None
1334,229,Restaurant,1473.03,2025-12-24,01:30:00,CA,Debit Card,Approved,True,Friendly Fraud
1072,220,Travel,310.26,2025-07-07,15:28:00,FL,Debit Card,Approved,False,None
1446,224,Retail,1745.39,2025-12-23,19:31:00,TX,Credit Card,Approved,False,None
1375,230,Retail,1212.33,2025-11-25,17:29:00,NY,Mobile Wallet,Approved,False,None
1437,234,Grocery,750.82,2025-07-11,11:16:00,FL,Credit Card,Approved,False,None
1431,201,Grocery,1977.19,2026-05-20,00:23:00,NY,Debit Card,Approved,False,None
1027,226,Electronics,826.21,2026-04-23,23:22:00,IL,Debit Card,Approved,False,None
1356,237,Restaurant,1135.79,2025-07-07,22:12:00,IL,Credit Card,Approved,False,None
1479,242,Travel,197.05,2026-03-09,00:52:00,TX,Debit Card,Approved,False,None
1302,228,Travel,1300.91,2026-03-03,13:11:00,FL,Credit Card,Approved,False,None
1339,249,Retail,1889.43,2026-02-18,01:10:00,CA,Debit Card,Approved,False,None
1281,232,Grocery,5.98,2025-08-28,16:58:00,CA,Credit Card,Approved,False,None
1327,236,Restaurant,559.84,2025-12-09,13:26:00,NY,Mobile Wallet,Approved,False,None
1312,200,Restaurant,1338.76,2026-04-28,02:57:00,CA,Debit Card,Approved,False,None
1445,215,Restaurant,1209.41,2026-03-22,07:36:00,IL,Debit Card,Approved,False,None
1296,242,Travel,1967.04,2025-11-05,10:45:00,NY,Credit Card,Approved,False,None
1476,247,Restaurant,454.46,2026-06-13,17:35:00,NY,Debit Card,Approved,False,None
1173,243,Travel,589.67,2025-09-10,07:07:00,FL,Credit Card,Approved,False,None
1265,249,Restaurant,514.09,2026-05-08,12:53:00,TX,Credit Card,Approved,False,None
1037,226,Retail,702.24,2026-06-02,20:29:00,CA,Mobile Wallet,Approved,False,None
1089,237,Electronics,801.06,2026-06-01,07:46:00,TX,Credit Card,Approved,False,None
1134,221,Electronics,805.71,2025-10-23,18:51:00,FL,Mobile Wallet,Approved,False,None
1146,240,Electronics,948.69,2026-03-06,21:36:00,NY,Credit Card,Approved,False,None
1235,245,Retail,1731.07,2026-06-08,18:36:00,NY,Credit Card,Approved,False,None
1021,203,Gas,943.77,2025-12-24,09:24:00,NY,Mobile Wallet,Approved,False,None
1195,215,Restaurant,328.63,2025-08-05,00:07:00,IL,Debit Card,Approved,False,None
1456,210,Retail,439.48,2026-01-19,13:27:00,CA,Debit Card,Approved,False,None
1445,236,Grocery,444.43,2025-08-15,09:35:00,IL,Credit Card,Approved,False,None
1225,230,Retail,273.08,2025-09-22,07:39:00,FL,Debit Card,Approved,False,None
1417,201,Electronics,585.42,2025-10-21,06:51:00,CA,Mobile Wallet,Approved,False,None
1274,228,Restaurant,1827.48,2026-05-21,15:24:00,CA,Debit Card,Approved,False,None
1012,240,Retail,640.67,2025-09-04,14:36:00,TX,Mobile Wallet,Approved,False,None
1421,215,Grocery,1585.42,2026-04-21,14:11:00,NY,Credit Card,Approved,False,None
1296,201,Grocery,857.76,2026-04-02,10:16:00,CA,Debit Card,Approved,False,None
1437,214,Gas,1094.77,2025-10-20,17:51:00,IL,Mobile Wallet,Approved,False,None
1386,232,Retail,479.79,2025-09-17,17:44:00,NY,Mobile Wallet,Approved,False,None
1190,225,Restaurant,169.55,2025-09-24,18:11:00,CA,Debit Card,Approved,False,None
1135,246,Restaurant,577.48,2025-09-17,14:53:00,TX,Debit Card,Approved,False,None
1149,243,Restaurant,1060.06,2025-12-14,00:43:00,CA,Credit Card,Approved,False,None
1339,246,Electronics,1937.27,2026-04-16,20:57:00,TX,Debit Card,Approved,False,None
1446,209,Grocery,839.57,2025-11-01,10:13:00,FL,Credit Card,Approved,False,None
1327,214,Gas,1721.12,2025-07-27,01:39:00,CA,Mobile Wallet,Approved,False,None
1006,235,Electronics,66.64,2025-11-24,18:35:00,CA,Debit Card,Approved,False,None
1248,224,Gas,1017.82,2026-03-03,07:30:00,IL,Debit Card,Approved,False,None
1473,211,Restaurant,1034.21,2025-06-28,06:30:00,TX,Credit Card,Approved,False,None
1108,227,Restaurant,124.07,2025-06-29,14:39:00,CA,Debit Card,Approved,False,None
1316,217,Retail,1444.79,2026-03-11,17:59:00,NY,Debit Card,Approved,False,None
1066,234,Travel,1957.75,2025-07-22,15:41:00,NY,Credit Card,Approved,False,None
1004,201,Gas,699.74,2026-04-12,22:50:00,TX,Debit Card,Approved,False,None
1404,220,Retail,884.14,2026-04-11,00:48:00,TX,Mobile Wallet,Approved,False,None
1397,213,Travel,1773.19,2026-03-26,17:06:00,TX,Mobile Wallet,Approved,False,None
1138,232,Grocery,1116.91,2025-10-14,09:58:00,TX,Credit Card,Approved,False,None
1251,240,Gas,487.27,2025-07-04,17:18:00,TX,Debit Card,Approved,False,None
1478,209,Electronics,1125.48,2025-10-18,15:36:00,CA,Mobile Wallet,Approved,False,None
1233,229,Retail,292.26,2025-12-15,05:22:00,IL,Credit Card,Approved,False,None
1178,219,Retail,1435.86,2026-02-25,09:43:00,FL,Mobile Wallet,Approved,False,None
1343,235,Retail,1860.37,2025-09-21,15:18:00,FL,Debit Card,Approved,False,None
1345,248,Restaurant,1050.85,2026-03-24,01:09:00,CA,Debit Card,Approved,False,None
1250,233,Electronics,1529.53,2026-05-31,13:16:00,TX,Mobile Wallet,Approved,False,None
1327,207,Travel,291.1,2025-08-23,19:07:00,TX,Mobile Wallet,Approved,False,None
1049,227,Travel,1103.97,2026-05-12,18:52:00,CA,Credit Card,Approved,False,None
1160,238,Retail,423.78,2025-09-27,20:57:00,TX,Mobile Wallet,Approved,False,None
1356,238,Travel,1039.15,2025-09-19,09:24:00,TX,Mobile Wallet,Approved,False,None
1431,222,Restaurant,414.76,2026-05-29,03:09:00,NY,Credit Card,Approved,False,None
1159,223,Grocery,486.35,2025-09-24,10:48:00,TX,Credit Card,Approved,False,None
1214,212,Gas,1273.96,2026-04-25,01:21:00,CA,Debit Card,Approved,False,None
1481,221,Retail,127.85,2025-12-07,10:31:00,NY,Credit Card,Approved,False,None
1150,206,Restaurant,812.02,2026-01-25,04:55:00,TX,Mobile Wallet,Approved,False,None
1177,211,Restaurant,663.95,2026-05-18,13:55:00,CA,Debit Card,Approved,True,Account Takeover
1192,228,Gas,393.18,2025-08-26,11:43:00,TX,Debit Card,Approved,False,None
1323,227,Restaurant,1143.68,2025-09-30,06:01:00,NY,Debit Card,Approved,False,None
1275,208,Retail,1733.64,2026-05-25,01:23:00,FL,Debit Card,Approved,False,None
1060,248,Electronics,246.92,2026-04-01,22:56:00,TX,Credit Card,Approved,False,None
1031,209,Gas,1590.58,2026-06-20,02:40:00,CA,Debit Card,Approved,False,None
1428,229,Gas,1536.09,2026-01-14,02:18:00,TX,Debit Card,Approved,False,None
1437,248,Retail,1104.44,2026-04-13,02:30:00,CA,Debit Card,Approved,False,None
1222,232,Restaurant,1252.28,2026-02-26,07:01:00,IL,Credit Card,Approved,False,None
1322,212,Gas,390.93,2026-03-31,22:36:00,FL,Credit Card,Approved,False,None
1444,210,Travel,1111.67,2026-03-10,20:41:00,NY,Mobile Wallet,Approved,False,None
1083,244,Gas,435.84,2026-05-18,17:23:00,NY,Mobile Wallet,Approved,False,None
1324,216,Travel,43.77,2026-04-21,05:43:00,NY,Mobile Wallet,Approved,False,None
1374,211,Grocery,1107.67,2025-06-26,19:48:00,FL,Debit Card,Approved,False,None
1295,210,Grocery,932.92,2025-08-13,08:15:00,FL,Debit Card,Approved,False,None
1424,241,Restaurant,347.65,2026-02-13,08:35:00,IL,Credit Card,Approved,False,None
1335,226,Grocery,1596.31,2026-01-13,05:06:00,CA,Credit Card,Approved,False,None
1152,222,Retail,95.2,2026-06-09,04:40:00,FL,Mobile Wallet,Approved,False,None
1108,236,Restaurant,1428.22,2026-06-16,15:06:00,IL,Credit Card,Approved,False,None
1317,239,Restaurant,47.99,2026-02-06,08:22:00,FL,Credit Card,Approved,False,None
1047,210,Electronics,1616.3,2025-10-18,20:51:00,IL,Credit Card,Approved,False,None
1292,207,Restaurant,1091.43,2025-10-04,04:10:00,FL,Credit Card,Approved,False,None
1489,250,Gas,1281.54,2026-05-15,22:36:00,CA,Mobile Wallet,Approved,False,None
1031,235,Restaurant,690.5,2025-09-18,21:59:00,TX,Credit Card,Approved,False,None
1013,205,Electronics,423.2,2026-01-01,13:40:00,CA,Credit Card,Approved,False,None
1134,216,Travel,399.75,2025-11-12,09:43:00,TX,Debit Card,Approved,False,None
1429,204,Retail,1483.1,2025-09-22,11:06:00,CA,Mobile Wallet,Approved,False,None
1066,202,Electronics,1611.87,2025-12-16,13:11:00,TX,Credit Card,Approved,False,None
1288,230,Grocery,1129.49,2026-03-03,21:23:00,TX,Mobile Wallet,Approved,False,None
1355,219,Restaurant,634.39,2025-11-16,03:51:00,FL,Mobile Wallet,Approved,False,None
1354,203,Grocery,1257.09,2026-03-28,20:59:00,TX,Debit Card,Approved,False,None
1381,218,Travel,800.88,2026-01-15,12:34:00,TX,Credit Card,Approved,False,None
1111,218,Electronics,232.4,2026-05-05,09:30:00,CA,Mobile Wallet,Approved,False,None
1156,236,Travel,225.79,2025-08-30,16:18:00,TX,Mobile Wallet,Approved,False,None
1231,227,Restaurant,700.76,2026-02-08,05:10:00,NY,Credit Card,Approved,False,None
1053,200,Gas,56.74,2025-10-22,13:43:00,IL,Debit Card,Approved,False,None
1172,207,Grocery,268.2,2025-11-05,10:17:00,NY,Mobile Wallet,Approved,False,None
1359,209,Electronics,780.01,2026-04-21,07:59:00,NY,Mobile Wallet,Approved,False,None
1255,228,Gas,613.76,2026-03-28,00:55:00,NY,Credit Card,Approved,False,None
1265,226,Gas,371.2,2026-02-13,22:23:00,CA,Debit Card,Approved,False,None
1111,231,Electronics,803.09,2025-08-27,23:53:00,CA,Credit Card,Approved,False,None
1489,228,Electronics,765.29,2025-07-01,16:00:00,CA,Credit Card,Approved,False,None
1405,224,Restaurant,521.35,2025-08-08,17:23:00,IL,Mobile Wallet,Approved,True,Stolen Card
1216,221,Electronics,362.76,2025-07-04,15:09:00,FL,Debit Card,Approved,True,Friendly Fraud
1496,200,Travel,1642.94,2025-11-23,20:16:00,FL,Credit Card,Approved,False,None
1131,202,Restaurant,878.27,2026-06-13,15:19:00,NY,Credit Card,Approved,True,Account Takeover
1200,214,Retail,1180.5,2025-12-18,21:33:00,CA,Debit Card,Approved,False,None
1484,226,Retail,1617.06,2026-01-18,15:42:00,TX,Debit Card,Approved,False,None
1218,234,Retail,461.65,2025-09-07,17:33:00,CA,Mobile Wallet,Approved,False,None
1104,231,Electronics,829.04,2025-09-14,09:53:00,CA,Credit Card,Approved,False,None
1172,207,Travel,201.33,2026-04-10,08:35:00,IL,Mobile Wallet,Approved,False,None
1296,239,Grocery,872.16,2025-09-16,19:11:00,TX,Mobile Wallet,Approved,False,None
1307,234,Travel,989.91,2025-12-12,11:07:00,CA,Mobile Wallet,Approved,False,None
1418,218,Retail,1171.73,2026-06-24,21:31:00,FL,Mobile Wallet,Approved,False,None
1298,210,Retail,580.11,2026-06-03,01:43:00,FL,Debit Card,Approved,False,None
1335,210,Restaurant,155.46,2026-05-05,10:41:00,NY,Credit Card,Approved,False,None
1158,242,Gas,417.96,2026-05-27,11:48:00,FL,Debit Card,Approved,True,Friendly Fraud
1339,204,Grocery,432.98,2026-05-04,14:11:00,NY,Credit Card,Approved,False,None
1127,221,Electronics,934.09,2025-08-13,12:09:00,CA,Mobile Wallet,Approved,False,None
1004,239,Restaurant,1130.1,2025-10-27,19:41:00,CA,Debit Card,Approved,False,None
1370,247,Restaurant,1691.7,2025-07-25,20:00:00,FL,Mobile Wallet,Approved,False,None
1044,220,Electronics,1373.25,2026-06-15,22:51:00,CA,Mobile Wallet,Approved,False,None
1083,229,Travel,1160.1,2025-08-24,22:23:00,TX,Debit Card,Approved,False,None
1257,205,Grocery,1214.4,2026-03-26,11:19:00,FL,Credit Card,Approved,False,None
1053,223,Restaurant,1793.7,2025-10-03,11:49:00,TX,Debit Card,Approved,False,None
1151,212,Restaurant,1006.26,2025-12-12,17:26:00,CA,Mobile Wallet,Approved,False,None
1376,244,Grocery,799.46,2025-09-14,00:43:00,TX,Debit Card,Approved,False,None
1002,243,Restaurant,1192.34,2026-01-01,19:41:00,IL,Credit Card,Approved,False,None
1281,247,Gas,1883.13,2026-01-14,00:52:00,FL,Debit Card,Approved,False,None
1183,205,Grocery,977.38,2025-11-05,02:02:00,NY,Credit Card,Approved,False,None
1240,211,Electronics,475.4,2025-11-16,08:02:00,IL,Debit Card,Approved,False,None
1342,227,Grocery,1843.91,2025-10-15,04:14:00,FL,Credit Card,Approved,False,None
1193,230,Retail,1186.3,2026-04-25,02:18:00,TX,Mobile Wallet,Approved,True,Account Takeover
1237,248,Electronics,1882.56,2026-02-09,21:48:00,IL,Mobile Wallet,Approved,False,None
1467,247,Retail,1367.64,2025-11-26,04:29:00,CA,Debit Card,Approved,False,None
1437,231,Restaurant,1107.92,2026-03-22,05:04:00,TX,Mobile Wallet,Approved,False,None
1087,249,Electronics,595.55,2026-06-04,17:12:00,NY,Debit Card,Approved,False,None
1324,219,Grocery,386.88,2026-02-17,08:19:00,FL,Debit Card,Approved,False,None
1100,234,Restaurant,980.17,2026-01-26,13:10:00,CA,Debit Card,Approved,False,None
1470,247,Electronics,161.46,2025-07-16,09:39:00,IL,Mobile Wallet,Approved,False,None
1223,204,Electronics,1159.08,2026-01-26,16:44:00,TX,Debit Card,Approved,False,None
1340,246,Restaurant,730.78,2026-03-01,09:00:00,NY,Mobile Wallet,Approved,False,None
1142,226,Gas,960.73,2026-05-11,00:19:00,TX,Debit Card,Approved,True,Account Takeover
1394,246,Restaurant,599.49,2025-08-07,19:54:00,TX,Debit Card,Approved,False,None
1005,211,Restaurant,1809.01,2026-03-31,11:10:00,TX,Credit Card,Approved,False,None
1499,238,Gas,1435.52,2026-03-29,09:14:00,CA,Mobile Wallet,Approved,False,None
1267,241,Retail,967.01,2026-01-03,14:36:00,FL,Debit Card,Approved,False,None
1136,249,Grocery,1846.24,2026-05-06,10:25:00,CA,Credit Card,Approved,False,None
1258,231,Restaurant,890.57,2025-09-24,03:14:00,IL,Mobile Wallet,Approved,False,None
1032,249,Gas,1414.56,2025-10-01,04:24:00,FL,Mobile Wallet,Approved,False,None
1157,222,Gas,315.25,2026-03-28,14:37:00,NY,Credit Card,Approved,False,None
1071,235,Electronics,269.62,2026-03-29,04:21:00,FL,Mobile Wallet,Approved,False,None
1369,204,Gas,357.38,2025-11-17,16:16:00,FL,Credit Card,Approved,False,None
1278,237,Gas,1670.78,2025-07-20,23:39:00,TX,Debit Card,Approved,False,None
1276,221,Gas,236.37,2025-08-09,02:35:00,CA,Debit Card,Approved,False,None
1111,231,Electronics,1757.18,2025-11-13,01:59:00,FL,Mobile Wallet,Approved,False,None
1150,202,Electronics,1615.99,2025-07-02,20:39:00,CA,Debit Card,Approved,False,None
1142,243,Grocery,1866.68,2026-04-14,04:55:00,FL,Debit Card,Approved,False,None
1392,215,Grocery,219.6,2026-03-10,20:46:00,IL,Debit Card,Approved,False,None
1274,229,Travel,1696.17,2025-10-31,12:09:00,NY,Mobile Wallet,Approved,False,None
1483,242,Gas,1064.17,2026-02-18,08:16:00,FL,Credit Card,Approved,False,None
1121,211,Travel,519.71,2025-06-30,22:26:00,TX,Mobile Wallet,Approved,False,None
1444,250,Electronics,1163.6,2025-12-28,20:05:00,IL,Credit Card,Approved,False,None
1183,250,Travel,201.08,2025-07-23,16:02:00,FL,Debit Card,Approved,False,None
1333,211,Retail,770.9,2025-10-14,05:03:00,CA,Mobile Wallet,Approved,False,None
1426,218,Travel,350.84,2025-08-24,08:58:00,FL,Debit Card,Approved,True,Stolen Card
1139,215,Travel,702.25,2025-12-27,17:37:00,NY,Mobile Wallet,Approved,False,None
1365,250,Electronics,914.73,2025-08-29,15:30:00,NY,Debit Card,Approved,False,None
1049,244,Retail,775.68,2025-06-24,06:18:00,TX,Credit Card,Approved,False,None
1287,203,Retail,1308.21,2025-11-13,03:33:00,CA,Mobile Wallet,Approved,False,None
1321,225,Restaurant,1504.27,2025-10-31,14:49:00,TX,Debit Card,Approved,False,None
1017,229,Gas,663.25,2025-12-16,01:26:00,NY,Credit Card,Approved,False,None
1199,225,Gas,1749.01,2025-10-10,21:00:00,CA,Mobile Wallet,Approved,False,None
1298,223,Travel,1974.33,2026-05-24,20:09:00,NY,Debit Card,Approved,True,Stolen Card
1485,224,Travel,1764.67,2025-10-22,23:37:00,IL,Credit Card,Approved,False,None
1054,226,Grocery,67.25,2026-06-21,00:48:00,IL,Debit Card,Approved,False,None
1097,228,Grocery,1686.82,2026-04-30,00:09:00,NY,Mobile Wallet,Approved,False,None
1325,246,Restaurant,1521.23,2026-02-08,10:35:00,FL,Debit Card,Approved,False,None
1280,214,Retail,826.17,2025-12-01,04:37:00,IL,Credit Card,Approved,False,None
1217,246,Gas,1964.44,2026-02-19,14:22:00,IL,Debit Card,Approved,False,None
1281,225,Retail,1263.26,2026-03-08,06:52:00,CA,Debit Card,Approved,False,None
1036,236,Gas,167.66,2025-08-23,08:19:00,IL,Mobile Wallet,Approved,False,None
1487,211,Restaurant,511.17,2026-02-27,15:14:00,FL,Debit Card,Approved,False,None
1432,243,Retail,1648.32,2025-06-24,14:01:00,NY,Mobile Wallet,Approved,False,None
1425,250,Restaurant,1689.52,2025-12-06,09:08:00,IL,Debit Card,Approved,False,None
1229,205,Electronics,1506.27,2025-08-27,06:59:00,TX,Mobile Wallet,Approved,False,None
1179,234,Retail,1751.09,2026-04-16,22:54:00,FL,Credit Card,Approved,False,None
1152,230,Restaurant,1012.08,2025-11-09,15:39:00,CA,Credit Card,Approved,False,None
1065,237,Gas,387.05,2026-05-16,01:46:00,NY,Debit Card,Approved,False,None
1093,204,Gas,1151.19,2025-06-29,12:01:00,NY,Debit Card,Approved,False,None
1031,226,Restaurant,351.98,2026-06-08,12:15:00,CA,Mobile Wallet,Approved,False,None
1277,217,Travel,1579.35,2026-01-16,16:46:00,NY,Mobile Wallet,Approved,False,None
1123,222,Electronics,833.29,2026-03-03,10:59:00,IL,Mobile Wallet,Approved,False,None
1161,221,Grocery,894.32,2026-02-27,00:09:00,CA,Credit Card,Approved,False,None
1311,241,Gas,105.24,2025-07-03,03:45:00,NY,Credit Card,Approved,False,None
1184,202,Electronics,914.11,2026-02-16,11:52:00,NY,Debit Card,Approved,False,None
1045,235,Travel,1619.81,2025-11-30,12:17:00,NY,Mobile Wallet,Approved,False,None
1453,201,Gas,366.89,2025-07-22,00:38:00,IL,Debit Card,Approved,False,None
1429,201,Gas,1818.62,2026-06-17,13:25:00,NY,Credit Card,Approved,False,None
1303,204,Electronics,1364.41,2025-11-20,09:57:00,IL,Debit Card,Approved,False,None
1208,209,Grocery,345.78,2026-01-29,17:43:00,TX,Credit Card,Approved,False,None
1269,207,Electronics,1984.09,2026-03-14,03:02:00,NY,Debit Card,Approved,False,None
1191,202,Electronics,393.18,2025-07-13,09:15:00,TX,Mobile Wallet,Approved,False,None
1410,206,Restaurant,441.03,2026-02-25,05:00:00,NY,Mobile Wallet,Approved,False,None
1368,237,Travel,1684.59,2025-06-30,19:13:00,TX,Credit Card,Approved,False,None
1397,206,Electronics,1985.41,2025-07-30,12:04:00,TX,Mobile Wallet,Approved,False,None
1245,211,Travel,1777.29,2026-05-02,08:54:00,CA,Credit Card,Approved,False,None
1073,203,Travel,1283.65,2026-05-30,07:59:00,CA,Credit Card,Approved,False,None
1229,219,Grocery,128.52,2025-12-16,03:59:00,FL,Mobile Wallet,Approved,False,None
1006,242,Restaurant,1167.11,2026-05-23,09:42:00,TX,Debit Card,Approved,False,None
1337,202,Gas,925.93,2026-05-04,19:22:00,FL,Credit Card,Approved,False,None
1058,222,Electronics,1076.57,2025-06-30,23:36:00,IL,Debit Card,Approved,False,None
1340,229,Restaurant,1228.98,2026-03-07,20:39:00,TX,Debit Card,Approved,False,None
1319,232,Gas,1604.53,2025-07-06,17:47:00,FL,Mobile Wallet,Approved,False,None
1491,211,Restaurant,1343.79,2026-06-14,21:05:00,FL,Debit Card,Approved,False,None
1151,243,Restaurant,1151.46,2025-10-31,10:38:00,IL,Credit Card,Approved,False,None
1271,216,Travel,708.02,2026-03-18,14:45:00,FL,Mobile Wallet,Approved,False,None
1041,225,Restaurant,704.87,2025-06-27,10:23:00,CA,Credit Card,Approved,False,None
1299,240,Electronics,1634.78,2025-11-28,06:46:00,FL,Credit Card,Approved,False,None
1022,200,Restaurant,1574.46,2025-07-29,17:40:00,FL,Credit Card,Approved,False,None
1477,215,Retail,1954.78,2026-05-06,05:24:00,FL,Debit Card,Approved,False,None
1001,228,Gas,1950.43,2025-11-25,23:13:00,IL,Credit Card,Approved,False,None
1158,212,Restaurant,1431.35,2026-03-07,21:04:00,FL,Credit Card,Approved,False,None
1369,236,Travel,310.51,2026-06-13,20:10:00,TX,Debit Card,Approved,False,None
1272,236,Restaurant,297.71,2026-02-15,07:26:00,FL,Debit Card,Approved,False,None
1341,238,Grocery,1746.63,2026-05-04,20:57:00,CA,Debit Card,Approved,False,None
1036,232,Gas,449.57,2026-05-12,14:04:00,CA,Mobile Wallet,Approved,False,None
1313,216,Electronics,585.0,2025-08-19,23:17:00,FL,Mobile Wallet,Approved,False,None
1347,244,Restaurant,546.69,2026-05-02,19:46:00,IL,Credit Card,Approved,False,None
1377,206,Grocery,1952.73,2025-11-02,19:25:00,FL,Mobile Wallet,Approved,False,None
1371,227,Retail,145.58,2026-01-29,14:48:00,CA,Credit Card,Approved,False,None
1426,210,Gas,47.17,2026-01-30,01:13:00,NY,Credit Card,Approved,False,None
1493,209,Retail,805.8,2026-06-05,15:46:00,IL,Mobile Wallet,Approved,False,None
1396,204,Electronics,1323.16,2025-12-24,13:55:00,IL,Credit Card,Approved,False,None
1222,209,Restaurant,222.03,2025-11-26,08:59:00,FL,Debit Card,Approved,False,None
1018,242,Electronics,339.73,2025-11-13,06:41:00,FL,Mobile Wallet,Approved,False,None
1249,248,Gas,1985.13,2025-08-13,21:28:00,TX,Credit Card,Approved,False,None
1064,201,Grocery,160.07,2025-08-31,01:27:00,TX,Debit Card,Approved,True,Stolen Card
1222,223,Electronics,598.46,2025-07-13,03:15:00,IL,Mobile Wallet,Approved,False,None
1405,240,Gas,504.12,2026-06-10,23:57:00,NY,Credit Card,Approved,True,Stolen Card
1438,224,Restaurant,1679.33,2025-09-18,08:04:00,FL,Credit Card,Approved,False,None
1103,245,Restaurant,1900.32,2026-01-14,09:04:00,NY,Debit Card,Approved,False,None
1248,221,Travel,469.0,2025-08-18,04:37:00,IL,Debit Card,Approved,False,None
1392,208,Travel,1669.92,2026-04-18,19:17:00,IL,Mobile Wallet,Approved,False,None
1444,202,Restaurant,207.85,2026-03-09,23:31:00,CA,Mobile Wallet,Approved,False,None
1227,222,Gas,341.9,2025-09-26,15:18:00,CA,Debit Card,Approved,False,None
1420,212,Gas,460.13,2025-08-17,19:08:00,NY,Mobile Wallet,Approved,True,Stolen Card
1080,248,Electronics,327.76,2025-10-30,12:57:00,NY,Mobile Wallet,Approved,False,None
1423,249,Electronics,84.43,2025-12-30,07:03:00,FL,Mobile Wallet,Approved,False,None
1140,247,Restaurant,1892.48,2025-11-28,06:16:00,FL,Debit Card,Approved,False,None
1036,237,Electronics,856.91,2025-08-30,14:35:00,TX,Credit Card,Approved,False,None
1325,221,Grocery,896.17,2026-02-10,13:01:00,IL,Debit Card,Approved,False,None
1299,203,Grocery,1428.38,2025-08-05,15:28:00,CA,Credit Card,Approved,False,None
1428,224,Gas,120.13,2026-01-26,08:37:00,FL,Credit Card,Approved,False,None
1207,202,Travel,656.69,2025-08-23,07:17:00,IL,Debit Card,Approved,False,None
1296,209,Gas,260.37,2025-10-02,11:09:00,FL,Mobile Wallet,Approved,False,None
1149,247,Restaurant,1722.98,2025-08-03,16:43:00,NY,Credit Card,Approved,False,None
1250,220,Travel,542.71,2026-05-20,12:40:00,TX,Debit Card,Approved,False,None
1490,217,Grocery,374.42,2025-08-07,21:08:00,NY,Debit Card,Approved,False,None
1047,225,Restaurant,1219.76,2025-07-18,15:59:00,FL,Mobile Wallet,Approved,False,None
1275,214,Electronics,904.36,2026-01-17,21:15:00,CA,Mobile Wallet,Approved,False,None
1039,212,Grocery,85.29,2025-11-17,17:39:00,TX,Credit Card,Approved,False,None
1153,245,Grocery,224.38,2025-09-28,06:17:00,FL,Debit Card,Approved,False,None
1047,221,Travel,122.64,2025-07-19,14:00:00,IL,Mobile Wallet,Approved,False,None
1054,240,Travel,580.82,2025-11-19,05:17:00,FL,Debit Card,Approved,False,None
1240,211,Travel,1084.07,2026-01-17,05:20:00,TX,Mobile Wallet,Approved,False,None
1030,205,Retail,42.35,2026-01-16,07:24:00,NY,Debit Card,Approved,False,None
1365,214,Restaurant,1147.62,2026-03-03,10:12:00,TX,Credit Card,Approved,False,None
1232,246,Gas,1196.64,2025-09-02,00:15:00,IL,Debit Card,Approved,False,None
1113,200,Electronics,1352.71,2025-08-19,12:27:00,NY,Credit Card,Approved,False,None
1262,230,Gas,660.14,2026-01-15,22:18:00,FL,Mobile Wallet,Approved,False,None
1273,233,Grocery,349.23,2025-09-17,18:31:00,IL,Mobile Wallet,Approved,False,None
1027,225,Grocery,1868.85,2026-05-07,14:48:00,CA,Mobile Wallet,Approved,False,None
1468,219,Travel,73.55,2025-10-03,00:08:00,NY,Debit Card,Approved,False,None
1344,234,Restaurant,1859.47,2025-12-16,14:33:00,CA,Mobile Wallet,Approved,False,None
1116,216,Grocery,274.96,2025-12-31,21:22:00,CA,Debit Card,Approved,False,None
1117,243,Electronics,212.24,2025-11-15,02:06:00,IL,Mobile Wallet,Approved,False,None
1299,238,Travel,717.01,2025-08-05,11:52:00,IL,Credit Card,Approved,False,None
1471,239,Gas,683.91,2025-12-28,14:25:00,CA,Mobile Wallet,Approved,False,None
1293,217,Restaurant,1592.02,2025-07-25,19:30:00,FL,Credit Card,Approved,False,None
1117,212,Gas,1551.2,2026-03-03,10:56:00,FL,Mobile Wallet,Approved,False,None
1338,230,Gas,1545.87,2025-09-10,17:03:00,TX,Credit Card,Approved,False,None
1287,244,Gas,1493.1,2025-12-21,08:05:00,TX,Debit Card,Approved,False,None
1448,215,Retail,500.8,2025-12-07,21:04:00,FL,Credit Card,Approved,False,None
1211,201,Travel,1782.99,2025-08-21,02:28:00,IL,Debit Card,Approved,False,None
1125,211,Travel,801.25,2025-08-08,21:32:00,TX,Credit Card,Approved,False,None
1300,232,Electronics,1254.17,2026-01-08,04:59:00,CA,Credit Card,Approved,False,None
1110,203,Travel,1860.93,2025-09-29,16:10:00,IL,Credit Card,Approved,False,None
1190,212,Grocery,616.88,2026-03-11,19:25:00,CA,Debit Card,Approved,False,None
1353,230,Retail,943.59,2026-03-02,20:57:00,IL,Mobile Wallet,Approved,False,None
1448,244,Electronics,1887.26,2026-01-09,23:04:00,CA,Debit Card,Approved,False,None
1393,209,Restaurant,1783.12,2026-01-03,16:15:00,FL,Mobile Wallet,Approved,False,None
1196,240,Restaurant,873.31,2025-06-30,23:42:00,NY,Credit Card,Approved,False,None
1482,226,Gas,281.62,2026-05-03,22:42:00,NY,Debit Card,Approved,False,None
1431,211,Travel,904.79,2026-06-17,16:43:00,CA,Debit Card,Approved,False,None
1382,250,Electronics,491.46,2026-06-13,01:52:00,NY,Mobile Wallet,Approved,False,None
1013,240,Retail,470.43,2026-03-05,11:07:00,TX,Debit Card,Approved,False,None
1071,247,Grocery,1035.99,2025-12-24,11:33:00,IL,Credit Card,Approved,False,None
1201,245,Travel,1682.17,2026-02-08,01:42:00,IL,Credit Card,Approved,False,None
1365,230,Electronics,1273.31,2026-06-08,03:59:00,CA,Debit Card,Approved,False,None
1240,223,Retail,723.9,2026-06-21,09:42:00,TX,Mobile Wallet,Approved,False,None
1211,217,Grocery,820.71,2026-02-17,01:09:00,IL,Mobile Wallet,Approved,False,None
1000,249,Travel,1555.33,2025-11-01,15:16:00,FL,Debit Card,Approved,False,None
1052,233,Gas,1785.38,2026-02-05,04:20:00,NY,Mobile Wallet,Approved,False,None
1118,246,Electronics,786.95,2025-07-08,04:03:00,TX,Mobile Wallet,Approved,False,None
1336,247,Restaurant,1444.84,2026-01-04,15:04:00,TX,Debit Card,Approved,False,None
1399,222,Retail,1192.1,2025-10-08,12:29:00,IL,Debit Card,Approved,False,None
1080,211,Gas,1127.31,2026-03-13,03:45:00,NY,Credit Card,Approved,False,None
1409,248,Gas,1873.97,2026-05-26,19:23:00,TX,Credit Card,Approved,False,None
1299,235,Restaurant,1529.07,2026-02-24,18:49:00,FL,Debit Card,Approved,False,None
1480,224,Electronics,1290.01,2026-03-11,21:59:00,IL,Credit Card,Approved,False,None
1021,250,Retail,726.52,2025-08-03,03:06:00,TX,Debit Card,Approved,False,None
1274,217,Electronics,540.69,2026-05-01,11:17:00,TX,Debit Card,Approved,False,None
1105,245,Electronics,1641.53,2025-12-17,15:18:00,TX,Mobile Wallet,Approved,False,None
1189,218,Electronics,420.08,2026-05-28,20:00:00,TX,Credit Card,Approved,False,None
1365,211,Travel,1913.08,2026-06-17,21:52:00,FL,Credit Card,Approved,False,None
1374,227,Electronics,1751.02,2026-02-02,02:44:00,NY,Credit Card,Approved,False,None
1422,245,Travel,419.07,2025-08-18,17:24:00,TX,Mobile Wallet,Approved,False,None
1263,249,Gas,1493.77,2025-11-12,20:11:00,TX,Debit Card,Approved,False,None
1155,221,Restaurant,376.44,2025-09-20,13:23:00,NY,Debit Card,Approved,False,None
1133,232,Electronics,1418.56,2025-08-10,01:54:00,NY,Debit Card,Approved,False,None
1334,209,Travel,952.74,2025-10-12,12:17:00,FL,Mobile Wallet,Approved,False,None
1132,249,Travel,1726.29,2026-06-03,10:52:00,CA,Mobile Wallet,Approved,False,None
1438,212,Retail,787.17,2026-06-15,20:38:00,TX,Mobile Wallet,Approved,False,None
1117,217,Retail,529.37,2025-12-09,14:40:00,IL,Debit Card,Approved,False,None
1060,219,Gas,674.32,2025-06-27,17:29:00,NY,Mobile Wallet,Approved,False,None
1409,213,Grocery,1126.59,2026-03-03,17:58:00,CA,Mobile Wallet,Approved,False,None
1354,213,Electronics,1353.43,2026-02-09,21:18:00,NY,Mobile Wallet,Approved,False,None
1023,228,Retail,1399.21,2026-06-22,21:37:00,IL,Credit Card,Approved,False,None
1068,203,Grocery,1953.8,2026-06-13,19:30:00,IL,Mobile Wallet,Approved,True,Stolen Card
1252,201,Gas,425.28,2026-05-03,20:34:00,CA,Debit Card,Approved,False,None
1307,227,Retail,939.86,2026-06-20,23:16:00,IL,Debit Card,Approved,False,None
1265,236,Gas,456.95,2026-01-11,14:30:00,CA,Debit Card,Approved,False,None
1185,222,Electronics,713.33,2026-06-23,06:29:00,NY,Debit Card,Approved,False,None
1041,220,Gas,1801.91,2026-01-01,06:56:00,TX,Mobile Wallet,Approved,False,None
1428,240,Grocery,532.92,2026-04-08,08:37:00,CA,Mobile Wallet,Approved,False,None
1300,231,Electronics,701.69,2026-02-09,12:37:00,NY,Mobile Wallet,Approved,False,None
1169,243,Grocery,1824.15,2025-10-09,15:38:00,CA,Mobile Wallet,Approved,False,None
1316,236,Electronics,1479.74,2025-11-12,15:16:00,CA,Mobile Wallet,Approved,False,None
1449,225,Retail,475.75,2025-10-20,23:31:00,IL,Mobile Wallet,Approved,False,None
1155,222,Retail,726.38,2026-04-17,00:36:00,NY,Debit Card,Approved,False,None
1092,223,Grocery,1725.38,2025-07-21,17:17:00,CA,Debit Card,Approved,False,None
1337,206,Electronics,1689.27,2025-10-14,00:31:00,CA,Mobile Wallet,Approved,False,None
1121,200,Retail,1514.03,2025-09-05,15:28:00,CA,Credit Card,Approved,False,None
1034,202,Retail,358.48,2025-10-21,05:13:00,CA,Mobile Wallet,Approved,False,None
1319,243,Electronics,1899.99,2025-07-09,16:10:00,TX,Debit Card,Approved,False,None
1116,250,Gas,419.7,2026-06-15,18:10:00,FL,Debit Card,Approved,False,None
1454,246,Travel,379.99,2026-01-22,23:25:00,TX,Mobile Wallet,Approved,False,None
1173,229,Grocery,1381.69,2026-01-29,20:53:00,TX,Mobile Wallet,Approved,False,None
1371,214,Gas,1264.96,2026-02-14,12:24:00,NY,Credit Card,Approved,False,None
1009,223,Electronics,1738.19,2026-05-02,17:43:00,IL,Mobile Wallet,Approved,False,None
1148,207,Retail,1073.18,2025-10-28,11:05:00,FL,Credit Card,Approved,False,None
1151,209,Retail,998.61,2026-03-09,17:57:00,TX,Mobile Wallet,Approved,False,None
1296,243,Electronics,1016.62,2025-11-30,19:05:00,TX,Mobile Wallet,Approved,False,None
1150,241,Grocery,1631.49,2026-03-04,08:37:00,NY,Mobile Wallet,Approved,False,None
1053,244,Electronics,109.37,2026-04-01,08:06:00,CA,Debit Card,Approved,False,None
1245,237,Restaurant,1143.91,2025-07-23,05:34:00,FL,Credit Card,Approved,False,None
1392,223,Electronics,672.52,2026-01-03,08:17:00,IL,Credit Card,Approved,False,None
1389,213,Gas,1970.68,2025-08-12,20:21:00,TX,Credit Card,Approved,False,None
1307,224,Retail,1849.62,2026-04-07,05:47:00,IL,Mobile Wallet,Approved,False,None
1442,218,Travel,1168.9,2025-07-26,03:21:00,CA,Mobile Wallet,Approved,False,None
1453,202,Grocery,1086.69,2026-06-08,14:04:00,TX,Debit Card,Approved,False,None
1076,243,Travel,297.7,2026-06-04,04:22:00,CA,Debit Card,Approved,False,None
1166,217,Retail,1150.23,2026-04-25,01:07:00,IL,Credit Card,Approved,True,Stolen Card
1375,249,Retail,1923.44,2026-03-08,18:04:00,CA,Debit Card,Approved,False,None
1131,204,Restaurant,452.69,2025-08-15,20:32:00,FL,Debit Card,Approved,False,None
1221,238,Travel,661.07,2025-07-29,11:05:00,TX,Mobile Wallet,Approved,False,None
1166,201,Restaurant,542.92,2025-11-08,13:13:00,IL,Debit Card,Approved,False,None
1478,203,Travel,1219.67,2026-03-04,18:49:00,NY,Credit Card,Approved,False,None
1215,222,Grocery,1606.96,2025-10-11,09:01:00,IL,Mobile Wallet,Approved,False,None
1075,233,Travel,521.21,2025-11-13,19:32:00,NY,Mobile Wallet,Approved,False,None
1493,232,Restaurant,525.03,2026-01-14,08:36:00,CA,Mobile Wallet,Approved,False,None
1003,250,Gas,1472.65,2026-04-24,11:14:00,CA,Credit Card,Approved,False,None
1343,218,Retail,400.1,2025-10-13,08:35:00,TX,Mobile Wallet,Approved,False,None
1465,214,Retail,570.5,2026-03-18,16:35:00,NY,Credit Card,Approved,False,None
1397,232,Grocery,694.84,2026-02-16,10:11:00,NY,Credit Card,Approved,False,None
1154,214,Retail,993.4,2026-06-13,23:16:00,IL,Credit Card,Approved,False,None
1075,202,Grocery,655.92,2026-04-17,02:17:00,TX,Debit Card,Approved,False,None
1246,225,Gas,1385.32,2026-05-08,00:00:00,NY,Debit Card,Approved,False,None
1486,200,Gas,801.82,2025-07-03,05:19:00,CA,Credit Card,Approved,False,None
1126,229,Retail,1866.59,2025-12-01,08:06:00,FL,Debit Card,Approved,False,None
1328,231,Gas,263.27,2026-03-27,11:03:00,IL,Credit Card,Approved,False,None
1246,202,Travel,1589.61,2026-04-17,20:27:00,IL,Debit Card,Approved,False,None
1240,246,Gas,1634.12,2025-08-28,16:33:00,CA,Credit Card,Approved,False,None
1141,236,Grocery,1031.57,2026-02-07,14:31:00,CA,Mobile Wallet,Approved,False,None
1085,229,Gas,22.31,2026-02-09,07:03:00,TX,Mobile Wallet,Approved,True,Friendly Fraud
1044,218,Restaurant,1424.34,2025-08-09,10:25:00,IL,Credit Card,Approved,False,None
1209,201,Retail,1900.26,2026-03-18,09:17:00,NY,Debit Card,Approved,False,None
1254,207,Retail,1699.24,2025-11-04,09:49:00,TX,Credit Card,Approved,False,None
1251,239,Electronics,1288.41,2026-01-21,19:42:00,CA,Debit Card,Approved,False,None
1291,224,Grocery,999.76,2025-10-07,21:32:00,NY,Credit Card,Approved,False,None
1058,245,Gas,307.45,2026-01-31,14:36:00,CA,Mobile Wallet,Approved,False,None
1299,227,Restaurant,1569.6,2025-07-13,20:56:00,CA,Mobile Wallet,Approved,False,None
1240,243,Grocery,1699.82,2025-08-25,00:42:00,TX,Credit Card,Approved,False,None
1456,245,Gas,1978.17,2026-03-30,01:28:00,CA,Credit Card,Approved,False,None
1021,236,Travel,308.37,2025-10-27,17:41:00,FL,Debit Card,Approved,False,None
1035,202,Electronics,1559.39,2025-12-24,05:59:00,NY,Debit Card,Approved,False,None
1298,225,Retail,809.75,2025-09-29,01:00:00,IL,Mobile Wallet,Approved,False,None
1171,217,Retail,1306.44,2026-05-03,15:19:00,IL,Credit Card,Approved,False,None
1468,217,Electronics,877.1,2025-11-17,03:01:00,FL,Mobile Wallet,Approved,False,None
1367,236,Electronics,1273.48,2026-05-04,17:52:00,CA,Credit Card,Approved,False,None
1155,223,Retail,314.82,2026-02-26,15:41:00,NY,Mobile Wallet,Approved,False,None
1329,240,Travel,1225.2,2025-07-21,02:27:00,FL,Credit Card,Approved,False,None
1397,234,Restaurant,85.9,2025-12-02,18:04:00,NY,Mobile Wallet,Approved,False,None
1200,203,Grocery,443.5,2025-11-14,19:15:00,NY,Debit Card,Approved,True,Friendly Fraud
1191,227,Travel,940.79,2026-04-30,20:49:00,TX,Credit Card,Approved,False,None
1105,248,Retail,1989.05,2025-11-02,18:16:00,IL,Mobile Wallet,Approved,True,Stolen Card
1319,210,Restaurant,1307.86,2026-02-20,13:41:00,CA,Mobile Wallet,Approved,True,Account Takeover
1063,203,Electronics,122.94,2025-11-05,07:26:00,TX,Credit Card,Approved,False,None
1257,228,Gas,83.57,2026-01-26,10:17:00,IL,Mobile Wallet,Approved,False,None
1446,217,Electronics,504.69,2025-07-27,08:18:00,CA,Debit Card,Approved,False,None
1493,223,Travel,619.88,2026-01-14,19:53:00,FL,Mobile Wallet,Approved,False,None
1028,239,Retail,933.17,2026-06-05,02:03:00,NY,Debit Card,Approved,False,None
1081,244,Travel,1454.03,2026-01-21,13:07:00,CA,Credit Card,Approved,False,None
1143,200,Electronics,94.65,2025-09-19,11:01:00,CA,Credit Card,Approved,False,None
1377,243,Restaurant,963.76,2026-04-08,16:25:00,TX,Credit Card,Approved,False,None
1159,241,Electronics,858.74,2026-01-07,23:54:00,CA,Debit Card,Approved,False,None
1387,250,Restaurant,148.62,2025-08-18,06:38:00,TX,Mobile Wallet,Approved,True,Friendly Fraud
1159,248,Gas,1791.19,2025-11-01,18:29:00,IL,Debit Card,Approved,False,None
1218,201,Travel,744.19,2026-03-20,16:08:00,FL,Mobile Wallet,Approved,False,None
1144,240,Gas,1424.5,2025-10-29,08:30:00,CA,Mobile Wallet,Approved,False,None
1149,227,Travel,1891.32,2026-03-23,03:38:00,IL,Debit Card,Approved,False,None
1045,229,Restaurant,1397.98,2026-04-17,21:56:00,IL,Debit Card,Approved,False,None
1074,216,Restaurant,853.74,2026-04-19,18:02:00,IL,Credit Card,Approved,False,None
1475,207,Travel,121.47,2026-01-06,00:03:00,CA,Credit Card,Approved,False,None
1040,218,Restaurant,983.64,2026-05-23,03:49:00,TX,Mobile Wallet,Approved,False,None
1362,232,Retail,1839.41,2026-01-23,19:32:00,TX,Debit Card,Approved,False,None
1336,242,Travel,1263.23,2025-09-25,19:09:00,TX,Debit Card,Approved,False,None
1028,206,Electronics,1734.07,2025-06-26,19:01:00,NY,Mobile Wallet,Approved,True,Account Takeover
1494,204,Retail,675.22,2025-07-01,00:32:00,FL,Credit Card,Approved,False,None
1319,229,Gas,498.39,2026-05-07,22:19:00,TX,Debit Card,Approved,False,None
1007,216,Gas,1178.22,2026-04-11,14:14:00,NY,Debit Card,Approved,False,None
1276,249,Retail,334.85,2025-12-11,10:31:00,FL,Credit Card,Approved,False,None
1014,227,Grocery,1772.89,2026-01-13,17:27:00,NY,Credit Card,Approved,False,None
1156,236,Grocery,1991.01,2025-11-15,01:35:00,IL,Debit Card,Approved,False,None
1496,226,Travel,869.49,2025-09-17,04:12:00,TX,Mobile Wallet,Approved,False,None
1489,224,Travel,532.27,2025-08-12,01:03:00,TX,Mobile Wallet,Approved,False,None
1336,201,Restaurant,324.38,2026-06-09,16:17:00,IL,Credit Card,Approved,True,Account Takeover
1101,209,Retail,1771.39,2025-10-26,05:07:00,TX,Debit Card,Approved,False,None
1041,235,Electronics,1845.89,2025-11-20,21:10:00,TX,Debit Card,Approved,False,None
1326,219,Grocery,227.44,2025-09-12,11:18:00,NY,Credit Card,Approved,False,None
1182,237,Travel,725.88,2025-08-15,07:30:00,FL,Credit Card,Approved,False,None
1451,228,Restaurant,98.59,2026-02-20,01:05:00,IL,Debit Card,Approved,False,None
1200,248,Restaurant,351.19,2025-08-13,16:20:00,TX,Credit Card,Approved,False,None
1290,242,Electronics,70.93,2026-01-20,17:42:00,IL,Credit Card,Approved,False,None
1479,201,Gas,363.95,2025-08-03,07:31:00,CA,Credit Card,Approved,False,None
1137,244,Retail,368.71,2026-04-27,06:10:00,FL,Credit Card,Approved,False,None
1242,241,Retail,1848.89,2026-01-12,03:27:00,NY,Debit Card,Approved,False,None
1169,217,Travel,168.96,2026-04-11,21:07:00,CA,Mobile Wallet,Approved,False,None
1444,213,Restaurant,82.9,2025-08-01,17:43:00,TX,Mobile Wallet,Approved,False,None
1201,216,Electronics,579.25,2026-04-11,18:01:00,NY,Mobile Wallet,Approved,False,None
1464,240,Travel,94.28,2026-04-25,02:21:00,CA,Credit Card,Approved,False,None
1454,227,Retail,1336.93,2025-08-18,09:56:00,FL,Mobile Wallet,Approved,False,None
1007,231,Travel,460.89,2026-06-20,09:42:00,CA,Credit Card,Approved,True,Account Takeover
1298,218,Grocery,1324.33,2026-05-22,15:33:00,FL,Debit Card,Approved,False,None
1052,205,Electronics,1689.64,2026-03-20,21:10:00,CA,Credit Card,Approved,False,None
1112,227,Restaurant,1206.73,2026-05-25,16:55:00,IL,Mobile Wallet,Approved,False,None
1314,249,Travel,311.74,2025-08-20,00:09:00,FL,Debit Card,Approved,False,None
1159,240,Electronics,1883.79,2026-05-19,09:45:00,NY,Credit Card,Approved,False,None
1429,231,Restaurant,1637.36,2026-02-26,19:06:00,FL,Mobile Wallet,Approved,False,None
1105,227,Travel,1913.09,2025-10-05,14:01:00,NY,Debit Card,Approved,False,None
1168,245,Electronics,1559.33,2025-07-29,20:33:00,NY,Mobile Wallet,Approved,False,None
1223,244,Electronics,1245.55,2025-09-26,05:40:00,NY,Credit Card,Approved,False,None
1189,233,Travel,1372.46,2026-01-02,08:27:00,NY,Debit Card,Approved,False,None
1153,204,Gas,1760.33,2026-01-09,12:43:00,TX,Credit Card,Approved,False,None
1136,246,Electronics,513.13,2026-02-04,23:52:00,TX,Mobile Wallet,Approved,False,None
1241,225,Restaurant,1616.35,2026-06-18,05:15:00,FL,Debit Card,Approved,False,None
1439,239,Electronics,1790.07,2026-02-27,00:12:00,CA,Mobile Wallet,Approved,True,Friendly Fraud
1488,230,Gas,1242.63,2025-12-16,19:20:00,CA,Credit Card,Approved,False,None
1236,244,Grocery,884.1,2026-03-09,22:21:00,NY,Debit Card,Approved,False,None
1180,204,Grocery,417.65,2026-02-07,02:46:00,TX,Credit Card,Approved,False,None
1442,224,Electronics,1103.01,2025-08-22,00:59:00,FL,Mobile Wallet,Approved,False,None
1352,242,Gas,925.95,2026-03-15,09:13:00,FL,Debit Card,Approved,False,None
1129,219,Grocery,430.5,2026-06-02,08:41:00,NY,Debit Card,Approved,False,None
1207,240,Gas,536.73,2026-02-04,18:46:00,FL,Mobile Wallet,Approved,False,None
1024,214,Electronics,1437.54,2026-02-01,17:04:00,TX,Mobile Wallet,Approved,False,None
1355,200,Restaurant,1793.73,2025-08-27,14:54:00,IL,Debit Card,Approved,False,None
1364,234,Travel,600.93,2026-02-22,00:46:00,IL,Mobile Wallet,Approved,True,Friendly Fraud
1361,215,Retail,1682.06,2026-06-05,15:29:00,IL,Credit Card,Approved,False,None
1046,222,Restaurant,779.18,2025-07-05,03:37:00,CA,Credit Card,Approved,False,None
1221,232,Grocery,1050.89,2026-01-08,07:19:00,IL,Credit Card,Approved,False,None
1382,249,Electronics,1044.57,2026-03-27,10:49:00,NY,Credit Card,Approved,False,None
1261,234,Electronics,1144.44,2026-04-01,06:12:00,IL,Debit Card,Approved,False,None
1491,214,Grocery,1031.33,2026-06-14,16:30:00,TX,Debit Card,Approved,False,None
1316,231,Retail,1847.52,2025-09-07,09:51:00,CA,Mobile Wallet,Approved,False,None
1024,212,Restaurant,1828.19,2025-12-23,03:00:00,TX,Debit Card,Approved,False,None
1151,238,Travel,1726.82,2026-02-10,22:43:00,NY,Mobile Wallet,Approved,False,None
1249,213,Gas,101.85,2025-11-12,21:47:00,NY,Debit Card,Approved,True,Stolen Card
1481,219,Electronics,1071.9,2025-11-20,16:38:00,IL,Debit Card,Approved,False,None
1274,224,Grocery,1835.67,2026-05-18,22:29:00,FL,Debit Card,Approved,False,None
1419,215,Grocery,1112.46,2026-01-01,18:14:00,CA,Debit Card,Approved,False,None
1303,228,Grocery,671.46,2026-06-10,19:47:00,IL,Mobile Wallet,Approved,False,None
1338,242,Retail,486.09,2025-12-11,21:32:00,TX,Debit Card,Approved,False,None
1040,225,Restaurant,867.25,2026-05-24,02:44:00,IL,Credit Card,Approved,False,None
1109,213,Gas,438.86,2025-11-11,21:05:00,TX,Debit Card,Approved,False,None
1359,234,Restaurant,533.43,2026-02-05,10:30:00,FL,Credit Card,Approved,False,None
1219,201,Retail,1654.51,2025-11-23,00:51:00,CA,Credit Card,Approved,False,None
1206,206,Retail,226.47,2025-07-25,17:14:00,NY,Mobile Wallet,Approved,False,None
1471,246,Travel,995.02,2026-04-26,02:51:00,NY,Mobile Wallet,Approved,False,None
1105,236,Gas,603.68,2026-04-25,23:43:00,NY,Mobile Wallet,Approved,True,Account Takeover
1444,209,Restaurant,301.57,2026-04-17,23:46:00,FL,Credit Card,Approved,False,None
1406,232,Restaurant,1037.7,2025-08-30,06:52:00,CA,Debit Card,Approved,False,None
1417,208,Retail,1702.11,2025-08-16,22:46:00,IL,Credit Card,Approved,False,None
1194,212,Retail,1388.91,2025-08-08,17:12:00,CA,Credit Card,Approved,False,None
1193,220,Restaurant,224.88,2025-10-22,09:46:00,FL,Credit Card,Approved,False,None
1372,219,Gas,1567.25,2026-01-05,23:54:00,FL,Debit Card,Approved,False,None
1085,245,Restaurant,121.5,2026-06-01,01:39:00,CA,Debit Card,Approved,True,Stolen Card
1448,209,Retail,1390.08,2025-08-22,04:08:00,IL,Credit Card,Approved,False,None
1186,224,Gas,1395.38,2026-01-01,11:17:00,FL,Debit Card,Approved,False,None
1198,238,Gas,779.69,2025-10-01,12:55:00,IL,Mobile Wallet,Approved,False,None
1097,205,Travel,1010.26,2026-05-29,07:17:00,CA,Mobile Wallet,Approved,False,None
1467,204,Travel,1924.91,2025-10-27,11:44:00,NY,Mobile Wallet,Approved,False,None
1281,234,Grocery,987.8,2025-07-10,15:42:00,CA,Credit Card,Approved,False,None
1059,234,Gas,1615.37,2026-03-15,14:44:00,FL,Credit Card,Approved,False,None
1080,250,Grocery,1073.39,2025-08-25,04:18:00,IL,Debit Card,Approved,False,None
1063,247,Electronics,574.97,2026-01-17,03:21:00,FL,Debit Card,Approved,False,None
1084,233,Retail,326.72,2025-10-08,14:14:00,IL,Credit Card,Approved,False,None
1182,222,Grocery,1415.77,2025-11-21,05:12:00,CA,Credit Card,Approved,False,None
1245,226,Travel,755.15,2026-01-02,12:59:00,FL,Credit Card,Approved,False,None
1301,249,Electronics,1385.62,2025-08-29,20:34:00,CA,Mobile Wallet,Approved,False,None
1095,249,Retail,460.75,2026-01-19,02:51:00,NY,Credit Card,Approved,False,None
1496,250,Gas,709.28,2025-11-30,01:48:00,TX,Credit Card,Approved,False,None
1436,218,Travel,717.26,2025-12-17,20:17:00,IL,Mobile Wallet,Approved,False,None
1223,224,Retail,537.01,2025-07-21,02:41:00,CA,Debit Card,Approved,False,None
1038,250,Retail,810.05,2026-04-03,07:48:00,FL,Mobile Wallet,Approved,False,None
1015,231,Electronics,1844.71,2025-11-20,11:23:00,CA,Debit Card,Approved,False,None
1178,239,Travel,596.02,2025-08-19,03:21:00,FL,Debit Card,Approved,False,None
1112,234,Gas,992.21,2026-03-24,08:42:00,TX,Mobile Wallet,Approved,False,None
1175,223,Gas,1006.11,2026-03-02,15:45:00,TX,Credit Card,Approved,False,None
1265,235,Electronics,1336.44,2026-04-17,04:36:00,FL,Debit Card,Approved,False,None
1403,205,Electronics,1680.53,2026-06-02,20:29:00,FL,Credit Card,Approved,False,None
1440,205,Gas,985.06,2026-04-15,20:37:00,FL,Mobile Wallet,Approved,False,None
1136,245,Travel,1082.33,2025-08-22,20:58:00,FL,Debit Card,Approved,False,None
1113,217,Electronics,1623.9,2026-03-02,02:17:00,FL,Credit Card,Approved,False,None
1157,222,Electronics,484.93,2026-02-12,15:34:00,TX,Mobile Wallet,Approved,False,None
1335,211,Grocery,1790.7,2025-10-15,02:13:00,NY,Debit Card,Approved,False,None
1222,220,Retail,1917.27,2026-01-26,00:18:00,FL,Mobile Wallet,Approved,False,None
1304,249,Travel,1600.17,2025-10-25,13:54:00,CA,Mobile Wallet,Approved,False,None
1042,223,Electronics,1111.7,2026-06-03,10:41:00,CA,Credit Card,Approved,False,None
1016,242,Restaurant,1813.12,2025-11-28,17:56:00,NY,Credit Card,Approved,False,None
1157,211,Restaurant,1250.76,2026-01-29,20:47:00,CA,Mobile Wallet,Approved,False,None
1009,214,Restaurant,875.52,2025-08-17,10:06:00,IL,Mobile Wallet,Approved,False,None
1312,240,Retail,1839.49,2026-04-09,17:23:00,TX,Debit Card,Approved,False,None
1433,214,Grocery,478.8,2026-02-27,21:49:00,CA,Mobile Wallet,Approved,False,None
1449,201,Grocery,686.09,2026-05-07,10:33:00,IL,Credit Card,Approved,False,None
1026,203,Restaurant,1019.54,2026-05-14,12:16:00,TX,Mobile Wallet,Approved,False,None
1410,218,Travel,1185.3,2025-12-30,20:03:00,NY,Credit Card,Approved,False,None
1428,239,Travel,530.75,2025-08-08,10:38:00,FL,Mobile Wallet,Approved,False,None
1050,200,Restaurant,761.84,2025-08-08,19:31:00,IL,Debit Card,Approved,False,None
1095,235,Retail,590.54,2026-03-28,09:32:00,TX,Credit Card,Approved,False,None
1500,206,Retail,970.39,2026-03-27,23:17:00,TX,Credit Card,Approved,False,None
1282,241,Travel,879.67,2026-04-23,03:04:00,CA,Debit Card,Approved,False,None
1420,225,Grocery,1286.4,2025-07-01,06:38:00,FL,Mobile Wallet,Approved,True,Friendly Fraud
1081,207,Travel,435.73,2026-01-23,11:50:00,FL,Credit Card,Approved,False,None
1368,227,Grocery,103.67,2025-06-29,10:20:00,NY,Credit Card,Approved,False,None
1158,238,Electronics,497.75,2026-04-16,17:43:00,FL,Debit Card,Approved,False,None
1422,242,Travel,926.11,2025-07-22,15:47:00,CA,Credit Card,Approved,False,None
1007,202,Gas,1143.64,2025-11-16,03:43:00,FL,Mobile Wallet,Approved,False,None
1151,208,Travel,1247.15,2025-07-16,16:03:00,IL,Debit Card,Approved,False,None
1045,223,Grocery,692.1,2025-09-09,05:36:00,IL,Debit Card,Approved,True,Stolen Card
1262,206,Gas,430.82,2025-12-12,21:54:00,IL,Mobile Wallet,Approved,False,None
1243,219,Grocery,1598.03,2025-10-13,20:52:00,NY,Mobile Wallet,Approved,False,None
1422,240,Electronics,1452.64,2026-03-16,08:00:00,TX,Mobile Wallet,Approved,False,None
1079,223,Travel,1315.7,2026-02-24,16:55:00,IL,Credit Card,Approved,False,None
1270,206,Retail,1961.86,2025-11-01,08:51:00,IL,Credit Card,Approved,False,None
1280,215,Retail,1096.04,2026-01-14,14:58:00,NY,Mobile Wallet,Approved,False,None
1300,250,Retail,1760.21,2025-12-04,22:40:00,IL,Debit Card,Approved,False,None
1404,246,Gas,1792.12,2026-04-14,22:45:00,CA,Credit Card,Approved,False,None
1212,242,Gas,782.11,2026-05-27,10:09:00,FL,Credit Card,Approved,False,None
1112,239,Travel,1673.19,2025-09-13,07:44:00,FL,Debit Card,Approved,False,None
1195,216,Retail,1728.35,2025-11-23,00:15:00,FL,Credit Card,Approved,False,None
1238,208,Restaurant,1329.57,2026-04-19,23:37:00,FL,Mobile Wallet,Approved,False,None
1344,225,Grocery,685.66,2025-09-01,19:21:00,NY,Debit Card,Approved,False,None
1480,210,Grocery,1805.41,2026-06-07,03:21:00,FL,Debit Card,Approved,True,Stolen Card
1081,233,Travel,692.46,2025-08-08,21:59:00,TX,Credit Card,Approved,False,None
1144,213,Electronics,729.79,2026-03-03,16:32:00,TX,Credit Card,Approved,False,None
1012,226,Gas,1803.73,2026-05-28,18:21:00,TX,Debit Card,Approved,False,None
1036,211,Restaurant,381.7,2025-10-03,02:32:00,IL,Credit Card,Approved,False,None
1166,212,Restaurant,1194.18,2025-09-01,11:48:00,TX,Credit Card,Approved,False,None
1148,234,Travel,770.57,2025-07-28,14:18:00,CA,Debit Card,Approved,False,None
1094,201,Travel,1185.72,2025-11-07,20:25:00,FL,Debit Card,Approved,False,None
1035,224,Grocery,1737.55,2025-11-27,07:59:00,FL,Debit Card,Approved,False,None
1085,234,Retail,1507.09,2026-03-19,12:20:00,TX,Debit Card,Approved,False,None
1302,221,Gas,327.95,2025-10-14,13:24:00,CA,Debit Card,Approved,False,None
1471,248,Travel,1040.98,2026-01-13,15:18:00,TX,Mobile Wallet,Approved,False,None
1361,218,Electronics,1255.44,2026-04-30,14:13:00,NY,Debit Card,Approved,False,None
1490,231,Restaurant,1240.0,2026-05-23,20:47:00,NY,Credit Card,Approved,False,None
1292,228,Retail,1161.19,2026-04-14,18:19:00,CA,Debit Card,Approved,False,None
1071,201,Grocery,1262.97,2025-07-13,18:40:00,NY,Mobile Wallet,Approved,False,None
1378,227,Travel,948.74,2026-06-19,13:17:00,IL,Debit Card,Approved,False,None
1444,201,Travel,241.8,2025-07-28,09:38:00,FL,Debit Card,Approved,False,None
1369,203,Gas,862.71,2026-02-25,05:16:00,CA,Mobile Wallet,Approved,False,None
1273,226,Restaurant,328.31,2026-02-11,17:04:00,FL,Debit Card,Approved,False,None
1490,250,Electronics,1163.08,2026-05-20,17:31:00,IL,Debit Card,Approved,False,None
1445,241,Electronics,946.71,2026-06-01,14:13:00,NY,Debit Card,Approved,False,None
1468,204,Restaurant,38.64,2026-03-06,05:55:00,CA,Credit Card,Approved,False,None
1468,220,Retail,205.66,2025-09-29,01:45:00,TX,Debit Card,Approved,False,None
1423,243,Electronics,1195.78,2025-12-05,13:29:00,TX,Mobile Wallet,Approved,False,None
1154,231,Electronics,1945.04,2025-12-01,08:24:00,CA,Credit Card,Approved,False,None
1119,224,Electronics,80.64,2025-12-26,20:51:00,TX,Debit Card,Approved,False,None
1093,216,Electronics,1543.61,2026-04-22,00:18:00,CA,Debit Card,Approved,False,None
1168,223,Electronics,570.8,2025-09-05,08:59:00,TX,Credit Card,Approved,False,None
1461,236,Restaurant,1707.59,2025-12-25,12:13:00,TX,Mobile Wallet,Approved,False,None
1138,223,Electronics,1580.21,2025-11-05,11:25:00,IL,Credit Card,Approved,False,None
1183,203,Retail,114.14,2026-05-25,19:46:00,CA,Debit Card,Approved,False,None
1500,202,Gas,478.34,2025-09-27,08:59:00,IL,Mobile Wallet,Approved,False,None
1323,229,Retail,1111.5,2025-09-12,17:50:00,FL,Mobile Wallet,Approved,False,None
1412,250,Travel,219.8,2026-03-19,17:35:00,TX,Credit Card,Approved,False,None
1162,225,Electronics,1861.16,2025-10-04,21:56:00,CA,Mobile Wallet,Approved,False,None
1408,219,Restaurant,474.97,2025-10-15,06:44:00,CA,Mobile Wallet,Approved,False,None
1378,227,Restaurant,715.0,2025-11-12,03:02:00,NY,Credit Card,Approved,False,None
1498,235,Restaurant,1930.66,2025-10-06,07:27:00,CA,Debit Card,Approved,False,None
1173,238,Gas,1161.26,2026-04-18,22:56:00,CA,Mobile Wallet,Approved,False,None
1412,231,Restaurant,78.23,2025-12-04,18:57:00,CA,Mobile Wallet,Approved,False,None
1074,207,Travel,1525.23,2026-05-20,19:07:00,FL,Credit Card,Approved,False,None
1208,231,Restaurant,1670.95,2026-04-18,18:11:00,CA,Mobile Wallet,Approved,False,None
1107,219,Retail,1149.98,2025-09-05,02:31:00,CA,Credit Card,Approved,False,None
1222,206,Electronics,1310.92,2025-09-19,03:50:00,FL,Mobile Wallet,Approved,False,None
1034,202,Restaurant,299.91,2025-08-21,23:42:00,NY,Credit Card,Approved,False,None
1273,232,Retail,14.84,2026-03-17,23:46:00,FL,Mobile Wallet,Approved,False,None
1232,234,Electronics,1845.75,2026-03-30,11:22:00,FL,Credit Card,Approved,False,None
1168,205,Electronics,1566.41,2026-04-03,08:39:00,CA,Debit Card,Approved,False,None
1382,207,Retail,388.17,2025-12-08,18:32:00,IL,Mobile Wallet,Approved,False,None
1351,231,Retail,1665.76,2025-10-12,20:28:00,CA,Credit Card,Approved,False,None
1414,220,Retail,952.3,2026-02-03,18:28:00,CA,Credit Card,Approved,False,None
1302,205,Electronics,1862.52,2025-10-15,21:47:00,NY,Credit Card,Approved,False,None
1099,200,Gas,528.77,2025-08-02,20:01:00,TX,Mobile Wallet,Approved,False,None
1350,245,Gas,917.21,2026-02-05,20:25:00,CA,Credit Card,Approved,False,None
1397,207,Retail,278.98,2025-09-18,19:44:00,FL,Debit Card,Approved,False,None
1239,200,Electronics,45.11,2025-12-19,13:48:00,IL,Credit Card,Approved,False,None
1290,238,Electronics,56.85,2025-10-29,12:02:00,CA,Credit Card,Approved,False,None
1493,208,Grocery,793.49,2025-10-16,15:52:00,CA,Mobile Wallet,Approved,False,None
1240,250,Retail,930.81,2025-06-28,17:21:00,FL,Credit Card,Approved,False,None
1247,250,Electronics,540.02,2026-05-16,03:27:00,CA,Debit Card,Approved,False,None
1318,243,Travel,724.59,2025-09-25,11:41:00,NY,Mobile Wallet,Approved,False,None
1050,210,Gas,412.41,2025-12-28,21:39:00,IL,Credit Card,Approved,False,None
1117,232,Travel,570.25,2026-02-06,19:30:00,NY,Debit Card,Approved,False,None
1063,226,Restaurant,1412.64,2025-11-12,23:45:00,NY,Credit Card,Approved,False,None
1236,218,Gas,681.54,2026-05-23,01:17:00,TX,Mobile Wallet,Approved,False,None
1268,201,Grocery,1523.57,2026-02-09,08:44:00,FL,Debit Card,Approved,False,None
1107,226,Restaurant,573.5,2026-03-12,21:24:00,CA,Mobile Wallet,Approved,False,None
1392,244,Gas,1812.85,2026-02-05,05:47:00,IL,Mobile Wallet,Approved,False,None
1098,237,Retail,633.85,2026-03-11,00:57:00,NY,Mobile Wallet,Approved,False,None
1227,249,Electronics,365.27,2026-04-22,04:49:00,CA,Credit Card,Approved,False,None
1481,213,Electronics,1297.77,2026-03-13,08:02:00,TX,Debit Card,Approved,False,None
1046,232,Gas,1281.55,2026-06-01,01:47:00,CA,Mobile Wallet,Approved,False,None
1348,200,Grocery,1541.11,2025-11-10,04:19:00,NY,Mobile Wallet,Approved,False,None
1314,203,Gas,1105.76,2026-01-07,07:11:00,CA,Mobile Wallet,Approved,False,None
1086,248,Retail,1913.27,2025-09-25,23:39:00,IL,Debit Card,Approved,False,None
1377,205,Restaurant,426.73,2025-12-01,05:18:00,FL,Debit Card,Approved,False,None
1262,207,Restaurant,1467.52,2025-07-06,15:42:00,TX,Mobile Wallet,Approved,False,None
1167,247,Retail,1407.22,2026-02-01,11:32:00,NY,Debit Card,Approved,False,None
1178,238,Retail,373.13,2025-12-09,08:02:00,TX,Debit Card,Approved,False,None
1190,234,Grocery,1765.44,2025-09-18,17:37:00,IL,Mobile Wallet,Approved,False,None
1312,203,Retail,1439.99,2026-06-18,15:45:00,IL,Credit Card,Approved,False,None
1146,243,Restaurant,1993.26,2026-03-01,17:52:00,IL,Debit Card,Approved,False,None
1176,201,Electronics,1129.45,2026-06-01,23:58:00,TX,Debit Card,Approved,True,Friendly Fraud
1367,234,Retail,1118.1,2025-10-04,12:08:00,CA,Credit Card,Approved,False,None
1225,248,Electronics,1565.26,2025-07-29,00:22:00,FL,Mobile Wallet,Approved,False,None
1344,240,Retail,943.63,2025-11-15,08:28:00,NY,Debit Card,Approved,False,None
1187,236,Grocery,1286.39,2026-02-08,15:21:00,CA,Mobile Wallet,Approved,False,None
1395,208,Travel,1183.41,2025-07-25,08:49:00,NY,Debit Card,Approved,False,None
1126,223,Retail,784.09,2026-03-29,14:38:00,IL,Mobile Wallet,Approved,False,None
1201,233,Grocery,790.36,2025-09-01,01:40:00,TX,Credit Card,Approved,False,None
1175,240,Gas,1417.73,2025-08-11,08:02:00,TX,Debit Card,Approved,False,None
1307,245,Retail,214.44,2026-01-09,23:46:00,IL,Mobile Wallet,Approved,True,Stolen Card
1275,210,Restaurant,1219.82,2026-02-08,04:22:00,FL,Credit Card,Approved,False,None
1500,242,Gas,1268.33,2026-02-27,08:01:00,FL,Credit Card,Approved,False,None
1298,224,Retail,1469.14,2026-05-03,03:03:00,NY,Credit Card,Approved,False,None
1060,239,Restaurant,568.45,2025-12-09,06:50:00,NY,Credit Card,Approved,False,None
1178,206,Grocery,1521.16,2026-05-04,21:28:00,TX,Debit Card,Approved,False,None
1445,235,Restaurant,451.28,2025-10-27,00:58:00,FL,Debit Card,Approved,False,None
1146,218,Electronics,1091.32,2026-02-17,16:06:00,TX,Credit Card,Approved,False,None
1254,244,Retail,1089.83,2025-07-27,14:36:00,CA,Debit Card,Approved,False,None
1349,203,Restaurant,1768.12,2026-02-12,16:02:00,NY,Mobile Wallet,Approved,False,None
1399,216,Retail,1784.87,2026-05-28,01:58:00,FL,Credit Card,Approved,False,None
1105,222,Grocery,1762.7,2026-06-15,01:10:00,CA,Mobile Wallet,Approved,False,None
1327,239,Grocery,901.73,2026-04-24,09:01:00,CA,Credit Card,Approved,False,None
1465,220,Retail,1276.69,2026-01-08,09:02:00,CA,Credit Card,Approved,False,None
1067,241,Grocery,1375.02,2025-11-27,16:59:00,FL,Credit Card,Approved,False,None
1226,226,Electronics,877.73,2026-04-26,13:05:00,CA,Mobile Wallet,Approved,False,None
1328,228,Electronics,1256.87,2025-12-23,18:09:00,CA,Debit Card,Approved,False,None
1266,200,Retail,924.24,2026-01-01,15:27:00,IL,Debit Card,Approved,False,None
1412,240,Grocery,1087.68,2025-11-24,12:27:00,TX,Mobile Wallet,Approved,False,None
1321,248,Grocery,1836.79,2026-03-06,16:02:00,IL,Mobile Wallet,Approved,False,None
1161,220,Grocery,524.38,2025-09-21,21:21:00,CA,Credit Card,Approved,False,None
1101,248,Travel,1923.61,2025-08-28,18:06:00,CA,Mobile Wallet,Approved,False,None
1035,207,Travel,11.26,2025-08-12,07:29:00,TX,Mobile Wallet,Approved,False,None
1188,202,Travel,1431.93,2026-03-05,01:54:00,FL,Credit Card,Approved,False,None
1278,213,Travel,1074.65,2025-09-28,04:53:00,FL,Credit Card,Approved,False,None
1345,217,Electronics,1799.01,2025-06-26,06:46:00,TX,Debit Card,Approved,False,None
1486,218,Restaurant,1688.2,2025-11-12,13:25:00,FL,Mobile Wallet,Approved,False,None
1311,250,Restaurant,431.66,2025-06-26,07:23:00,IL,Debit Card,Approved,False,None
1162,205,Grocery,220.07,2026-05-30,08:04:00,TX,Mobile Wallet,Approved,False,None
1024,201,Electronics,240.27,2025-07-03,07:31:00,TX,Credit Card,Approved,False,None
1124,231,Grocery,370.64,2026-03-15,18:30:00,FL,Credit Card,Approved,False,None
1482,226,Travel,453.93,2025-08-11,12:18:00,FL,Credit Card,Approved,False,None
1430,236,Grocery,846.15,2026-05-25,18:16:00,TX,Credit Card,Approved,True,Stolen Card
1426,225,Grocery,1150.59,2026-04-19,06:31:00,IL,Mobile Wallet,Approved,False,None
1389,222,Travel,873.83,2025-12-18,00:48:00,IL,Credit Card,Approved,False,None
1468,216,Restaurant,65.09,2025-11-06,09:53:00,IL,Debit Card,Approved,False,None
1273,218,Travel,443.49,2026-01-19,22:09:00,NY,Debit Card,Approved,False,None
1054,212,Gas,1696.46,2025-12-11,12:18:00,TX,Mobile Wallet,Approved,False,None
1177,209,Gas,1293.1,2025-07-09,13:24:00,TX,Debit Card,Approved,False,None
1489,228,Restaurant,1883.53,2025-12-04,02:34:00,CA,Debit Card,Approved,False,None
1294,206,Retail,507.73,2025-12-05,08:03:00,FL,Debit Card,Approved,False,None
1175,205,Restaurant,1051.16,2025-12-06,00:01:00,FL,Debit Card,Approved,False,None
1270,234,Electronics,1244.6,2026-02-03,12:21:00,NY,Mobile Wallet,Approved,False,None
1255,222,Electronics,1023.3,2025-07-28,15:49:00,TX,Credit Card,Approved,False,None
1194,244,Restaurant,765.61,2025-07-04,12:55:00,NY,Mobile Wallet,Approved,False,None
1334,209,Retail,1493.14,2025-12-31,04:15:00,FL,Mobile Wallet,Approved,True,Stolen Card
1222,204,Restaurant,65.23,2026-04-26,19:57:00,FL,Debit Card,Approved,False,None
1144,211,Electronics,1132.48,2026-05-01,03:37:00,CA,Debit Card,Approved,False,None
1456,219,Restaurant,1622.17,2026-06-08,13:31:00,CA,Mobile Wallet,Approved,False,None
1367,248,Grocery,1004.93,2026-01-15,18:45:00,NY,Credit Card,Approved,False,None
1283,205,Restaurant,1906.24,2025-11-27,02:21:00,CA,Credit Card,Approved,False,None
1133,206,Restaurant,962.97,2026-04-01,02:01:00,IL,Credit Card,Approved,False,None
1274,233,Restaurant,1553.32,2025-09-12,14:19:00,TX,Debit Card,Approved,False,None
1338,242,Electronics,748.36,2025-09-25,22:16:00,CA,Mobile Wallet,Approved,False,None
1411,204,Restaurant,1894.56,2026-05-13,00:00:00,TX,Debit Card,Approved,False,None
1034,241,Travel,1367.26,2025-12-17,04:00:00,CA,Mobile Wallet,Approved,False,None
1114,234,Travel,1139.84,2026-06-02,15:19:00,CA,Mobile Wallet,Approved,False,None
1348,246,Grocery,1303.51,2026-03-12,18:38:00,IL,Credit Card,Approved,False,None
1365,231,Retail,1701.44,2025-07-12,05:50:00,TX,Credit Card,Approved,False,None
1277,243,Grocery,1663.15,2025-09-12,04:52:00,CA,Mobile Wallet,Approved,False,None
1191,228,Restaurant,1485.15,2026-06-08,16:20:00,IL,Debit Card,Approved,False,None
1296,222,Gas,1616.72,2026-02-06,14:32:00,NY,Mobile Wallet,Approved,False,None
1239,213,Electronics,1289.92,2025-10-15,13:33:00,IL,Credit Card,Approved,False,None
1301,221,Retail,685.79,2026-02-03,04:28:00,IL,Mobile Wallet,Approved,False,None
1005,246,Electronics,1796.84,2025-10-30,02:28:00,FL,Debit Card,Approved,False,None
1370,225,Retail,1585.22,2025-08-21,07:28:00,FL,Debit Card,Approved,False,None
1199,218,Gas,204.15,2025-09-24,05:23:00,CA,Credit Card,Approved,False,None
1042,205,Electronics,1591.1,2025-12-29,03:50:00,IL,Debit Card,Approved,False,None
1210,227,Grocery,1942.76,2026-03-14,01:42:00,IL,Credit Card,Approved,False,None
1483,233,Restaurant,1802.64,2025-12-20,22:03:00,NY,Credit Card,Approved,False,None
1042,239,Retail,450.75,2026-03-23,02:15:00,TX,Mobile Wallet,Approved,False,None
1433,226,Grocery,1452.4,2026-03-26,23:15:00,TX,Credit Card,Approved,False,None
1151,240,Travel,115.68,2026-04-17,03:01:00,IL,Mobile Wallet,Approved,False,None
1351,220,Grocery,1796.1,2025-07-22,17:34:00,IL,Credit Card,Approved,False,None
1277,227,Grocery,193.53,2025-08-21,12:23:00,IL,Mobile Wallet,Approved,False,None
1219,244,Grocery,821.52,2025-10-07,15:45:00,NY,Credit Card,Approved,False,None
1225,213,Electronics,711.23,2025-12-24,11:33:00,CA,Debit Card,Approved,False,None
1499,231,Electronics,1954.82,2026-05-27,12:50:00,FL,Credit Card,Approved,False,None
1310,226,Grocery,1448.93,2026-02-03,08:05:00,FL,Credit Card,Approved,False,None
1047,222,Travel,1246.91,2025-08-07,13:43:00,IL,Credit Card,Approved,False,None
1090,233,Electronics,120.03,2026-05-18,15:14:00,CA,Credit Card,Approved,False,None
1165,249,Gas,1409.22,2025-09-18,01:09:00,FL,Mobile Wallet,Approved,True,Friendly Fraud
1052,239,Grocery,957.08,2026-04-24,01:25:00,TX,Credit Card,Approved,False,None
1395,228,Grocery,1530.24,2025-10-25,16:12:00,TX,Mobile Wallet,Approved,False,None
1437,234,Grocery,896.46,2025-12-06,10:12:00,CA,Mobile Wallet,Approved,False,None
1327,240,Gas,1950.0,2026-04-14,17:23:00,IL,Debit Card,Approved,False,None
1151,230,Restaurant,408.45,2026-03-15,16:49:00,TX,Debit Card,Approved,False,None
1091,232,Travel,1580.21,2026-03-19,06:44:00,FL,Debit Card,Approved,False,None
1379,226,Retail,800.32,2025-10-05,05:18:00,IL,Credit Card,Approved,False,None
1151,204,Retail,1738.49,2025-07-12,15:18:00,NY,Mobile Wallet,Approved,False,None
1152,246,Restaurant,1839.7,2026-04-27,04:13:00,TX,Debit Card,Approved,False,None
1493,212,Restaurant,214.72,2026-01-19,09:31:00,IL,Mobile Wallet,Approved,True,Friendly Fraud
1185,204,Electronics,623.77,2025-11-06,23:06:00,NY,Mobile Wallet,Approved,False,None
1380,245,Gas,287.96,2025-10-19,05:45:00,NY,Mobile Wallet,Approved,False,None
1471,220,Grocery,1015.18,2026-06-20,13:38:00,IL,Debit Card,Approved,False,None
1176,220,Retail,166.92,2026-06-02,09:09:00,CA,Mobile Wallet,Approved,False,None
1250,210,Gas,10.83,2025-12-11,08:20:00,NY,Debit Card,Approved,False,None
1102,218,Restaurant,1330.39,2025-08-22,06:33:00,FL,Credit Card,Approved,False,None
1235,211,Retail,1316.78,2025-10-04,01:48:00,TX,Debit Card,Approved,False,None
1142,226,Travel,122.39,2026-06-04,12:03:00,NY,Credit Card,Approved,False,None
1408,206,Retail,1858.57,2025-08-28,22:13:00,FL,Mobile Wallet,Approved,False,None
1101,244,Electronics,1285.53,2025-11-03,23:30:00,IL,Credit Card,Approved,False,None
1372,235,Grocery,1423.58,2026-02-15,09:54:00,CA,Debit Card,Approved,False,None
1323,234,Restaurant,1038.8,2026-06-11,20:58:00,NY,Mobile Wallet,Approved,False,None
1296,223,Restaurant,1423.83,2025-06-24,09:01:00,FL,Debit Card,Approved,False,None
1450,213,Grocery,1254.61,2026-04-12,21:19:00,IL,Debit Card,Approved,False,None
1470,219,Electronics,284.14,2025-10-08,14:40:00,NY,Mobile Wallet,Approved,False,None
1319,240,Travel,1472.87,2026-03-04,19:32:00,CA,Credit Card,Approved,False,None
1222,238,Gas,536.91,2026-05-10,03:56:00,CA,Mobile Wallet,Approved,False,None
1033,209,Travel,1528.78,2025-10-04,00:51:00,IL,Credit Card,Approved,False,None
1307,201,Electronics,1560.26,2025-09-13,14:52:00,IL,Credit Card,Approved,False,None
1279,233,Electronics,406.28,2026-01-25,20:12:00,TX,Credit Card,Approved,False,None
1013,211,Retail,608.12,2025-07-27,21:07:00,FL,Credit Card,Approved,False,None
1051,241,Gas,1692.59,2026-05-28,16:05:00,FL,Mobile Wallet,Approved,False,None
1030,242,Travel,28.72,2026-06-24,18:41:00,TX,Credit Card,Approved,False,None
1077,237,Travel,1699.25,2025-08-24,00:50:00,NY,Credit Card,Approved,False,None
1469,229,Gas,505.35,2026-01-20,10:12:00,IL,Mobile Wallet,Approved,False,None
1004,218,Grocery,1962.07,2025-10-20,22:38:00,TX,Credit Card,Approved,False,None
1368,225,Retail,928.94,2025-10-18,08:16:00,FL,Debit Card,Approved,False,None
1140,206,Retail,778.79,2026-01-01,17:21:00,IL,Mobile Wallet,Approved,False,None
1339,208,Gas,1949.07,2025-10-09,00:52:00,IL,Credit Card,Approved,True,Account Takeover
1287,231,Grocery,1152.4,2026-05-26,17:03:00,CA,Credit Card,Approved,False,None
1219,202,Restaurant,1576.23,2026-01-06,05:20:00,FL,Debit Card,Approved,False,None
1060,208,Restaurant,1820.74,2026-02-10,14:43:00,NY,Credit Card,Approved,False,None
1293,222,Retail,938.62,2026-01-10,20:24:00,FL,Debit Card,Approved,False,None
1479,238,Electronics,569.85,2026-01-03,01:49:00,IL,Mobile Wallet,Approved,False,None
1010,244,Gas,1836.94,2026-06-10,09:18:00,FL,Credit Card,Approved,False,None
1423,212,Electronics,338.64,2025-09-15,05:15:00,IL,Credit Card,Approved,False,None
1361,218,Travel,1093.06,2025-10-09,21:36:00,CA,Debit Card,Approved,False,None
1383,205,Restaurant,1283.34,2026-05-27,08:08:00,CA,Debit Card,Approved,False,None
1202,223,Travel,1257.59,2025-11-29,11:13:00,NY,Credit Card,Approved,False,None
1109,250,Retail,1204.64,2026-04-02,10:53:00,IL,Mobile Wallet,Approved,False,None
1221,225,Retail,330.92,2026-04-22,19:42:00,CA,Credit Card,Approved,False,None
1382,249,Gas,1853.79,2026-06-18,00:39:00,CA,Credit Card,Approved,False,None
1027,223,Electronics,266.32,2025-06-26,23:48:00,TX,Mobile Wallet,Approved,False,None
1326,205,Electronics,643.39,2025-10-10,08:47:00,CA,Credit Card,Approved,False,None
1428,239,Gas,188.44,2025-07-18,06:12:00,FL,Debit Card,Approved,False,None
1083,224,Retail,685.25,2026-06-21,01:33:00,CA,Debit Card,Approved,True,Stolen Card
1015,221,Electronics,1498.21,2026-05-19,10:24:00,CA,Debit Card,Approved,False,None
1378,215,Gas,841.36,2025-07-05,14:49:00,IL,Mobile Wallet,Approved,False,None
1233,222,Gas,1012.23,2026-01-06,05:37:00,FL,Credit Card,Approved,False,None
1482,225,Restaurant,1525.49,2026-01-09,06:37:00,FL,Debit Card,Approved,False,None
1321,221,Retail,1058.3,2026-05-31,06:25:00,CA,Mobile Wallet,Approved,False,None
1475,215,Retail,847.34,2025-08-22,19:47:00,FL,Mobile Wallet,Approved,False,None
1298,234,Gas,452.87,2026-05-15,11:54:00,NY,Mobile Wallet,Approved,False,None
1360,200,Restaurant,1817.53,2025-10-23,07:02:00,CA,Mobile Wallet,Approved,False,None
1287,222,Restaurant,1978.46,2026-03-02,14:55:00,TX,Credit Card,Approved,False,None
1479,235,Restaurant,1509.55,2026-06-24,18:44:00,FL,Credit Card,Approved,False,None
1151,245,Grocery,1022.36,2026-06-05,18:43:00,IL,Mobile Wallet,Approved,False,None
1002,220,Grocery,1044.34,2026-01-07,03:39:00,NY,Credit Card,Approved,False,None
1198,241,Travel,256.43,2025-10-30,21:27:00,IL,Mobile Wallet,Approved,False,None
1351,234,Electronics,959.14,2025-12-10,17:10:00,IL,Mobile Wallet,Approved,False,None
1284,249,Grocery,1650.98,2026-01-19,19:56:00,NY,Credit Card,Approved,False,None
1314,224,Travel,632.22,2025-10-28,18:01:00,CA,Debit Card,Approved,False,None
1280,245,Electronics,809.61,2025-12-26,10:35:00,CA,Mobile Wallet,Approved,False,None
1477,208,Gas,846.51,2025-10-15,06:43:00,TX,Mobile Wallet,Approved,False,None
1324,208,Retail,1046.85,2026-01-16,02:30:00,CA,Mobile Wallet,Approved,False,None
1181,206,Travel,1913.09,2026-05-22,04:48:00,CA,Debit Card,Approved,False,None
1334,215,Travel,1113.89,2026-05-14,12:13:00,TX,Debit Card,Approved,False,None
1139,246,Retail,826.75,2026-04-28,18:26:00,CA,Debit Card,Approved,False,None
1267,248,Restaurant,1870.74,2026-03-20,00:33:00,IL,Credit Card,Approved,False,None
1086,231,Grocery,1667.33,2026-03-19,07:30:00,NY,Debit Card,Approved,False,None
1358,208,Retail,1159.21,2026-02-23,03:06:00,IL,Debit Card,Approved,False,None
1206,217,Travel,449.4,2026-02-03,23:52:00,NY,Credit Card,Approved,False,None
1369,213,Electronics,881.86,2026-04-14,16:25:00,IL,Credit Card,Approved,False,None
1253,224,Gas,295.6,2025-12-02,02:43:00,TX,Debit Card,Approved,False,None
1120,228,Travel,1599.62,2025-10-29,10:21:00,FL,Mobile Wallet,Approved,True,Stolen Card
1380,244,Retail,251.56,2026-02-07,09:41:00,CA,Credit Card,Approved,False,None
1149,250,Gas,586.06,2025-08-27,12:23:00,FL,Credit Card,Approved,False,None
1493,244,Restaurant,1463.06,2025-10-06,02:35:00,TX,Mobile Wallet,Approved,True,Stolen Card
1491,201,Travel,717.57,2026-03-18,12:39:00,TX,Mobile Wallet,Approved,False,None
1067,248,Grocery,1812.19,2026-02-27,21:35:00,NY,Credit Card,Approved,False,None
1324,241,Gas,1627.38,2025-10-25,20:07:00,FL,Credit Card,Approved,False,None
1460,225,Travel,1076.0,2025-11-28,13:09:00,TX,Debit Card,Approved,False,None
1273,225,Electronics,1385.62,2025-06-27,11:53:00,NY,Credit Card,Approved,False,None
1371,206,Grocery,765.77,2026-03-13,05:13:00,FL,Mobile Wallet,Approved,False,None
1382,232,Electronics,1359.05,2025-11-09,00:51:00,FL,Credit Card,Approved,False,None
1261,223,Restaurant,1234.11,2026-05-18,10:50:00,CA,Debit Card,Approved,False,None
1042,200,Restaurant,877.8,2026-01-30,06:22:00,FL,Mobile Wallet,Approved,False,None
1259,204,Grocery,1411.54,2025-11-25,21:58:00,IL,Credit Card,Approved,False,None
1030,216,Grocery,928.61,2025-12-14,00:16:00,NY,Credit Card,Approved,False,None
1064,246,Electronics,1199.48,2025-10-08,08:01:00,TX,Mobile Wallet,Approved,False,None
1398,221,Travel,1420.08,2025-07-30,16:58:00,IL,Credit Card,Approved,False,None
1002,238,Electronics,372.05,2026-01-11,18:13:00,CA,Credit Card,Approved,False,None
1074,241,Retail,873.7,2026-01-11,05:48:00,CA,Credit Card,Approved,False,None
1137,211,Travel,887.72,2026-02-21,16:03:00,FL,Mobile Wallet,Approved,False,None
1402,204,Travel,1436.59,2025-10-04,07:00:00,NY,Mobile Wallet,Approved,False,None
1072,224,Grocery,1026.17,2026-01-29,05:38:00,NY,Debit Card,Approved,False,None
1358,250,Restaurant,1343.28,2025-10-24,06:30:00,FL,Mobile Wallet,Approved,False,None
1441,211,Retail,439.85,2026-06-12,17:54:00,CA,Mobile Wallet,Approved,False,None
1413,247,Retail,643.9,2025-11-28,18:16:00,NY,Mobile Wallet,Approved,False,None
1020,244,Grocery,1396.35,2025-07-02,18:18:00,CA,Debit Card,Approved,True,Stolen Card
1160,210,Gas,1944.28,2025-08-27,14:45:00,CA,Credit Card,Approved,False,None
1023,250,Travel,237.8,2026-04-08,09:42:00,NY,Credit Card,Approved,False,None
1463,221,Retail,1863.64,2025-08-13,02:13:00,CA,Mobile Wallet,Approved,False,None
1173,211,Grocery,1646.51,2026-04-18,14:31:00,NY,Credit Card,Approved,False,None
1012,232,Grocery,430.35,2025-08-01,01:26:00,CA,Debit Card,Approved,False,None
1258,213,Retail,182.74,2025-12-02,20:34:00,FL,Credit Card,Approved,False,None
1400,248,Electronics,1380.08,2026-06-16,11:28:00,TX,Debit Card,Approved,False,None
1079,235,Restaurant,1444.31,2025-08-31,20:00:00,NY,Credit Card,Approved,True,Stolen Card
1202,211,Restaurant,1842.94,2026-05-20,20:48:00,CA,Debit Card,Approved,False,None
1440,233,Retail,400.43,2026-01-01,11:10:00,CA,Credit Card,Approved,False,None
1146,247,Electronics,786.5,2025-07-11,19:42:00,IL,Debit Card,Approved,False,None
1039,224,Electronics,1077.41,2025-12-09,21:50:00,CA,Mobile Wallet,Approved,False,None
1453,247,Travel,1779.08,2026-06-24,01:26:00,FL,Credit Card,Approved,False,None
1079,210,Restaurant,1079.74,2026-05-15,23:53:00,NY,Credit Card,Approved,False,None
1310,224,Retail,1568.22,2026-06-09,17:42:00,CA,Mobile Wallet,Approved,False,None
1024,215,Electronics,194.88,2025-12-12,14:38:00,IL,Debit Card,Approved,False,None
1227,222,Gas,1864.12,2026-02-04,02:52:00,IL,Debit Card,Approved,False,None
1316,206,Gas,1648.87,2025-10-13,06:11:00,FL,Mobile Wallet,Approved,False,None
1046,208,Travel,1070.18,2025-09-06,15:45:00,NY,Credit Card,Approved,False,None
1385,243,Retail,980.84,2025-10-30,21:09:00,IL,Debit Card,Approved,False,None
1064,229,Restaurant,1557.41,2025-12-04,12:10:00,TX,Mobile Wallet,Approved,False,None
1488,250,Travel,1524.72,2026-01-14,18:52:00,CA,Credit Card,Approved,False,None
1422,241,Restaurant,767.74,2026-04-17,19:37:00,FL,Credit Card,Approved,False,None
1036,203,Restaurant,1959.83,2026-05-18,11:18:00,CA,Mobile Wallet,Approved,False,None
1030,224,Gas,1708.8,2025-11-04,07:54:00,NY,Credit Card,Approved,False,None
1408,229,Travel,1467.96,2026-02-28,02:23:00,IL,Credit Card,Approved,False,None
1339,221,Travel,1971.89,2025-06-27,19:58:00,NY,Debit Card,Approved,False,None
1110,202,Grocery,1321.55,2026-03-06,19:24:00,IL,Credit Card,Approved,False,None
1010,250,Travel,1883.0,2025-08-11,04:06:00,IL,Debit Card,Approved,False,None
1405,210,Retail,339.3,2025-10-22,09:44:00,CA,Credit Card,Approved,False,None
1027,220,Restaurant,169.27,2025-08-11,09:06:00,NY,Debit Card,Approved,False,None
1169,204,Retail,232.36,2025-11-01,11:50:00,IL,Credit Card,Approved,True,Friendly Fraud
1425,204,Electronics,1136.4,2025-07-11,07:42:00,FL,Mobile Wallet,Approved,False,None
1419,216,Travel,148.91,2026-01-22,05:08:00,NY,Mobile Wallet,Approved,False,None
1336,244,Gas,1099.84,2026-02-22,02:22:00,FL,Credit Card,Approved,False,None
1437,244,Grocery,220.02,2025-11-04,10:29:00,FL,Credit Card,Approved,False,None
1492,201,Restaurant,1182.66,2025-12-23,22:54:00,CA,Credit Card,Approved,False,None
1421,241,Restaurant,1293.63,2025-07-10,00:47:00,TX,Credit Card,Approved,False,None
1221,240,Retail,1090.15,2026-02-07,13:34:00,CA,Debit Card,Approved,False,None
1165,215,Gas,1800.05,2026-05-03,00:42:00,NY,Credit Card,Approved,False,None
1496,239,Retail,131.18,2026-01-09,04:49:00,CA,Debit Card,Approved,True,Stolen Card
1000,227,Electronics,860.55,2026-01-28,19:16:00,TX,Credit Card,Approved,True,Friendly Fraud
1221,226,Gas,954.05,2025-08-31,05:59:00,TX,Credit Card,Approved,False,None
1097,234,Grocery,709.86,2025-10-03,17:08:00,TX,Debit Card,Approved,False,None
1093,246,Electronics,464.74,2026-03-06,21:55:00,IL,Mobile Wallet,Approved,True,Stolen Card
1362,204,Retail,488.91,2026-01-22,08:13:00,FL,Mobile Wallet,Approved,False,None
1431,225,Retail,1904.04,2025-07-04,19:05:00,IL,Debit Card,Approved,False,None
1161,213,Travel,715.02,2026-04-14,05:22:00,CA,Debit Card,Approved,False,None
1229,204,Electronics,474.79,2026-01-04,01:22:00,IL,Mobile Wallet,Approved,False,None
1396,247,Grocery,884.69,2025-08-05,13:20:00,IL,Credit Card,Approved,False,None
1204,228,Retail,1708.08,2026-03-10,01:57:00,FL,Debit Card,Approved,False,None
1105,208,Retail,1674.3,2025-11-19,08:13:00,NY,Mobile Wallet,Approved,False,None
1007,233,Travel,1777.88,2025-12-15,12:04:00,CA,Credit Card,Approved,False,None
1037,218,Electronics,1764.78,2025-08-03,23:15:00,CA,Debit Card,Approved,False,None
1205,218,Travel,862.32,2026-01-12,15:08:00,FL,Mobile Wallet,Approved,True,Account Takeover
1475,214,Restaurant,55.72,2026-03-13,09:55:00,CA,Credit Card,Approved,False,None
1385,216,Travel,805.95,2026-03-15,01:16:00,TX,Credit Card,Approved,False,None
1398,245,Electronics,710.22,2026-03-25,22:26:00,TX,Mobile Wallet,Approved,False,None
1290,220,Grocery,1903.61,2026-04-30,04:26:00,CA,Mobile Wallet,Approved,False,None
1142,226,Retail,579.75,2025-11-15,12:12:00,FL,Credit Card,Approved,False,None
1097,217,Grocery,1859.87,2025-10-15,11:29:00,TX,Mobile Wallet,Approved,False,None
1343,230,Gas,1169.59,2026-02-14,04:19:00,TX,Credit Card,Approved,False,None
1055,201,Electronics,177.46,2026-01-18,07:04:00,IL,Mobile Wallet,Approved,False,None
1489,242,Gas,478.0,2025-09-10,19:47:00,IL,Mobile Wallet,Approved,False,None
1356,229,Gas,1477.77,2026-04-01,05:01:00,IL,Debit Card,Approved,False,None
1134,223,Travel,1409.88,2026-06-05,16:30:00,TX,Debit Card,Approved,False,None
1486,224,Grocery,1865.61,2026-01-22,01:59:00,CA,Credit Card,Approved,False,None
1336,241,Gas,486.1,2026-03-05,15:57:00,TX,Mobile Wallet,Approved,False,None
1123,233,Grocery,1441.89,2025-12-25,01:54:00,NY,Credit Card,Approved,False,None
1241,239,Retail,344.71,2026-06-23,20:04:00,CA,Debit Card,Approved,False,None
1317,212,Electronics,1542.59,2026-02-26,09:53:00,TX,Mobile Wallet,Approved,False,None
1230,234,Gas,168.51,2025-12-04,11:30:00,IL,Mobile Wallet,Approved,False,None
1113,241,Gas,1486.93,2025-10-29,08:05:00,NY,Credit Card,Approved,False,None
1216,237,Travel,1098.93,2025-09-01,00:40:00,NY,Mobile Wallet,Approved,False,None
1463,214,Retail,683.77,2025-07-03,13:46:00,IL,Credit Card,Approved,False,None
1038,216,Restaurant,616.16,2025-09-19,18:14:00,TX,Credit Card,Approved,False,None
1325,222,Travel,158.9,2026-05-19,10:40:00,IL,Debit Card,Approved,False,None
1147,221,Retail,1478.42,2025-09-11,19:15:00,IL,Credit Card,Approved,False,None
1153,207,Retail,135.77,2025-12-10,08:45:00,CA,Mobile Wallet,Approved,False,None
1497,234,Travel,589.96,2025-08-30,07:04:00,TX,Credit Card,Approved,False,None
1469,238,Gas,1894.65,2025-12-09,16:44:00,IL,Credit Card,Approved,False,None
1396,235,Grocery,1548.28,2026-02-03,01:17:00,FL,Credit Card,Approved,False,None
1176,220,Gas,858.62,2025-07-06,05:38:00,NY,Mobile Wallet,Approved,False,None
1014,226,Restaurant,646.64,2025-09-10,10:36:00,CA,Debit Card,Approved,False,None
1018,215,Grocery,590.84,2025-11-26,05:16:00,FL,Credit Card,Approved,False,None
1103,222,Restaurant,1695.44,2025-11-16,04:15:00,TX,Credit Card,Approved,False,None
1071,239,Gas,53.25,2026-02-01,19:48:00,CA,Mobile Wallet,Approved,False,None
1314,249,Retail,122.21,2026-01-06,19:31:00,TX,Debit Card,Approved,False,None
1316,245,Restaurant,615.6,2025-12-08,13:25:00,NY,Mobile Wallet,Approved,False,None
1410,208,Grocery,1042.98,2025-09-27,11:39:00,TX,Debit Card,Approved,False,None
1311,231,Restaurant,1469.42,2025-07-23,17:58:00,IL,Debit Card,Approved,False,None
1144,211,Retail,222.28,2026-04-17,09:49:00,IL,Debit Card,Approved,False,None
1402,204,Grocery,1723.26,2026-04-06,19:56:00,IL,Mobile Wallet,Approved,False,None
1431,212,Retail,476.54,2026-05-05,02:27:00,TX,Mobile Wallet,Approved,False,None
1061,216,Grocery,1031.8,2025-08-27,07:19:00,CA,Credit Card,Approved,False,None
1045,247,Grocery,70.76,2025-10-17,05:42:00,CA,Credit Card,Approved,False,None
1057,229,Grocery,1731.55,2026-02-28,13:02:00,TX,Credit Card,Approved,False,None
1131,240,Travel,1063.73,2026-01-28,17:17:00,CA,Mobile Wallet,Approved,False,None
1168,225,Restaurant,1369.73,2025-11-23,01:05:00,FL,Mobile Wallet,Approved,False,None
1372,234,Retail,1937.73,2026-02-20,14:15:00,CA,Credit Card,Approved,False,None
1076,223,Grocery,1724.64,2026-02-28,23:59:00,IL,Credit Card,Approved,False,None
1001,231,Retail,1703.28,2025-07-21,02:53:00,IL,Mobile Wallet,Approved,False,None
1016,250,Restaurant,791.32,2025-08-09,07:10:00,CA,Mobile Wallet,Approved,False,None
1052,243,Grocery,921.97,2025-09-24,09:07:00,FL,Credit Card,Approved,False,None
1043,216,Retail,1627.34,2026-04-10,05:29:00,TX,Debit Card,Approved,False,None
1412,228,Gas,960.92,2025-07-22,03:23:00,NY,Debit Card,Approved,False,None
1380,221,Electronics,298.54,2026-03-06,18:23:00,FL,Debit Card,Approved,False,None
1002,240,Travel,1744.36,2026-03-16,21:36:00,TX,Mobile Wallet,Approved,False,None
1448,229,Grocery,1685.4,2025-12-23,06:29:00,IL,Mobile Wallet,Approved,True,Friendly Fraud
1372,246,Travel,1838.99,2026-06-17,23:26:00,FL,Debit Card,Approved,False,None
1336,246,Restaurant,1967.89,2025-06-27,06:38:00,NY,Debit Card,Approved,False,None
1419,224,Restaurant,524.99,2025-07-08,13:14:00,CA,Debit Card,Approved,False,None
1302,201,Grocery,1079.55,2025-09-10,15:17:00,NY,Debit Card,Approved,False,None
1224,234,Retail,670.79,2025-11-09,06:00:00,NY,Credit Card,Approved,False,None
1381,242,Gas,34.9,2026-03-02,08:47:00,FL,Mobile Wallet,Approved,False,None
1233,222,Travel,1021.96,2025-10-10,15:57:00,IL,Credit Card,Approved,True,Friendly Fraud
1430,224,Electronics,116.39,2025-11-27,08:41:00,NY,Mobile Wallet,Approved,False,None
1067,210,Retail,1022.17,2026-03-09,07:26:00,CA,Credit Card,Approved,False,None
1399,201,Grocery,1277.54,2026-03-11,20:01:00,IL,Debit Card,Approved,False,None
1275,239,Retail,842.32,2025-11-17,01:37:00,IL,Mobile Wallet,Approved,False,None
1408,208,Restaurant,1995.66,2025-12-15,15:26:00,NY,Mobile Wallet,Approved,False,None
1135,236,Retail,1542.28,2026-01-18,14:50:00,IL,Debit Card,Approved,False,None
1324,227,Travel,1482.17,2025-08-28,07:49:00,FL,Debit Card,Approved,False,None
1086,242,Travel,1624.25,2025-10-24,22:21:00,CA,Mobile Wallet,Approved,False,None
1230,208,Electronics,1999.43,2025-06-29,22:11:00,IL,Mobile Wallet,Approved,False,None
